<?xml version="1.0"?>
<gpx xmlns="http://www.topografix.com/GPX/1/1" xmlns:xsi="http://www.w3.org/2001/XMLSchema-instance" version="1.1" creator="AllTrails.com" xsi:schemaLocation="http://www.topografix.com/GPX/1/1 http://www.topografix.com/GPX/1/1/gpx.xsd">
  <metadata>
    <name><![CDATA[Washakie Pass Loop to Cirque of the Towers]]></name>
    <desc><![CDATA[]]></desc>
    <link href="http://www.alltrails.com">
      <text>AllTrails, LLC</text>
    </link>
    <bounds minlat="42.68835" minlon="-109.29825" maxlat="42.84106" maxlon="-109.17113"/>
  </metadata>
  <wpt lat="42.77148" lon="-109.29385">
    <name><![CDATA[Marms Lake campsite]]></name>
    <desc><![CDATA[]]></desc>
  </wpt>
  <wpt lat="42.81177" lon="-109.29302">
    <name><![CDATA[Skull Lake Camp]]></name>
    <desc><![CDATA[]]></desc>
  </wpt>
  <wpt lat="42.83346" lon="-109.18968">
    <name><![CDATA[Little Valentine Lake Camp]]></name>
    <desc><![CDATA[]]></desc>
  </wpt>
  <wpt lat="42.77783" lon="-109.21123">
    <name><![CDATA[Lonesome Lake Camp]]></name>
    <desc><![CDATA[]]></desc>
  </wpt>
  <trk>
    <name><![CDATA[Washakie Pass Loop to Cirque of the Towers]]></name>
    <src>AllTrails</src>
    <trkseg>
      <trkpt lat="42.68835" lon="-109.27076">
        <ele>2770.83</ele>
      </trkpt>
      <trkpt lat="42.68844" lon="-109.27064">
        <ele>2772.15</ele>
      </trkpt>
      <trkpt lat="42.68852" lon="-109.27054">
        <ele>2773.01</ele>
      </trkpt>
      <trkpt lat="42.68852" lon="-109.27054">
        <ele>2773.01</ele>
      </trkpt>
      <trkpt lat="42.68857" lon="-109.27052">
        <ele>2773.34</ele>
      </trkpt>
      <trkpt lat="42.68862" lon="-109.27051">
        <ele>2773.65</ele>
      </trkpt>
      <trkpt lat="42.68867" lon="-109.27052">
        <ele>2774.5</ele>
      </trkpt>
      <trkpt lat="42.68872" lon="-109.27052">
        <ele>2775.18</ele>
      </trkpt>
      <trkpt lat="42.68877" lon="-109.27053">
        <ele>2775.72</ele>
      </trkpt>
      <trkpt lat="42.68882" lon="-109.27052">
        <ele>2776.51</ele>
      </trkpt>
      <trkpt lat="42.68886" lon="-109.27051">
        <ele>2777.38</ele>
      </trkpt>
      <trkpt lat="42.68889" lon="-109.27051">
        <ele>2778.02</ele>
      </trkpt>
      <trkpt lat="42.68902" lon="-109.27043">
        <ele>2780.42</ele>
      </trkpt>
      <trkpt lat="42.68907" lon="-109.27041">
        <ele>2780.96</ele>
      </trkpt>
      <trkpt lat="42.68911" lon="-109.27037">
        <ele>2780.99</ele>
      </trkpt>
      <trkpt lat="42.68915" lon="-109.27034">
        <ele>2780.4</ele>
      </trkpt>
      <trkpt lat="42.68919" lon="-109.2703">
        <ele>2779.23</ele>
      </trkpt>
      <trkpt lat="42.68923" lon="-109.27027">
        <ele>2778.01</ele>
      </trkpt>
      <trkpt lat="42.68926" lon="-109.27024">
        <ele>2776.34</ele>
      </trkpt>
      <trkpt lat="42.68935" lon="-109.27018">
        <ele>2771.93</ele>
      </trkpt>
      <trkpt lat="42.68939" lon="-109.27016">
        <ele>2771.46</ele>
      </trkpt>
      <trkpt lat="42.68944" lon="-109.27015">
        <ele>2771.24</ele>
      </trkpt>
      <trkpt lat="42.68949" lon="-109.27014">
        <ele>2771.28</ele>
      </trkpt>
      <trkpt lat="42.68954" lon="-109.27013">
        <ele>2771.26</ele>
      </trkpt>
      <trkpt lat="42.68958" lon="-109.2701">
        <ele>2771.13</ele>
      </trkpt>
      <trkpt lat="42.68963" lon="-109.27008">
        <ele>2771.74</ele>
      </trkpt>
      <trkpt lat="42.68963" lon="-109.27008">
        <ele>2771.74</ele>
      </trkpt>
      <trkpt lat="42.68973" lon="-109.27001">
        <ele>2771.41</ele>
      </trkpt>
      <trkpt lat="42.68977" lon="-109.26998">
        <ele>2771.08</ele>
      </trkpt>
      <trkpt lat="42.68982" lon="-109.26996">
        <ele>2771.22</ele>
      </trkpt>
      <trkpt lat="42.68983" lon="-109.26995">
        <ele>2771.16</ele>
      </trkpt>
      <trkpt lat="42.68999" lon="-109.26985">
        <ele>2770.99</ele>
      </trkpt>
      <trkpt lat="42.69003" lon="-109.26983">
        <ele>2771.09</ele>
      </trkpt>
      <trkpt lat="42.69008" lon="-109.26982">
        <ele>2771.85</ele>
      </trkpt>
      <trkpt lat="42.69012" lon="-109.26981">
        <ele>2772.18</ele>
      </trkpt>
      <trkpt lat="42.69025" lon="-109.2698">
        <ele>2773.33</ele>
      </trkpt>
      <trkpt lat="42.6903" lon="-109.26979">
        <ele>2773.88</ele>
      </trkpt>
      <trkpt lat="42.69035" lon="-109.26978">
        <ele>2774.51</ele>
      </trkpt>
      <trkpt lat="42.6904" lon="-109.26978">
        <ele>2775.19</ele>
      </trkpt>
      <trkpt lat="42.69043" lon="-109.26978">
        <ele>2775.52</ele>
      </trkpt>
      <trkpt lat="42.69055" lon="-109.26977">
        <ele>2776.0</ele>
      </trkpt>
      <trkpt lat="42.6906" lon="-109.26976">
        <ele>2776.1</ele>
      </trkpt>
      <trkpt lat="42.69064" lon="-109.26973">
        <ele>2776.0</ele>
      </trkpt>
      <trkpt lat="42.69069" lon="-109.26971">
        <ele>2776.32</ele>
      </trkpt>
      <trkpt lat="42.69074" lon="-109.2697">
        <ele>2776.75</ele>
      </trkpt>
      <trkpt lat="42.69075" lon="-109.26969">
        <ele>2776.69</ele>
      </trkpt>
      <trkpt lat="42.69093" lon="-109.26966">
        <ele>2777.37</ele>
      </trkpt>
      <trkpt lat="42.69097" lon="-109.26965">
        <ele>2777.7</ele>
      </trkpt>
      <trkpt lat="42.69102" lon="-109.26964">
        <ele>2778.11</ele>
      </trkpt>
      <trkpt lat="42.69107" lon="-109.26962">
        <ele>2777.9</ele>
      </trkpt>
      <trkpt lat="42.69111" lon="-109.2696">
        <ele>2777.68</ele>
      </trkpt>
      <trkpt lat="42.69112" lon="-109.2696">
        <ele>2777.71</ele>
      </trkpt>
      <trkpt lat="42.69124" lon="-109.26953">
        <ele>2777.92</ele>
      </trkpt>
      <trkpt lat="42.69129" lon="-109.2695">
        <ele>2777.6</ele>
      </trkpt>
      <trkpt lat="42.69134" lon="-109.26948">
        <ele>2777.2</ele>
      </trkpt>
      <trkpt lat="42.69138" lon="-109.26946">
        <ele>2777.02</ele>
      </trkpt>
      <trkpt lat="42.69142" lon="-109.26944">
        <ele>2777.0</ele>
      </trkpt>
      <trkpt lat="42.69148" lon="-109.2694">
        <ele>2777.0</ele>
      </trkpt>
      <trkpt lat="42.69152" lon="-109.26937">
        <ele>2777.0</ele>
      </trkpt>
      <trkpt lat="42.69157" lon="-109.26934">
        <ele>2777.0</ele>
      </trkpt>
      <trkpt lat="42.69161" lon="-109.26932">
        <ele>2777.0</ele>
      </trkpt>
      <trkpt lat="42.69166" lon="-109.26931">
        <ele>2777.0</ele>
      </trkpt>
      <trkpt lat="42.6917" lon="-109.2693">
        <ele>2777.0</ele>
      </trkpt>
      <trkpt lat="42.69175" lon="-109.26926">
        <ele>2777.0</ele>
      </trkpt>
      <trkpt lat="42.69179" lon="-109.26922">
        <ele>2776.58</ele>
      </trkpt>
      <trkpt lat="42.69183" lon="-109.26918">
        <ele>2776.14</ele>
      </trkpt>
      <trkpt lat="42.69186" lon="-109.26914">
        <ele>2776.09</ele>
      </trkpt>
      <trkpt lat="42.6919" lon="-109.2691">
        <ele>2776.52</ele>
      </trkpt>
      <trkpt lat="42.69194" lon="-109.26908">
        <ele>2776.95</ele>
      </trkpt>
      <trkpt lat="42.69195" lon="-109.26908">
        <ele>2777.0</ele>
      </trkpt>
      <trkpt lat="42.692" lon="-109.26903">
        <ele>2777.0</ele>
      </trkpt>
      <trkpt lat="42.69203" lon="-109.26901">
        <ele>2777.0</ele>
      </trkpt>
      <trkpt lat="42.69208" lon="-109.269">
        <ele>2777.0</ele>
      </trkpt>
      <trkpt lat="42.69222" lon="-109.2689">
        <ele>2777.0</ele>
      </trkpt>
      <trkpt lat="42.69269" lon="-109.2686">
        <ele>2777.0</ele>
      </trkpt>
      <trkpt lat="42.69331" lon="-109.26831">
        <ele>2777.0</ele>
      </trkpt>
      <trkpt lat="42.69364" lon="-109.26819">
        <ele>2777.14</ele>
      </trkpt>
      <trkpt lat="42.69379" lon="-109.26818">
        <ele>2777.96</ele>
      </trkpt>
      <trkpt lat="42.69398" lon="-109.26808">
        <ele>2778.0</ele>
      </trkpt>
      <trkpt lat="42.69428" lon="-109.26793">
        <ele>2778.0</ele>
      </trkpt>
      <trkpt lat="42.6943" lon="-109.26791">
        <ele>2778.0</ele>
      </trkpt>
      <trkpt lat="42.69447" lon="-109.26778">
        <ele>2778.0</ele>
      </trkpt>
      <trkpt lat="42.69456" lon="-109.26768">
        <ele>2777.0</ele>
      </trkpt>
      <trkpt lat="42.69487" lon="-109.26744">
        <ele>2777.0</ele>
      </trkpt>
      <trkpt lat="42.69506" lon="-109.26724">
        <ele>2777.0</ele>
      </trkpt>
      <trkpt lat="42.69523" lon="-109.26711">
        <ele>2777.0</ele>
      </trkpt>
      <trkpt lat="42.6953" lon="-109.26698">
        <ele>2777.0</ele>
      </trkpt>
      <trkpt lat="42.6955" lon="-109.26683">
        <ele>2777.0</ele>
      </trkpt>
      <trkpt lat="42.69558" lon="-109.26669">
        <ele>2777.0</ele>
      </trkpt>
      <trkpt lat="42.69559" lon="-109.26667">
        <ele>2777.0</ele>
      </trkpt>
      <trkpt lat="42.69574" lon="-109.26661">
        <ele>2777.0</ele>
      </trkpt>
      <trkpt lat="42.69581" lon="-109.26658">
        <ele>2777.05</ele>
      </trkpt>
      <trkpt lat="42.69601" lon="-109.26651">
        <ele>2778.22</ele>
      </trkpt>
      <trkpt lat="42.69614" lon="-109.26647">
        <ele>2779.23</ele>
      </trkpt>
      <trkpt lat="42.69644" lon="-109.26642">
        <ele>2782.89</ele>
      </trkpt>
      <trkpt lat="42.6966" lon="-109.26643">
        <ele>2783.72</ele>
      </trkpt>
      <trkpt lat="42.69665" lon="-109.26645">
        <ele>2784.48</ele>
      </trkpt>
      <trkpt lat="42.6967" lon="-109.26648">
        <ele>2784.98</ele>
      </trkpt>
      <trkpt lat="42.69674" lon="-109.26652">
        <ele>2785.42</ele>
      </trkpt>
      <trkpt lat="42.69678" lon="-109.26655">
        <ele>2785.74</ele>
      </trkpt>
      <trkpt lat="42.69682" lon="-109.26656">
        <ele>2785.85</ele>
      </trkpt>
      <trkpt lat="42.69686" lon="-109.26659">
        <ele>2786.26</ele>
      </trkpt>
      <trkpt lat="42.69691" lon="-109.26661">
        <ele>2787.02</ele>
      </trkpt>
      <trkpt lat="42.69692" lon="-109.26662">
        <ele>2787.23</ele>
      </trkpt>
      <trkpt lat="42.697" lon="-109.26669">
        <ele>2788.25</ele>
      </trkpt>
      <trkpt lat="42.69705" lon="-109.2667">
        <ele>2788.5</ele>
      </trkpt>
      <trkpt lat="42.69709" lon="-109.2667">
        <ele>2788.93</ele>
      </trkpt>
      <trkpt lat="42.69714" lon="-109.2667">
        <ele>2789.4</ele>
      </trkpt>
      <trkpt lat="42.69719" lon="-109.26671">
        <ele>2789.77</ele>
      </trkpt>
      <trkpt lat="42.69723" lon="-109.26673">
        <ele>2790.39</ele>
      </trkpt>
      <trkpt lat="42.69727" lon="-109.26677">
        <ele>2791.18</ele>
      </trkpt>
      <trkpt lat="42.69731" lon="-109.2668">
        <ele>2791.86</ele>
      </trkpt>
      <trkpt lat="42.69736" lon="-109.26683">
        <ele>2793.02</ele>
      </trkpt>
      <trkpt lat="42.69741" lon="-109.26686">
        <ele>2794.09</ele>
      </trkpt>
      <trkpt lat="42.69744" lon="-109.26689">
        <ele>2794.56</ele>
      </trkpt>
      <trkpt lat="42.69749" lon="-109.26692">
        <ele>2795.39</ele>
      </trkpt>
      <trkpt lat="42.69755" lon="-109.26695">
        <ele>2796.09</ele>
      </trkpt>
      <trkpt lat="42.69764" lon="-109.26697">
        <ele>2797.06</ele>
      </trkpt>
      <trkpt lat="42.69777" lon="-109.26695">
        <ele>2798.04</ele>
      </trkpt>
      <trkpt lat="42.69812" lon="-109.26683">
        <ele>2799.22</ele>
      </trkpt>
      <trkpt lat="42.69821" lon="-109.26688">
        <ele>2801.28</ele>
      </trkpt>
      <trkpt lat="42.69824" lon="-109.26692">
        <ele>2802.46</ele>
      </trkpt>
      <trkpt lat="42.69829" lon="-109.26693">
        <ele>2803.75</ele>
      </trkpt>
      <trkpt lat="42.69833" lon="-109.26694">
        <ele>2804.83</ele>
      </trkpt>
      <trkpt lat="42.69834" lon="-109.26694">
        <ele>2804.98</ele>
      </trkpt>
      <trkpt lat="42.69844" lon="-109.26694">
        <ele>2806.2</ele>
      </trkpt>
      <trkpt lat="42.69847" lon="-109.2669">
        <ele>2805.76</ele>
      </trkpt>
      <trkpt lat="42.69851" lon="-109.26685">
        <ele>2804.87</ele>
      </trkpt>
      <trkpt lat="42.69855" lon="-109.26682">
        <ele>2804.88</ele>
      </trkpt>
      <trkpt lat="42.6986" lon="-109.26681">
        <ele>2805.46</ele>
      </trkpt>
      <trkpt lat="42.69863" lon="-109.26681">
        <ele>2805.85</ele>
      </trkpt>
      <trkpt lat="42.69877" lon="-109.26678">
        <ele>2806.94</ele>
      </trkpt>
      <trkpt lat="42.69881" lon="-109.26674">
        <ele>2806.35</ele>
      </trkpt>
      <trkpt lat="42.69886" lon="-109.26672">
        <ele>2806.28</ele>
      </trkpt>
      <trkpt lat="42.69891" lon="-109.26669">
        <ele>2805.98</ele>
      </trkpt>
      <trkpt lat="42.69893" lon="-109.26669">
        <ele>2806.2</ele>
      </trkpt>
      <trkpt lat="42.69902" lon="-109.26663">
        <ele>2805.25</ele>
      </trkpt>
      <trkpt lat="42.69907" lon="-109.26661">
        <ele>2805.46</ele>
      </trkpt>
      <trkpt lat="42.69912" lon="-109.2666">
        <ele>2806.47</ele>
      </trkpt>
      <trkpt lat="42.69916" lon="-109.26658">
        <ele>2806.98</ele>
      </trkpt>
      <trkpt lat="42.6992" lon="-109.26655">
        <ele>2806.68</ele>
      </trkpt>
      <trkpt lat="42.69925" lon="-109.26653">
        <ele>2806.9</ele>
      </trkpt>
      <trkpt lat="42.69928" lon="-109.26652">
        <ele>2807.24</ele>
      </trkpt>
      <trkpt lat="42.69936" lon="-109.26651">
        <ele>2809.19</ele>
      </trkpt>
      <trkpt lat="42.69941" lon="-109.26649">
        <ele>2810.16</ele>
      </trkpt>
      <trkpt lat="42.69945" lon="-109.26645">
        <ele>2810.5</ele>
      </trkpt>
      <trkpt lat="42.69949" lon="-109.26641">
        <ele>2810.93</ele>
      </trkpt>
      <trkpt lat="42.69952" lon="-109.26636">
        <ele>2810.88</ele>
      </trkpt>
      <trkpt lat="42.69954" lon="-109.2663">
        <ele>2810.11</ele>
      </trkpt>
      <trkpt lat="42.69955" lon="-109.26628">
        <ele>2809.79</ele>
      </trkpt>
      <trkpt lat="42.69962" lon="-109.26614">
        <ele>2808.14</ele>
      </trkpt>
      <trkpt lat="42.69966" lon="-109.26611">
        <ele>2808.3</ele>
      </trkpt>
      <trkpt lat="42.69971" lon="-109.26609">
        <ele>2808.41</ele>
      </trkpt>
      <trkpt lat="42.69975" lon="-109.26606">
        <ele>2808.36</ele>
      </trkpt>
      <trkpt lat="42.6998" lon="-109.26605">
        <ele>2809.07</ele>
      </trkpt>
      <trkpt lat="42.69984" lon="-109.26603">
        <ele>2809.4</ele>
      </trkpt>
      <trkpt lat="42.69988" lon="-109.266">
        <ele>2809.5</ele>
      </trkpt>
      <trkpt lat="42.69988" lon="-109.26599">
        <ele>2809.4</ele>
      </trkpt>
      <trkpt lat="42.69994" lon="-109.26588">
        <ele>2808.86</ele>
      </trkpt>
      <trkpt lat="42.69998" lon="-109.26585">
        <ele>2808.96</ele>
      </trkpt>
      <trkpt lat="42.70001" lon="-109.26581">
        <ele>2808.86</ele>
      </trkpt>
      <trkpt lat="42.70006" lon="-109.26578">
        <ele>2809.07</ele>
      </trkpt>
      <trkpt lat="42.7001" lon="-109.26578">
        <ele>2809.5</ele>
      </trkpt>
      <trkpt lat="42.70014" lon="-109.26578">
        <ele>2809.94</ele>
      </trkpt>
      <trkpt lat="42.70017" lon="-109.26578">
        <ele>2810.26</ele>
      </trkpt>
      <trkpt lat="42.70021" lon="-109.26575">
        <ele>2810.13</ele>
      </trkpt>
      <trkpt lat="42.70026" lon="-109.26573">
        <ele>2809.98</ele>
      </trkpt>
      <trkpt lat="42.70028" lon="-109.26572">
        <ele>2810.05</ele>
      </trkpt>
      <trkpt lat="42.7004" lon="-109.26568">
        <ele>2812.32</ele>
      </trkpt>
      <trkpt lat="42.70057" lon="-109.26565">
        <ele>2814.33</ele>
      </trkpt>
      <trkpt lat="42.70073" lon="-109.26553">
        <ele>2817.52</ele>
      </trkpt>
      <trkpt lat="42.70084" lon="-109.26557">
        <ele>2818.14</ele>
      </trkpt>
      <trkpt lat="42.70094" lon="-109.26548">
        <ele>2819.34</ele>
      </trkpt>
      <trkpt lat="42.7013" lon="-109.26531">
        <ele>2823.75</ele>
      </trkpt>
      <trkpt lat="42.70153" lon="-109.26516">
        <ele>2824.52</ele>
      </trkpt>
      <trkpt lat="42.70155" lon="-109.26515">
        <ele>2824.74</ele>
      </trkpt>
      <trkpt lat="42.70164" lon="-109.26509">
        <ele>2825.03</ele>
      </trkpt>
      <trkpt lat="42.70169" lon="-109.26512">
        <ele>2825.25</ele>
      </trkpt>
      <trkpt lat="42.70173" lon="-109.26515">
        <ele>2825.68</ele>
      </trkpt>
      <trkpt lat="42.70177" lon="-109.26517">
        <ele>2826.1</ele>
      </trkpt>
      <trkpt lat="42.70182" lon="-109.26518">
        <ele>2826.62</ele>
      </trkpt>
      <trkpt lat="42.70187" lon="-109.26516">
        <ele>2826.78</ele>
      </trkpt>
      <trkpt lat="42.70191" lon="-109.26512">
        <ele>2826.74</ele>
      </trkpt>
      <trkpt lat="42.70195" lon="-109.26509">
        <ele>2827.09</ele>
      </trkpt>
      <trkpt lat="42.70199" lon="-109.26505">
        <ele>2827.95</ele>
      </trkpt>
      <trkpt lat="42.702" lon="-109.26503">
        <ele>2828.28</ele>
      </trkpt>
      <trkpt lat="42.70201" lon="-109.26495">
        <ele>2829.41</ele>
      </trkpt>
      <trkpt lat="42.70204" lon="-109.26489">
        <ele>2830.4</ele>
      </trkpt>
      <trkpt lat="42.70206" lon="-109.26483">
        <ele>2831.71</ele>
      </trkpt>
      <trkpt lat="42.70207" lon="-109.26477">
        <ele>2832.48</ele>
      </trkpt>
      <trkpt lat="42.7021" lon="-109.26471">
        <ele>2833.22</ele>
      </trkpt>
      <trkpt lat="42.70214" lon="-109.26469">
        <ele>2833.77</ele>
      </trkpt>
      <trkpt lat="42.70219" lon="-109.26468">
        <ele>2834.27</ele>
      </trkpt>
      <trkpt lat="42.70224" lon="-109.26468">
        <ele>2834.54</ele>
      </trkpt>
      <trkpt lat="42.70228" lon="-109.26469">
        <ele>2834.57</ele>
      </trkpt>
      <trkpt lat="42.70234" lon="-109.26472">
        <ele>2834.31</ele>
      </trkpt>
      <trkpt lat="42.70238" lon="-109.26475">
        <ele>2834.4</ele>
      </trkpt>
      <trkpt lat="42.70242" lon="-109.26479">
        <ele>2834.4</ele>
      </trkpt>
      <trkpt lat="42.70247" lon="-109.26482">
        <ele>2834.62</ele>
      </trkpt>
      <trkpt lat="42.70251" lon="-109.26487">
        <ele>2834.62</ele>
      </trkpt>
      <trkpt lat="42.70256" lon="-109.26491">
        <ele>2835.27</ele>
      </trkpt>
      <trkpt lat="42.70256" lon="-109.26492">
        <ele>2835.16</ele>
      </trkpt>
      <trkpt lat="42.70264" lon="-109.26499">
        <ele>2835.68</ele>
      </trkpt>
      <trkpt lat="42.70268" lon="-109.26501">
        <ele>2835.84</ele>
      </trkpt>
      <trkpt lat="42.70273" lon="-109.26503">
        <ele>2835.68</ele>
      </trkpt>
      <trkpt lat="42.70278" lon="-109.26506">
        <ele>2835.36</ele>
      </trkpt>
      <trkpt lat="42.70281" lon="-109.2651">
        <ele>2834.95</ele>
      </trkpt>
      <trkpt lat="42.70283" lon="-109.26516">
        <ele>2834.68</ele>
      </trkpt>
      <trkpt lat="42.70285" lon="-109.26521">
        <ele>2834.78</ele>
      </trkpt>
      <trkpt lat="42.70289" lon="-109.26525">
        <ele>2835.21</ele>
      </trkpt>
      <trkpt lat="42.70293" lon="-109.26527">
        <ele>2835.64</ele>
      </trkpt>
      <trkpt lat="42.70298" lon="-109.26526">
        <ele>2836.07</ele>
      </trkpt>
      <trkpt lat="42.703" lon="-109.26526">
        <ele>2836.15</ele>
      </trkpt>
      <trkpt lat="42.70305" lon="-109.26523">
        <ele>2836.97</ele>
      </trkpt>
      <trkpt lat="42.70308" lon="-109.26518">
        <ele>2838.93</ele>
      </trkpt>
      <trkpt lat="42.70311" lon="-109.26513">
        <ele>2841.66</ele>
      </trkpt>
      <trkpt lat="42.70315" lon="-109.26509">
        <ele>2845.14</ele>
      </trkpt>
      <trkpt lat="42.70319" lon="-109.26508">
        <ele>2846.76</ele>
      </trkpt>
      <trkpt lat="42.70324" lon="-109.26509">
        <ele>2848.06</ele>
      </trkpt>
      <trkpt lat="42.70329" lon="-109.26511">
        <ele>2848.93</ele>
      </trkpt>
      <trkpt lat="42.70332" lon="-109.26513">
        <ele>2849.01</ele>
      </trkpt>
      <trkpt lat="42.70344" lon="-109.26521">
        <ele>2847.35</ele>
      </trkpt>
      <trkpt lat="42.70347" lon="-109.26525">
        <ele>2846.38</ele>
      </trkpt>
      <trkpt lat="42.7035" lon="-109.2653">
        <ele>2844.89</ele>
      </trkpt>
      <trkpt lat="42.70354" lon="-109.26534">
        <ele>2843.47</ele>
      </trkpt>
      <trkpt lat="42.70358" lon="-109.26537">
        <ele>2842.68</ele>
      </trkpt>
      <trkpt lat="42.70363" lon="-109.2654">
        <ele>2842.24</ele>
      </trkpt>
      <trkpt lat="42.70367" lon="-109.26541">
        <ele>2842.35</ele>
      </trkpt>
      <trkpt lat="42.70368" lon="-109.26541">
        <ele>2842.46</ele>
      </trkpt>
      <trkpt lat="42.70372" lon="-109.26546">
        <ele>2841.45</ele>
      </trkpt>
      <trkpt lat="42.70376" lon="-109.26549">
        <ele>2841.34</ele>
      </trkpt>
      <trkpt lat="42.70381" lon="-109.26551">
        <ele>2841.62</ele>
      </trkpt>
      <trkpt lat="42.70385" lon="-109.26554">
        <ele>2841.08</ele>
      </trkpt>
      <trkpt lat="42.70389" lon="-109.26558">
        <ele>2840.21</ele>
      </trkpt>
      <trkpt lat="42.70394" lon="-109.26561">
        <ele>2839.56</ele>
      </trkpt>
      <trkpt lat="42.70398" lon="-109.26563">
        <ele>2839.38</ele>
      </trkpt>
      <trkpt lat="42.70403" lon="-109.26566">
        <ele>2838.74</ele>
      </trkpt>
      <trkpt lat="42.70404" lon="-109.26567">
        <ele>2838.53</ele>
      </trkpt>
      <trkpt lat="42.70409" lon="-109.26574">
        <ele>2837.02</ele>
      </trkpt>
      <trkpt lat="42.70413" lon="-109.26576">
        <ele>2836.79</ele>
      </trkpt>
      <trkpt lat="42.70418" lon="-109.26576">
        <ele>2836.79</ele>
      </trkpt>
      <trkpt lat="42.70419" lon="-109.26576">
        <ele>2836.79</ele>
      </trkpt>
      <trkpt lat="42.70423" lon="-109.26577">
        <ele>2836.68</ele>
      </trkpt>
      <trkpt lat="42.70429" lon="-109.26577">
        <ele>2836.79</ele>
      </trkpt>
      <trkpt lat="42.70446" lon="-109.26592">
        <ele>2837.0</ele>
      </trkpt>
      <trkpt lat="42.70455" lon="-109.26594">
        <ele>2837.0</ele>
      </trkpt>
      <trkpt lat="42.70487" lon="-109.26599">
        <ele>2837.0</ele>
      </trkpt>
      <trkpt lat="42.70525" lon="-109.26609">
        <ele>2837.0</ele>
      </trkpt>
      <trkpt lat="42.70537" lon="-109.26623">
        <ele>2838.0</ele>
      </trkpt>
      <trkpt lat="42.70554" lon="-109.26632">
        <ele>2838.0</ele>
      </trkpt>
      <trkpt lat="42.70562" lon="-109.26639">
        <ele>2838.0</ele>
      </trkpt>
      <trkpt lat="42.70576" lon="-109.26664">
        <ele>2838.0</ele>
      </trkpt>
      <trkpt lat="42.70576" lon="-109.26666">
        <ele>2838.0</ele>
      </trkpt>
      <trkpt lat="42.7058" lon="-109.26671">
        <ele>2838.0</ele>
      </trkpt>
      <trkpt lat="42.70582" lon="-109.26677">
        <ele>2838.0</ele>
      </trkpt>
      <trkpt lat="42.70584" lon="-109.26684">
        <ele>2838.0</ele>
      </trkpt>
      <trkpt lat="42.70586" lon="-109.26689">
        <ele>2838.0</ele>
      </trkpt>
      <trkpt lat="42.70587" lon="-109.26696">
        <ele>2838.0</ele>
      </trkpt>
      <trkpt lat="42.70584" lon="-109.26701">
        <ele>2838.0</ele>
      </trkpt>
      <trkpt lat="42.70585" lon="-109.26708">
        <ele>2838.0</ele>
      </trkpt>
      <trkpt lat="42.70587" lon="-109.26712">
        <ele>2838.0</ele>
      </trkpt>
      <trkpt lat="42.70589" lon="-109.26716">
        <ele>2838.33</ele>
      </trkpt>
      <trkpt lat="42.70612" lon="-109.26762">
        <ele>2840.0</ele>
      </trkpt>
      <trkpt lat="42.70623" lon="-109.26788">
        <ele>2841.0</ele>
      </trkpt>
      <trkpt lat="42.70634" lon="-109.26804">
        <ele>2841.0</ele>
      </trkpt>
      <trkpt lat="42.70648" lon="-109.26838">
        <ele>2841.0</ele>
      </trkpt>
      <trkpt lat="42.70655" lon="-109.26865">
        <ele>2842.0</ele>
      </trkpt>
      <trkpt lat="42.70655" lon="-109.26876">
        <ele>2843.06</ele>
      </trkpt>
      <trkpt lat="42.70655" lon="-109.26888">
        <ele>2845.31</ele>
      </trkpt>
      <trkpt lat="42.70658" lon="-109.26893">
        <ele>2847.02</ele>
      </trkpt>
      <trkpt lat="42.70662" lon="-109.26891">
        <ele>2847.45</ele>
      </trkpt>
      <trkpt lat="42.70667" lon="-109.26888">
        <ele>2847.75</ele>
      </trkpt>
      <trkpt lat="42.70671" lon="-109.26888">
        <ele>2848.22</ele>
      </trkpt>
      <trkpt lat="42.70676" lon="-109.2689">
        <ele>2849.38</ele>
      </trkpt>
      <trkpt lat="42.70678" lon="-109.26893">
        <ele>2850.78</ele>
      </trkpt>
      <trkpt lat="42.70678" lon="-109.26897">
        <ele>2852.08</ele>
      </trkpt>
      <trkpt lat="42.70676" lon="-109.26903">
        <ele>2853.06</ele>
      </trkpt>
      <trkpt lat="42.70673" lon="-109.26908">
        <ele>2853.45</ele>
      </trkpt>
      <trkpt lat="42.70671" lon="-109.26911">
        <ele>2853.53</ele>
      </trkpt>
      <trkpt lat="42.70667" lon="-109.26918">
        <ele>2854.18</ele>
      </trkpt>
      <trkpt lat="42.70669" lon="-109.26924">
        <ele>2855.04</ele>
      </trkpt>
      <trkpt lat="42.70672" lon="-109.26929">
        <ele>2855.91</ele>
      </trkpt>
      <trkpt lat="42.70672" lon="-109.26929">
        <ele>2855.91</ele>
      </trkpt>
      <trkpt lat="42.70671" lon="-109.26939">
        <ele>2857.07</ele>
      </trkpt>
      <trkpt lat="42.70674" lon="-109.26944">
        <ele>2858.5</ele>
      </trkpt>
      <trkpt lat="42.70678" lon="-109.26948">
        <ele>2859.61</ele>
      </trkpt>
      <trkpt lat="42.70682" lon="-109.26951">
        <ele>2860.36</ele>
      </trkpt>
      <trkpt lat="42.70686" lon="-109.26955">
        <ele>2861.23</ele>
      </trkpt>
      <trkpt lat="42.70686" lon="-109.26955">
        <ele>2861.23</ele>
      </trkpt>
      <trkpt lat="42.70702" lon="-109.26969">
        <ele>2863.82</ele>
      </trkpt>
      <trkpt lat="42.70707" lon="-109.26971">
        <ele>2864.71</ele>
      </trkpt>
      <trkpt lat="42.70712" lon="-109.26973">
        <ele>2865.8</ele>
      </trkpt>
      <trkpt lat="42.70716" lon="-109.26976">
        <ele>2866.66</ele>
      </trkpt>
      <trkpt lat="42.70721" lon="-109.26977">
        <ele>2867.74</ele>
      </trkpt>
      <trkpt lat="42.70725" lon="-109.26975">
        <ele>2868.6</ele>
      </trkpt>
      <trkpt lat="42.7073" lon="-109.26975">
        <ele>2869.68</ele>
      </trkpt>
      <trkpt lat="42.70735" lon="-109.26974">
        <ele>2870.45</ele>
      </trkpt>
      <trkpt lat="42.70735" lon="-109.26974">
        <ele>2870.45</ele>
      </trkpt>
      <trkpt lat="42.70744" lon="-109.26967">
        <ele>2871.51</ele>
      </trkpt>
      <trkpt lat="42.70748" lon="-109.26965">
        <ele>2871.96</ele>
      </trkpt>
      <trkpt lat="42.70753" lon="-109.26965">
        <ele>2872.54</ele>
      </trkpt>
      <trkpt lat="42.70758" lon="-109.26963">
        <ele>2872.87</ele>
      </trkpt>
      <trkpt lat="42.70762" lon="-109.2696">
        <ele>2873.27</ele>
      </trkpt>
      <trkpt lat="42.70765" lon="-109.26955">
        <ele>2873.38</ele>
      </trkpt>
      <trkpt lat="42.7077" lon="-109.26953">
        <ele>2874.17</ele>
      </trkpt>
      <trkpt lat="42.70775" lon="-109.26951">
        <ele>2874.82</ele>
      </trkpt>
      <trkpt lat="42.70779" lon="-109.2695">
        <ele>2875.38</ele>
      </trkpt>
      <trkpt lat="42.7078" lon="-109.26949">
        <ele>2875.35</ele>
      </trkpt>
      <trkpt lat="42.70786" lon="-109.2694">
        <ele>2874.82</ele>
      </trkpt>
      <trkpt lat="42.70791" lon="-109.26938">
        <ele>2875.04</ele>
      </trkpt>
      <trkpt lat="42.70795" lon="-109.26937">
        <ele>2875.25</ele>
      </trkpt>
      <trkpt lat="42.708" lon="-109.26935">
        <ele>2875.75</ele>
      </trkpt>
      <trkpt lat="42.70804" lon="-109.26932">
        <ele>2875.69</ele>
      </trkpt>
      <trkpt lat="42.70809" lon="-109.26933">
        <ele>2876.38</ele>
      </trkpt>
      <trkpt lat="42.70814" lon="-109.26935">
        <ele>2876.96</ele>
      </trkpt>
      <trkpt lat="42.70818" lon="-109.26933">
        <ele>2876.87</ele>
      </trkpt>
      <trkpt lat="42.70822" lon="-109.2693">
        <ele>2876.66</ele>
      </trkpt>
      <trkpt lat="42.70827" lon="-109.26928">
        <ele>2876.45</ele>
      </trkpt>
      <trkpt lat="42.70827" lon="-109.26928">
        <ele>2876.45</ele>
      </trkpt>
      <trkpt lat="42.70854" lon="-109.2693">
        <ele>2879.11</ele>
      </trkpt>
      <trkpt lat="42.70858" lon="-109.26931">
        <ele>2879.76</ele>
      </trkpt>
      <trkpt lat="42.70862" lon="-109.26933">
        <ele>2880.55</ele>
      </trkpt>
      <trkpt lat="42.70867" lon="-109.26934">
        <ele>2880.83</ele>
      </trkpt>
      <trkpt lat="42.70869" lon="-109.26934">
        <ele>2880.85</ele>
      </trkpt>
      <trkpt lat="42.70873" lon="-109.26938">
        <ele>2881.89</ele>
      </trkpt>
      <trkpt lat="42.70877" lon="-109.2694">
        <ele>2882.76</ele>
      </trkpt>
      <trkpt lat="42.70882" lon="-109.26941">
        <ele>2883.51</ele>
      </trkpt>
      <trkpt lat="42.70885" lon="-109.26946">
        <ele>2884.75</ele>
      </trkpt>
      <trkpt lat="42.70887" lon="-109.26951">
        <ele>2885.5</ele>
      </trkpt>
      <trkpt lat="42.70891" lon="-109.26954">
        <ele>2886.26</ele>
      </trkpt>
      <trkpt lat="42.70893" lon="-109.26955">
        <ele>2886.58</ele>
      </trkpt>
      <trkpt lat="42.70904" lon="-109.26956">
        <ele>2888.04</ele>
      </trkpt>
      <trkpt lat="42.70908" lon="-109.26956">
        <ele>2888.61</ele>
      </trkpt>
      <trkpt lat="42.70914" lon="-109.26955">
        <ele>2889.6</ele>
      </trkpt>
      <trkpt lat="42.70918" lon="-109.26953">
        <ele>2890.0</ele>
      </trkpt>
      <trkpt lat="42.70923" lon="-109.2695">
        <ele>2890.16</ele>
      </trkpt>
      <trkpt lat="42.70926" lon="-109.26946">
        <ele>2890.18</ele>
      </trkpt>
      <trkpt lat="42.70931" lon="-109.26943">
        <ele>2890.24</ele>
      </trkpt>
      <trkpt lat="42.70935" lon="-109.26942">
        <ele>2890.45</ele>
      </trkpt>
      <trkpt lat="42.70935" lon="-109.26942">
        <ele>2890.45</ele>
      </trkpt>
      <trkpt lat="42.70946" lon="-109.26944">
        <ele>2892.12</ele>
      </trkpt>
      <trkpt lat="42.70951" lon="-109.26943">
        <ele>2892.55</ele>
      </trkpt>
      <trkpt lat="42.70955" lon="-109.26939">
        <ele>2892.47</ele>
      </trkpt>
      <trkpt lat="42.70959" lon="-109.26936">
        <ele>2892.14</ele>
      </trkpt>
      <trkpt lat="42.70964" lon="-109.26935">
        <ele>2892.09</ele>
      </trkpt>
      <trkpt lat="42.70969" lon="-109.26934">
        <ele>2892.44</ele>
      </trkpt>
      <trkpt lat="42.70973" lon="-109.26934">
        <ele>2892.83</ele>
      </trkpt>
      <trkpt lat="42.70973" lon="-109.26934">
        <ele>2892.83</ele>
      </trkpt>
      <trkpt lat="42.70985" lon="-109.26935">
        <ele>2894.34</ele>
      </trkpt>
      <trkpt lat="42.70989" lon="-109.26934">
        <ele>2894.56</ele>
      </trkpt>
      <trkpt lat="42.70994" lon="-109.26932">
        <ele>2894.31</ele>
      </trkpt>
      <trkpt lat="42.70999" lon="-109.2693">
        <ele>2893.88</ele>
      </trkpt>
      <trkpt lat="42.71004" lon="-109.26927">
        <ele>2893.66</ele>
      </trkpt>
      <trkpt lat="42.71006" lon="-109.26926">
        <ele>2893.66</ele>
      </trkpt>
      <trkpt lat="42.71025" lon="-109.26918">
        <ele>2893.13</ele>
      </trkpt>
      <trkpt lat="42.71031" lon="-109.26918">
        <ele>2893.78</ele>
      </trkpt>
      <trkpt lat="42.71035" lon="-109.26917">
        <ele>2893.89</ele>
      </trkpt>
      <trkpt lat="42.7104" lon="-109.26915">
        <ele>2894.22</ele>
      </trkpt>
      <trkpt lat="42.71045" lon="-109.26913">
        <ele>2894.59</ele>
      </trkpt>
      <trkpt lat="42.71047" lon="-109.26912">
        <ele>2894.6</ele>
      </trkpt>
      <trkpt lat="42.71075" lon="-109.26905">
        <ele>2896.58</ele>
      </trkpt>
      <trkpt lat="42.7108" lon="-109.26905">
        <ele>2897.12</ele>
      </trkpt>
      <trkpt lat="42.71085" lon="-109.26906">
        <ele>2897.88</ele>
      </trkpt>
      <trkpt lat="42.7109" lon="-109.26908">
        <ele>2898.85</ele>
      </trkpt>
      <trkpt lat="42.71094" lon="-109.2691">
        <ele>2899.71</ele>
      </trkpt>
      <trkpt lat="42.71096" lon="-109.26911">
        <ele>2900.14</ele>
      </trkpt>
      <trkpt lat="42.71102" lon="-109.26909">
        <ele>2900.36</ele>
      </trkpt>
      <trkpt lat="42.71106" lon="-109.26905">
        <ele>2899.93</ele>
      </trkpt>
      <trkpt lat="42.71109" lon="-109.26904">
        <ele>2900.04</ele>
      </trkpt>
      <trkpt lat="42.7111" lon="-109.26904">
        <ele>2900.14</ele>
      </trkpt>
      <trkpt lat="42.7111" lon="-109.26905">
        <ele>2900.36</ele>
      </trkpt>
      <trkpt lat="42.71109" lon="-109.2691">
        <ele>2901.33</ele>
      </trkpt>
      <trkpt lat="42.71106" lon="-109.26915">
        <ele>2902.09</ele>
      </trkpt>
      <trkpt lat="42.71103" lon="-109.2692">
        <ele>2902.84</ele>
      </trkpt>
      <trkpt lat="42.71099" lon="-109.26924">
        <ele>2903.28</ele>
      </trkpt>
      <trkpt lat="42.71095" lon="-109.26926">
        <ele>2903.28</ele>
      </trkpt>
      <trkpt lat="42.7109" lon="-109.26927">
        <ele>2902.95</ele>
      </trkpt>
      <trkpt lat="42.71085" lon="-109.26929">
        <ele>2902.84</ele>
      </trkpt>
      <trkpt lat="42.71082" lon="-109.26933">
        <ele>2903.38</ele>
      </trkpt>
      <trkpt lat="42.71081" lon="-109.26939">
        <ele>2904.57</ele>
      </trkpt>
      <trkpt lat="42.71083" lon="-109.26944">
        <ele>2905.87</ele>
      </trkpt>
      <trkpt lat="42.71085" lon="-109.2695">
        <ele>2906.71</ele>
      </trkpt>
      <trkpt lat="42.71084" lon="-109.26956">
        <ele>2907.57</ele>
      </trkpt>
      <trkpt lat="42.71085" lon="-109.26962">
        <ele>2908.97</ele>
      </trkpt>
      <trkpt lat="42.71085" lon="-109.26965">
        <ele>2909.4</ele>
      </trkpt>
      <trkpt lat="42.71093" lon="-109.26974">
        <ele>2911.24</ele>
      </trkpt>
      <trkpt lat="42.71097" lon="-109.26977">
        <ele>2911.99</ele>
      </trkpt>
      <trkpt lat="42.71102" lon="-109.26976">
        <ele>2912.42</ele>
      </trkpt>
      <trkpt lat="42.71107" lon="-109.26975">
        <ele>2912.86</ele>
      </trkpt>
      <trkpt lat="42.71111" lon="-109.26972">
        <ele>2912.94</ele>
      </trkpt>
      <trkpt lat="42.71112" lon="-109.26971">
        <ele>2912.75</ele>
      </trkpt>
      <trkpt lat="42.71117" lon="-109.26969">
        <ele>2912.53</ele>
      </trkpt>
      <trkpt lat="42.71122" lon="-109.26971">
        <ele>2913.04</ele>
      </trkpt>
      <trkpt lat="42.71126" lon="-109.26974">
        <ele>2913.88</ele>
      </trkpt>
      <trkpt lat="42.71131" lon="-109.26977">
        <ele>2914.66</ele>
      </trkpt>
      <trkpt lat="42.71135" lon="-109.26978">
        <ele>2915.2</ele>
      </trkpt>
      <trkpt lat="42.7114" lon="-109.26979">
        <ele>2915.73</ele>
      </trkpt>
      <trkpt lat="42.71144" lon="-109.26981">
        <ele>2915.95</ele>
      </trkpt>
      <trkpt lat="42.71144" lon="-109.26981">
        <ele>2915.95</ele>
      </trkpt>
      <trkpt lat="42.71153" lon="-109.26988">
        <ele>2916.7</ele>
      </trkpt>
      <trkpt lat="42.71157" lon="-109.26989">
        <ele>2916.81</ele>
      </trkpt>
      <trkpt lat="42.71162" lon="-109.26988">
        <ele>2916.85</ele>
      </trkpt>
      <trkpt lat="42.71167" lon="-109.26988">
        <ele>2917.03</ele>
      </trkpt>
      <trkpt lat="42.71172" lon="-109.26988">
        <ele>2917.41</ele>
      </trkpt>
      <trkpt lat="42.71176" lon="-109.26989">
        <ele>2917.81</ele>
      </trkpt>
      <trkpt lat="42.71181" lon="-109.26992">
        <ele>2918.0</ele>
      </trkpt>
      <trkpt lat="42.71184" lon="-109.26994">
        <ele>2918.0</ele>
      </trkpt>
      <trkpt lat="42.71202" lon="-109.26992">
        <ele>2918.14</ele>
      </trkpt>
      <trkpt lat="42.71206" lon="-109.26989">
        <ele>2918.2</ele>
      </trkpt>
      <trkpt lat="42.71211" lon="-109.26984">
        <ele>2918.21</ele>
      </trkpt>
      <trkpt lat="42.71214" lon="-109.26979">
        <ele>2917.76</ele>
      </trkpt>
      <trkpt lat="42.71219" lon="-109.26976">
        <ele>2917.79</ele>
      </trkpt>
      <trkpt lat="42.71224" lon="-109.26974">
        <ele>2918.04</ele>
      </trkpt>
      <trkpt lat="42.71228" lon="-109.26973">
        <ele>2918.05</ele>
      </trkpt>
      <trkpt lat="42.71228" lon="-109.26973">
        <ele>2918.05</ele>
      </trkpt>
      <trkpt lat="42.71235" lon="-109.26965">
        <ele>2917.52</ele>
      </trkpt>
      <trkpt lat="42.7124" lon="-109.26963">
        <ele>2917.92</ele>
      </trkpt>
      <trkpt lat="42.71244" lon="-109.26959">
        <ele>2917.57</ele>
      </trkpt>
      <trkpt lat="42.71247" lon="-109.26955">
        <ele>2917.14</ele>
      </trkpt>
      <trkpt lat="42.71251" lon="-109.26952">
        <ele>2917.09</ele>
      </trkpt>
      <trkpt lat="42.71255" lon="-109.26948">
        <ele>2917.21</ele>
      </trkpt>
      <trkpt lat="42.71259" lon="-109.26944">
        <ele>2916.95</ele>
      </trkpt>
      <trkpt lat="42.71263" lon="-109.2694">
        <ele>2916.71</ele>
      </trkpt>
      <trkpt lat="42.71267" lon="-109.26937">
        <ele>2916.87</ele>
      </trkpt>
      <trkpt lat="42.71269" lon="-109.26935">
        <ele>2916.98</ele>
      </trkpt>
      <trkpt lat="42.71279" lon="-109.26925">
        <ele>2915.9</ele>
      </trkpt>
      <trkpt lat="42.71283" lon="-109.26921">
        <ele>2915.47</ele>
      </trkpt>
      <trkpt lat="42.71286" lon="-109.26917">
        <ele>2915.04</ele>
      </trkpt>
      <trkpt lat="42.7129" lon="-109.26913">
        <ele>2914.8</ele>
      </trkpt>
      <trkpt lat="42.71294" lon="-109.26909">
        <ele>2914.3</ele>
      </trkpt>
      <trkpt lat="42.71297" lon="-109.26905">
        <ele>2913.8</ele>
      </trkpt>
      <trkpt lat="42.71299" lon="-109.26903">
        <ele>2913.68</ele>
      </trkpt>
      <trkpt lat="42.71316" lon="-109.26889">
        <ele>2913.01</ele>
      </trkpt>
      <trkpt lat="42.7132" lon="-109.26888">
        <ele>2912.86</ele>
      </trkpt>
      <trkpt lat="42.71325" lon="-109.26889">
        <ele>2913.12</ele>
      </trkpt>
      <trkpt lat="42.71329" lon="-109.26892">
        <ele>2914.03</ele>
      </trkpt>
      <trkpt lat="42.71334" lon="-109.26895">
        <ele>2914.73</ele>
      </trkpt>
      <trkpt lat="42.71337" lon="-109.26897">
        <ele>2915.27</ele>
      </trkpt>
      <trkpt lat="42.71345" lon="-109.26899">
        <ele>2916.09</ele>
      </trkpt>
      <trkpt lat="42.7135" lon="-109.26898">
        <ele>2915.98</ele>
      </trkpt>
      <trkpt lat="42.71355" lon="-109.26896">
        <ele>2916.11</ele>
      </trkpt>
      <trkpt lat="42.7136" lon="-109.26895">
        <ele>2916.54</ele>
      </trkpt>
      <trkpt lat="42.71364" lon="-109.26895">
        <ele>2916.66</ele>
      </trkpt>
      <trkpt lat="42.71387" lon="-109.26897">
        <ele>2916.97</ele>
      </trkpt>
      <trkpt lat="42.71392" lon="-109.26899">
        <ele>2917.4</ele>
      </trkpt>
      <trkpt lat="42.71397" lon="-109.26901">
        <ele>2917.91</ele>
      </trkpt>
      <trkpt lat="42.71401" lon="-109.26902">
        <ele>2918.13</ele>
      </trkpt>
      <trkpt lat="42.71405" lon="-109.26904">
        <ele>2918.47</ele>
      </trkpt>
      <trkpt lat="42.71416" lon="-109.2691">
        <ele>2919.26</ele>
      </trkpt>
      <trkpt lat="42.71419" lon="-109.26914">
        <ele>2919.71</ele>
      </trkpt>
      <trkpt lat="42.71423" lon="-109.26919">
        <ele>2920.17</ele>
      </trkpt>
      <trkpt lat="42.71426" lon="-109.26924">
        <ele>2920.79</ele>
      </trkpt>
      <trkpt lat="42.71429" lon="-109.26929">
        <ele>2921.33</ele>
      </trkpt>
      <trkpt lat="42.71432" lon="-109.26934">
        <ele>2921.87</ele>
      </trkpt>
      <trkpt lat="42.71433" lon="-109.26934">
        <ele>2921.87</ele>
      </trkpt>
      <trkpt lat="42.71439" lon="-109.26937">
        <ele>2922.28</ele>
      </trkpt>
      <trkpt lat="42.71448" lon="-109.26938">
        <ele>2922.88</ele>
      </trkpt>
      <trkpt lat="42.71453" lon="-109.26939">
        <ele>2923.37</ele>
      </trkpt>
      <trkpt lat="42.71458" lon="-109.2694">
        <ele>2923.52</ele>
      </trkpt>
      <trkpt lat="42.71462" lon="-109.26942">
        <ele>2923.74</ele>
      </trkpt>
      <trkpt lat="42.71468" lon="-109.26944">
        <ele>2923.95</ele>
      </trkpt>
      <trkpt lat="42.71473" lon="-109.26946">
        <ele>2924.41</ele>
      </trkpt>
      <trkpt lat="42.71477" lon="-109.26949">
        <ele>2925.25</ele>
      </trkpt>
      <trkpt lat="42.71481" lon="-109.26952">
        <ele>2925.81</ele>
      </trkpt>
      <trkpt lat="42.71481" lon="-109.26952">
        <ele>2925.81</ele>
      </trkpt>
      <trkpt lat="42.71487" lon="-109.26961">
        <ele>2927.58</ele>
      </trkpt>
      <trkpt lat="42.71491" lon="-109.26966">
        <ele>2928.34</ele>
      </trkpt>
      <trkpt lat="42.71494" lon="-109.26971">
        <ele>2929.17</ele>
      </trkpt>
      <trkpt lat="42.71499" lon="-109.26974">
        <ele>2930.1</ele>
      </trkpt>
      <trkpt lat="42.71504" lon="-109.26976">
        <ele>2930.58</ele>
      </trkpt>
      <trkpt lat="42.71509" lon="-109.26976">
        <ele>2930.8</ele>
      </trkpt>
      <trkpt lat="42.71513" lon="-109.26974">
        <ele>2930.79</ele>
      </trkpt>
      <trkpt lat="42.71518" lon="-109.26972">
        <ele>2930.9</ele>
      </trkpt>
      <trkpt lat="42.71523" lon="-109.26968">
        <ele>2930.57</ele>
      </trkpt>
      <trkpt lat="42.71527" lon="-109.26965">
        <ele>2930.36</ele>
      </trkpt>
      <trkpt lat="42.71528" lon="-109.26964">
        <ele>2930.25</ele>
      </trkpt>
      <trkpt lat="42.7154" lon="-109.2695">
        <ele>2928.52</ele>
      </trkpt>
      <trkpt lat="42.71545" lon="-109.2695">
        <ele>2929.06</ele>
      </trkpt>
      <trkpt lat="42.7155" lon="-109.26951">
        <ele>2929.53</ele>
      </trkpt>
      <trkpt lat="42.71555" lon="-109.26953">
        <ele>2929.92</ele>
      </trkpt>
      <trkpt lat="42.7156" lon="-109.26955">
        <ele>2930.76</ele>
      </trkpt>
      <trkpt lat="42.71565" lon="-109.26956">
        <ele>2931.51</ele>
      </trkpt>
      <trkpt lat="42.71569" lon="-109.26956">
        <ele>2931.84</ele>
      </trkpt>
      <trkpt lat="42.71574" lon="-109.26956">
        <ele>2932.24</ele>
      </trkpt>
      <trkpt lat="42.71578" lon="-109.26953">
        <ele>2931.85</ele>
      </trkpt>
      <trkpt lat="42.71583" lon="-109.2695">
        <ele>2931.2</ele>
      </trkpt>
      <trkpt lat="42.71588" lon="-109.26949">
        <ele>2931.49</ele>
      </trkpt>
      <trkpt lat="42.71589" lon="-109.26949">
        <ele>2931.6</ele>
      </trkpt>
      <trkpt lat="42.71605" lon="-109.26945">
        <ele>2932.46</ele>
      </trkpt>
      <trkpt lat="42.71609" lon="-109.26946">
        <ele>2933.11</ele>
      </trkpt>
      <trkpt lat="42.71614" lon="-109.26948">
        <ele>2934.08</ele>
      </trkpt>
      <trkpt lat="42.71618" lon="-109.26952">
        <ele>2935.38</ele>
      </trkpt>
      <trkpt lat="42.71621" lon="-109.26956">
        <ele>2936.56</ele>
      </trkpt>
      <trkpt lat="42.71623" lon="-109.26956">
        <ele>2936.78</ele>
      </trkpt>
      <trkpt lat="42.71628" lon="-109.26957">
        <ele>2937.54</ele>
      </trkpt>
      <trkpt lat="42.71631" lon="-109.2696">
        <ele>2938.51</ele>
      </trkpt>
      <trkpt lat="42.71635" lon="-109.26964">
        <ele>2939.69</ele>
      </trkpt>
      <trkpt lat="42.71637" lon="-109.2697">
        <ele>2940.56</ele>
      </trkpt>
      <trkpt lat="42.71641" lon="-109.26976">
        <ele>2941.41</ele>
      </trkpt>
      <trkpt lat="42.71644" lon="-109.26981">
        <ele>2941.95</ele>
      </trkpt>
      <trkpt lat="42.71646" lon="-109.26986">
        <ele>2942.49</ele>
      </trkpt>
      <trkpt lat="42.71647" lon="-109.26992">
        <ele>2943.26</ele>
      </trkpt>
      <trkpt lat="42.71647" lon="-109.26999">
        <ele>2944.67</ele>
      </trkpt>
      <trkpt lat="42.71648" lon="-109.27005">
        <ele>2945.52</ele>
      </trkpt>
      <trkpt lat="42.71648" lon="-109.27011">
        <ele>2946.17</ele>
      </trkpt>
      <trkpt lat="42.7165" lon="-109.27018">
        <ele>2947.13</ele>
      </trkpt>
      <trkpt lat="42.71652" lon="-109.27023">
        <ele>2947.9</ele>
      </trkpt>
      <trkpt lat="42.71657" lon="-109.27026">
        <ele>2948.76</ele>
      </trkpt>
      <trkpt lat="42.7166" lon="-109.2703">
        <ele>2949.24</ele>
      </trkpt>
      <trkpt lat="42.71664" lon="-109.27034">
        <ele>2949.67</ele>
      </trkpt>
      <trkpt lat="42.71668" lon="-109.27035">
        <ele>2949.92</ele>
      </trkpt>
      <trkpt lat="42.71672" lon="-109.27036">
        <ele>2950.46</ele>
      </trkpt>
      <trkpt lat="42.71677" lon="-109.27038">
        <ele>2951.12</ele>
      </trkpt>
      <trkpt lat="42.71681" lon="-109.27041">
        <ele>2951.66</ele>
      </trkpt>
      <trkpt lat="42.71685" lon="-109.27043">
        <ele>2952.28</ele>
      </trkpt>
      <trkpt lat="42.71692" lon="-109.27046">
        <ele>2952.96</ele>
      </trkpt>
      <trkpt lat="42.71696" lon="-109.2705">
        <ele>2953.8</ele>
      </trkpt>
      <trkpt lat="42.717" lon="-109.27054">
        <ele>2954.66</ele>
      </trkpt>
      <trkpt lat="42.71704" lon="-109.27056">
        <ele>2955.13</ele>
      </trkpt>
      <trkpt lat="42.71709" lon="-109.27058">
        <ele>2956.1</ele>
      </trkpt>
      <trkpt lat="42.71713" lon="-109.27059">
        <ele>2956.74</ele>
      </trkpt>
      <trkpt lat="42.71718" lon="-109.27061">
        <ele>2957.18</ele>
      </trkpt>
      <trkpt lat="42.71722" lon="-109.27062">
        <ele>2957.39</ele>
      </trkpt>
      <trkpt lat="42.71728" lon="-109.27065">
        <ele>2958.66</ele>
      </trkpt>
      <trkpt lat="42.71732" lon="-109.27067">
        <ele>2959.47</ele>
      </trkpt>
      <trkpt lat="42.71733" lon="-109.27067">
        <ele>2959.47</ele>
      </trkpt>
      <trkpt lat="42.71746" lon="-109.27071">
        <ele>2960.52</ele>
      </trkpt>
      <trkpt lat="42.71751" lon="-109.27071">
        <ele>2960.78</ele>
      </trkpt>
      <trkpt lat="42.71756" lon="-109.2707">
        <ele>2961.21</ele>
      </trkpt>
      <trkpt lat="42.71761" lon="-109.27069">
        <ele>2961.45</ele>
      </trkpt>
      <trkpt lat="42.71766" lon="-109.27068">
        <ele>2961.34</ele>
      </trkpt>
      <trkpt lat="42.7177" lon="-109.27067">
        <ele>2961.4</ele>
      </trkpt>
      <trkpt lat="42.71786" lon="-109.27063">
        <ele>2962.69</ele>
      </trkpt>
      <trkpt lat="42.71791" lon="-109.27064">
        <ele>2962.91</ele>
      </trkpt>
      <trkpt lat="42.71796" lon="-109.27064">
        <ele>2962.91</ele>
      </trkpt>
      <trkpt lat="42.71801" lon="-109.27064">
        <ele>2963.38</ele>
      </trkpt>
      <trkpt lat="42.71806" lon="-109.27063">
        <ele>2963.62</ele>
      </trkpt>
      <trkpt lat="42.71811" lon="-109.27061">
        <ele>2963.42</ele>
      </trkpt>
      <trkpt lat="42.71815" lon="-109.27057">
        <ele>2963.16</ele>
      </trkpt>
      <trkpt lat="42.71819" lon="-109.27055">
        <ele>2962.88</ele>
      </trkpt>
      <trkpt lat="42.71821" lon="-109.27055">
        <ele>2962.88</ele>
      </trkpt>
      <trkpt lat="42.71829" lon="-109.27052">
        <ele>2962.23</ele>
      </trkpt>
      <trkpt lat="42.71833" lon="-109.27049">
        <ele>2961.58</ele>
      </trkpt>
      <trkpt lat="42.71838" lon="-109.27048">
        <ele>2961.78</ele>
      </trkpt>
      <trkpt lat="42.71842" lon="-109.27046">
        <ele>2961.9</ele>
      </trkpt>
      <trkpt lat="42.71847" lon="-109.27047">
        <ele>2962.08</ele>
      </trkpt>
      <trkpt lat="42.71852" lon="-109.27047">
        <ele>2962.08</ele>
      </trkpt>
      <trkpt lat="42.71857" lon="-109.27047">
        <ele>2962.08</ele>
      </trkpt>
      <trkpt lat="42.71859" lon="-109.27047">
        <ele>2962.08</ele>
      </trkpt>
      <trkpt lat="42.71873" lon="-109.2705">
        <ele>2962.4</ele>
      </trkpt>
      <trkpt lat="42.71878" lon="-109.27051">
        <ele>2962.51</ele>
      </trkpt>
      <trkpt lat="42.71882" lon="-109.27053">
        <ele>2962.72</ele>
      </trkpt>
      <trkpt lat="42.71887" lon="-109.27055">
        <ele>2962.94</ele>
      </trkpt>
      <trkpt lat="42.71891" lon="-109.27057">
        <ele>2963.16</ele>
      </trkpt>
      <trkpt lat="42.71896" lon="-109.27057">
        <ele>2963.16</ele>
      </trkpt>
      <trkpt lat="42.71901" lon="-109.27056">
        <ele>2963.05</ele>
      </trkpt>
      <trkpt lat="42.71906" lon="-109.27055">
        <ele>2962.94</ele>
      </trkpt>
      <trkpt lat="42.71907" lon="-109.27055">
        <ele>2962.94</ele>
      </trkpt>
      <trkpt lat="42.71927" lon="-109.27055">
        <ele>2963.94</ele>
      </trkpt>
      <trkpt lat="42.71932" lon="-109.27056">
        <ele>2964.05</ele>
      </trkpt>
      <trkpt lat="42.71937" lon="-109.27057">
        <ele>2964.32</ele>
      </trkpt>
      <trkpt lat="42.71942" lon="-109.27059">
        <ele>2964.83</ele>
      </trkpt>
      <trkpt lat="42.71946" lon="-109.27062">
        <ele>2965.12</ele>
      </trkpt>
      <trkpt lat="42.7195" lon="-109.27066">
        <ele>2965.65</ele>
      </trkpt>
      <trkpt lat="42.71953" lon="-109.27069">
        <ele>2965.96</ele>
      </trkpt>
      <trkpt lat="42.71959" lon="-109.27079">
        <ele>2966.53</ele>
      </trkpt>
      <trkpt lat="42.71963" lon="-109.27083">
        <ele>2966.96</ele>
      </trkpt>
      <trkpt lat="42.71967" lon="-109.27086">
        <ele>2967.16</ele>
      </trkpt>
      <trkpt lat="42.7197" lon="-109.2709">
        <ele>2967.17</ele>
      </trkpt>
      <trkpt lat="42.71974" lon="-109.27093">
        <ele>2967.04</ele>
      </trkpt>
      <trkpt lat="42.71979" lon="-109.27095">
        <ele>2967.07</ele>
      </trkpt>
      <trkpt lat="42.71983" lon="-109.27098">
        <ele>2966.93</ele>
      </trkpt>
      <trkpt lat="42.71985" lon="-109.271">
        <ele>2966.92</ele>
      </trkpt>
      <trkpt lat="42.71997" lon="-109.27118">
        <ele>2967.32</ele>
      </trkpt>
      <trkpt lat="42.72" lon="-109.27122">
        <ele>2967.18</ele>
      </trkpt>
      <trkpt lat="42.72005" lon="-109.27125">
        <ele>2966.96</ele>
      </trkpt>
      <trkpt lat="42.72009" lon="-109.27128">
        <ele>2966.85</ele>
      </trkpt>
      <trkpt lat="42.72011" lon="-109.2713">
        <ele>2966.85</ele>
      </trkpt>
      <trkpt lat="42.72017" lon="-109.2714">
        <ele>2967.16</ele>
      </trkpt>
      <trkpt lat="42.72018" lon="-109.27146">
        <ele>2967.06</ele>
      </trkpt>
      <trkpt lat="42.72019" lon="-109.27152">
        <ele>2967.36</ele>
      </trkpt>
      <trkpt lat="42.72021" lon="-109.27158">
        <ele>2967.8</ele>
      </trkpt>
      <trkpt lat="42.72024" lon="-109.27163">
        <ele>2968.01</ele>
      </trkpt>
      <trkpt lat="42.72026" lon="-109.27169">
        <ele>2968.7</ele>
      </trkpt>
      <trkpt lat="42.72028" lon="-109.27175">
        <ele>2969.75</ele>
      </trkpt>
      <trkpt lat="42.72029" lon="-109.27182">
        <ele>2970.48</ele>
      </trkpt>
      <trkpt lat="42.72029" lon="-109.27185">
        <ele>2970.85</ele>
      </trkpt>
      <trkpt lat="42.72032" lon="-109.27192">
        <ele>2972.02</ele>
      </trkpt>
      <trkpt lat="42.72036" lon="-109.27197">
        <ele>2972.63</ele>
      </trkpt>
      <trkpt lat="42.72038" lon="-109.27198">
        <ele>2972.66</ele>
      </trkpt>
      <trkpt lat="42.72059" lon="-109.27219">
        <ele>2973.93</ele>
      </trkpt>
      <trkpt lat="42.72062" lon="-109.27223">
        <ele>2974.47</ele>
      </trkpt>
      <trkpt lat="42.72067" lon="-109.27227">
        <ele>2974.56</ele>
      </trkpt>
      <trkpt lat="42.72071" lon="-109.2723">
        <ele>2974.34</ele>
      </trkpt>
      <trkpt lat="42.72075" lon="-109.27234">
        <ele>2974.34</ele>
      </trkpt>
      <trkpt lat="42.72078" lon="-109.27239">
        <ele>2974.78</ele>
      </trkpt>
      <trkpt lat="42.7208" lon="-109.27244">
        <ele>2975.07</ele>
      </trkpt>
      <trkpt lat="42.72082" lon="-109.27251">
        <ele>2975.4</ele>
      </trkpt>
      <trkpt lat="42.72082" lon="-109.27252">
        <ele>2975.5</ele>
      </trkpt>
      <trkpt lat="42.72083" lon="-109.27259">
        <ele>2976.04</ele>
      </trkpt>
      <trkpt lat="42.72081" lon="-109.27265">
        <ele>2976.97</ele>
      </trkpt>
      <trkpt lat="42.72081" lon="-109.27271">
        <ele>2977.52</ele>
      </trkpt>
      <trkpt lat="42.72082" lon="-109.27278">
        <ele>2978.17</ele>
      </trkpt>
      <trkpt lat="42.72086" lon="-109.27282">
        <ele>2978.17</ele>
      </trkpt>
      <trkpt lat="42.7209" lon="-109.27287">
        <ele>2978.28</ele>
      </trkpt>
      <trkpt lat="42.72094" lon="-109.27291">
        <ele>2977.76</ele>
      </trkpt>
      <trkpt lat="42.72095" lon="-109.27292">
        <ele>2977.62</ele>
      </trkpt>
      <trkpt lat="42.72106" lon="-109.273">
        <ele>2977.4</ele>
      </trkpt>
      <trkpt lat="42.7211" lon="-109.27301">
        <ele>2977.51</ele>
      </trkpt>
      <trkpt lat="42.72115" lon="-109.27301">
        <ele>2977.09</ele>
      </trkpt>
      <trkpt lat="42.7212" lon="-109.273">
        <ele>2976.44</ele>
      </trkpt>
      <trkpt lat="42.72124" lon="-109.27297">
        <ele>2976.08</ele>
      </trkpt>
      <trkpt lat="42.72129" lon="-109.27297">
        <ele>2976.08</ele>
      </trkpt>
      <trkpt lat="42.72134" lon="-109.27299">
        <ele>2975.82</ele>
      </trkpt>
      <trkpt lat="42.72139" lon="-109.273">
        <ele>2975.4</ele>
      </trkpt>
      <trkpt lat="42.72144" lon="-109.27301">
        <ele>2975.51</ele>
      </trkpt>
      <trkpt lat="42.72144" lon="-109.27301">
        <ele>2975.51</ele>
      </trkpt>
      <trkpt lat="42.72164" lon="-109.27303">
        <ele>2975.72</ele>
      </trkpt>
      <trkpt lat="42.72169" lon="-109.27305">
        <ele>2975.96</ele>
      </trkpt>
      <trkpt lat="42.72174" lon="-109.27307">
        <ele>2976.16</ele>
      </trkpt>
      <trkpt lat="42.72178" lon="-109.27309">
        <ele>2976.6</ele>
      </trkpt>
      <trkpt lat="42.72182" lon="-109.27313">
        <ele>2977.46</ele>
      </trkpt>
      <trkpt lat="42.72186" lon="-109.27318">
        <ele>2978.4</ele>
      </trkpt>
      <trkpt lat="42.72189" lon="-109.27322">
        <ele>2978.87</ele>
      </trkpt>
      <trkpt lat="42.72194" lon="-109.27323">
        <ele>2978.99</ele>
      </trkpt>
      <trkpt lat="42.72199" lon="-109.27323">
        <ele>2979.43</ele>
      </trkpt>
      <trkpt lat="42.722" lon="-109.27323">
        <ele>2979.53</ele>
      </trkpt>
      <trkpt lat="42.72211" lon="-109.27326">
        <ele>2981.0</ele>
      </trkpt>
      <trkpt lat="42.72215" lon="-109.27331">
        <ele>2981.91</ele>
      </trkpt>
      <trkpt lat="42.72218" lon="-109.27335">
        <ele>2982.72</ele>
      </trkpt>
      <trkpt lat="42.72222" lon="-109.2734">
        <ele>2983.7</ele>
      </trkpt>
      <trkpt lat="42.72226" lon="-109.27341">
        <ele>2984.17</ele>
      </trkpt>
      <trkpt lat="42.72231" lon="-109.27341">
        <ele>2984.61</ele>
      </trkpt>
      <trkpt lat="42.72236" lon="-109.27344">
        <ele>2985.15</ele>
      </trkpt>
      <trkpt lat="42.72238" lon="-109.27349">
        <ele>2985.69</ele>
      </trkpt>
      <trkpt lat="42.72239" lon="-109.2735">
        <ele>2985.8</ele>
      </trkpt>
      <trkpt lat="42.72244" lon="-109.27365">
        <ele>2988.15</ele>
      </trkpt>
      <trkpt lat="42.72247" lon="-109.27369">
        <ele>2988.58</ele>
      </trkpt>
      <trkpt lat="42.72251" lon="-109.27372">
        <ele>2989.0</ele>
      </trkpt>
      <trkpt lat="42.72256" lon="-109.27375">
        <ele>2989.0</ele>
      </trkpt>
      <trkpt lat="42.7226" lon="-109.27379">
        <ele>2989.0</ele>
      </trkpt>
      <trkpt lat="42.72263" lon="-109.27382">
        <ele>2989.26</ele>
      </trkpt>
      <trkpt lat="42.72282" lon="-109.27394">
        <ele>2990.0</ele>
      </trkpt>
      <trkpt lat="42.72286" lon="-109.27398">
        <ele>2990.0</ele>
      </trkpt>
      <trkpt lat="42.72289" lon="-109.27403">
        <ele>2990.52</ele>
      </trkpt>
      <trkpt lat="42.72293" lon="-109.27409">
        <ele>2991.0</ele>
      </trkpt>
      <trkpt lat="42.72297" lon="-109.27413">
        <ele>2991.0</ele>
      </trkpt>
      <trkpt lat="42.72297" lon="-109.27413">
        <ele>2991.0</ele>
      </trkpt>
      <trkpt lat="42.72321" lon="-109.2743">
        <ele>2991.63</ele>
      </trkpt>
      <trkpt lat="42.72325" lon="-109.27434">
        <ele>2991.87</ele>
      </trkpt>
      <trkpt lat="42.72328" lon="-109.27436">
        <ele>2992.0</ele>
      </trkpt>
      <trkpt lat="42.72347" lon="-109.27459">
        <ele>2992.3</ele>
      </trkpt>
      <trkpt lat="42.72351" lon="-109.27464">
        <ele>2992.19</ele>
      </trkpt>
      <trkpt lat="42.72355" lon="-109.27468">
        <ele>2992.54</ele>
      </trkpt>
      <trkpt lat="42.72358" lon="-109.27472">
        <ele>2992.98</ele>
      </trkpt>
      <trkpt lat="42.72362" lon="-109.27476">
        <ele>2992.94</ele>
      </trkpt>
      <trkpt lat="42.72365" lon="-109.27479">
        <ele>2992.89</ele>
      </trkpt>
      <trkpt lat="42.72378" lon="-109.27492">
        <ele>2994.14</ele>
      </trkpt>
      <trkpt lat="42.72383" lon="-109.27494">
        <ele>2994.35</ele>
      </trkpt>
      <trkpt lat="42.72388" lon="-109.27496">
        <ele>2994.57</ele>
      </trkpt>
      <trkpt lat="42.72392" lon="-109.27498">
        <ele>2994.78</ele>
      </trkpt>
      <trkpt lat="42.72397" lon="-109.27499">
        <ele>2994.89</ele>
      </trkpt>
      <trkpt lat="42.724" lon="-109.275">
        <ele>2995.0</ele>
      </trkpt>
      <trkpt lat="42.72429" lon="-109.2751">
        <ele>2997.41</ele>
      </trkpt>
      <trkpt lat="42.72434" lon="-109.27512">
        <ele>2998.17</ele>
      </trkpt>
      <trkpt lat="42.72438" lon="-109.27516">
        <ele>2998.95</ele>
      </trkpt>
      <trkpt lat="42.72442" lon="-109.2752">
        <ele>2999.9</ele>
      </trkpt>
      <trkpt lat="42.72444" lon="-109.27526">
        <ele>3000.76</ele>
      </trkpt>
      <trkpt lat="42.72444" lon="-109.27526">
        <ele>3000.76</ele>
      </trkpt>
      <trkpt lat="42.72447" lon="-109.27534">
        <ele>3001.67</ele>
      </trkpt>
      <trkpt lat="42.72448" lon="-109.27541">
        <ele>3002.43</ele>
      </trkpt>
      <trkpt lat="42.72449" lon="-109.27547">
        <ele>3003.04</ele>
      </trkpt>
      <trkpt lat="42.72451" lon="-109.27552">
        <ele>3003.44</ele>
      </trkpt>
      <trkpt lat="42.72456" lon="-109.27556">
        <ele>3004.05</ele>
      </trkpt>
      <trkpt lat="42.7246" lon="-109.27557">
        <ele>3004.16</ele>
      </trkpt>
      <trkpt lat="42.72465" lon="-109.27557">
        <ele>3004.16</ele>
      </trkpt>
      <trkpt lat="42.7247" lon="-109.27557">
        <ele>3004.16</ele>
      </trkpt>
      <trkpt lat="42.72473" lon="-109.27559">
        <ele>3004.37</ele>
      </trkpt>
      <trkpt lat="42.72487" lon="-109.27564">
        <ele>3004.91</ele>
      </trkpt>
      <trkpt lat="42.72492" lon="-109.27564">
        <ele>3004.91</ele>
      </trkpt>
      <trkpt lat="42.72496" lon="-109.27564">
        <ele>3004.91</ele>
      </trkpt>
      <trkpt lat="42.72501" lon="-109.27566">
        <ele>3005.03</ele>
      </trkpt>
      <trkpt lat="42.72506" lon="-109.27569">
        <ele>3005.1</ele>
      </trkpt>
      <trkpt lat="42.7251" lon="-109.27572">
        <ele>3005.55</ele>
      </trkpt>
      <trkpt lat="42.7251" lon="-109.27572">
        <ele>3005.55</ele>
      </trkpt>
      <trkpt lat="42.72523" lon="-109.27588">
        <ele>3008.25</ele>
      </trkpt>
      <trkpt lat="42.72527" lon="-109.27591">
        <ele>3008.81</ele>
      </trkpt>
      <trkpt lat="42.72531" lon="-109.27593">
        <ele>3009.42</ele>
      </trkpt>
      <trkpt lat="42.72535" lon="-109.27593">
        <ele>3009.83</ele>
      </trkpt>
      <trkpt lat="42.72547" lon="-109.27599">
        <ele>3011.41</ele>
      </trkpt>
      <trkpt lat="42.72551" lon="-109.27604">
        <ele>3012.35</ele>
      </trkpt>
      <trkpt lat="42.72556" lon="-109.27605">
        <ele>3012.71</ele>
      </trkpt>
      <trkpt lat="42.7256" lon="-109.27605">
        <ele>3013.0</ele>
      </trkpt>
      <trkpt lat="42.72565" lon="-109.27603">
        <ele>3013.13</ele>
      </trkpt>
      <trkpt lat="42.72568" lon="-109.27601">
        <ele>3012.85</ele>
      </trkpt>
      <trkpt lat="42.7259" lon="-109.27603">
        <ele>3014.12</ele>
      </trkpt>
      <trkpt lat="42.72594" lon="-109.27603">
        <ele>3014.14</ele>
      </trkpt>
      <trkpt lat="42.72599" lon="-109.27605">
        <ele>3014.58</ele>
      </trkpt>
      <trkpt lat="42.72604" lon="-109.27607">
        <ele>3015.22</ele>
      </trkpt>
      <trkpt lat="42.72604" lon="-109.27607">
        <ele>3015.22</ele>
      </trkpt>
      <trkpt lat="42.7262" lon="-109.2761">
        <ele>3015.88</ele>
      </trkpt>
      <trkpt lat="42.72625" lon="-109.27611">
        <ele>3015.99</ele>
      </trkpt>
      <trkpt lat="42.7263" lon="-109.27612">
        <ele>3016.23</ele>
      </trkpt>
      <trkpt lat="42.72635" lon="-109.27612">
        <ele>3016.72</ele>
      </trkpt>
      <trkpt lat="42.7264" lon="-109.27612">
        <ele>3017.22</ele>
      </trkpt>
      <trkpt lat="42.72642" lon="-109.27612">
        <ele>3017.43</ele>
      </trkpt>
      <trkpt lat="42.72659" lon="-109.27612">
        <ele>3018.35</ele>
      </trkpt>
      <trkpt lat="42.72663" lon="-109.2761">
        <ele>3018.48</ele>
      </trkpt>
      <trkpt lat="42.72668" lon="-109.27609">
        <ele>3018.88</ele>
      </trkpt>
      <trkpt lat="42.72673" lon="-109.2761">
        <ele>3019.48</ele>
      </trkpt>
      <trkpt lat="42.72678" lon="-109.27611">
        <ele>3019.98</ele>
      </trkpt>
      <trkpt lat="42.72683" lon="-109.27613">
        <ele>3020.36</ele>
      </trkpt>
      <trkpt lat="42.72687" lon="-109.27616">
        <ele>3021.15</ele>
      </trkpt>
      <trkpt lat="42.7269" lon="-109.27617">
        <ele>3021.46</ele>
      </trkpt>
      <trkpt lat="42.72707" lon="-109.27622">
        <ele>3022.65</ele>
      </trkpt>
      <trkpt lat="42.72711" lon="-109.27624">
        <ele>3023.26</ele>
      </trkpt>
      <trkpt lat="42.72715" lon="-109.27627">
        <ele>3023.72</ele>
      </trkpt>
      <trkpt lat="42.7272" lon="-109.2763">
        <ele>3024.08</ele>
      </trkpt>
      <trkpt lat="42.72725" lon="-109.27631">
        <ele>3024.3</ele>
      </trkpt>
      <trkpt lat="42.72727" lon="-109.27632">
        <ele>3024.51</ele>
      </trkpt>
      <trkpt lat="42.72746" lon="-109.27634">
        <ele>3024.94</ele>
      </trkpt>
      <trkpt lat="42.7275" lon="-109.27635">
        <ele>3025.16</ele>
      </trkpt>
      <trkpt lat="42.72755" lon="-109.27636">
        <ele>3025.0</ele>
      </trkpt>
      <trkpt lat="42.7276" lon="-109.27636">
        <ele>3024.69</ele>
      </trkpt>
      <trkpt lat="42.72765" lon="-109.27636">
        <ele>3024.69</ele>
      </trkpt>
      <trkpt lat="42.7277" lon="-109.27636">
        <ele>3024.85</ele>
      </trkpt>
      <trkpt lat="42.72775" lon="-109.27636">
        <ele>3025.39</ele>
      </trkpt>
      <trkpt lat="42.72777" lon="-109.27636">
        <ele>3025.6</ele>
      </trkpt>
      <trkpt lat="42.7279" lon="-109.27635">
        <ele>3025.58</ele>
      </trkpt>
      <trkpt lat="42.72795" lon="-109.27637">
        <ele>3025.8</ele>
      </trkpt>
      <trkpt lat="42.728" lon="-109.2764">
        <ele>3026.59</ele>
      </trkpt>
      <trkpt lat="42.72804" lon="-109.27643">
        <ele>3027.35</ele>
      </trkpt>
      <trkpt lat="42.72809" lon="-109.27643">
        <ele>3027.44</ele>
      </trkpt>
      <trkpt lat="42.72814" lon="-109.27644">
        <ele>3027.55</ele>
      </trkpt>
      <trkpt lat="42.72819" lon="-109.27645">
        <ele>3027.81</ele>
      </trkpt>
      <trkpt lat="42.72822" lon="-109.27647">
        <ele>3027.97</ele>
      </trkpt>
      <trkpt lat="42.72832" lon="-109.27646">
        <ele>3028.66</ele>
      </trkpt>
      <trkpt lat="42.72837" lon="-109.27646">
        <ele>3028.77</ele>
      </trkpt>
      <trkpt lat="42.72842" lon="-109.27645">
        <ele>3028.66</ele>
      </trkpt>
      <trkpt lat="42.72847" lon="-109.27644">
        <ele>3028.55</ele>
      </trkpt>
      <trkpt lat="42.72852" lon="-109.27644">
        <ele>3028.56</ele>
      </trkpt>
      <trkpt lat="42.72857" lon="-109.27644">
        <ele>3028.8</ele>
      </trkpt>
      <trkpt lat="42.72862" lon="-109.27646">
        <ele>3029.07</ele>
      </trkpt>
      <trkpt lat="42.72865" lon="-109.27646">
        <ele>3029.32</ele>
      </trkpt>
      <trkpt lat="42.72883" lon="-109.2765">
        <ele>3030.49</ele>
      </trkpt>
      <trkpt lat="42.72887" lon="-109.27652">
        <ele>3030.88</ele>
      </trkpt>
      <trkpt lat="42.72893" lon="-109.27653">
        <ele>3031.23</ele>
      </trkpt>
      <trkpt lat="42.72897" lon="-109.27653">
        <ele>3031.46</ele>
      </trkpt>
      <trkpt lat="42.72902" lon="-109.27654">
        <ele>3031.79</ele>
      </trkpt>
      <trkpt lat="42.72906" lon="-109.27655">
        <ele>3031.96</ele>
      </trkpt>
      <trkpt lat="42.72933" lon="-109.27664">
        <ele>3032.93</ele>
      </trkpt>
      <trkpt lat="42.72938" lon="-109.27665">
        <ele>3033.0</ele>
      </trkpt>
      <trkpt lat="42.72943" lon="-109.27667">
        <ele>3033.03</ele>
      </trkpt>
      <trkpt lat="42.72948" lon="-109.27668">
        <ele>3033.14</ele>
      </trkpt>
      <trkpt lat="42.72952" lon="-109.2767">
        <ele>3033.36</ele>
      </trkpt>
      <trkpt lat="42.72957" lon="-109.27672">
        <ele>3033.73</ele>
      </trkpt>
      <trkpt lat="42.72961" lon="-109.27674">
        <ele>3033.96</ele>
      </trkpt>
      <trkpt lat="42.72974" lon="-109.27682">
        <ele>3034.0</ele>
      </trkpt>
      <trkpt lat="42.72979" lon="-109.27685">
        <ele>3034.0</ele>
      </trkpt>
      <trkpt lat="42.72983" lon="-109.27688">
        <ele>3034.0</ele>
      </trkpt>
      <trkpt lat="42.72989" lon="-109.27691">
        <ele>3034.0</ele>
      </trkpt>
      <trkpt lat="42.72993" lon="-109.27693">
        <ele>3034.0</ele>
      </trkpt>
      <trkpt lat="42.72998" lon="-109.27694">
        <ele>3034.0</ele>
      </trkpt>
      <trkpt lat="42.72998" lon="-109.27694">
        <ele>3034.0</ele>
      </trkpt>
      <trkpt lat="42.73013" lon="-109.277">
        <ele>3034.6</ele>
      </trkpt>
      <trkpt lat="42.73017" lon="-109.27702">
        <ele>3034.82</ele>
      </trkpt>
      <trkpt lat="42.73022" lon="-109.27705">
        <ele>3034.68</ele>
      </trkpt>
      <trkpt lat="42.73027" lon="-109.27708">
        <ele>3034.51</ele>
      </trkpt>
      <trkpt lat="42.73032" lon="-109.27711">
        <ele>3034.79</ele>
      </trkpt>
      <trkpt lat="42.73036" lon="-109.27714">
        <ele>3035.0</ele>
      </trkpt>
      <trkpt lat="42.73037" lon="-109.27716">
        <ele>3035.0</ele>
      </trkpt>
      <trkpt lat="42.7306" lon="-109.27737">
        <ele>3034.31</ele>
      </trkpt>
      <trkpt lat="42.73064" lon="-109.2774">
        <ele>3034.08</ele>
      </trkpt>
      <trkpt lat="42.73069" lon="-109.27744">
        <ele>3034.0</ele>
      </trkpt>
      <trkpt lat="42.73069" lon="-109.27744">
        <ele>3034.0</ele>
      </trkpt>
      <trkpt lat="42.73098" lon="-109.27771">
        <ele>3033.57</ele>
      </trkpt>
      <trkpt lat="42.73102" lon="-109.27774">
        <ele>3033.58</ele>
      </trkpt>
      <trkpt lat="42.73106" lon="-109.27778">
        <ele>3033.56</ele>
      </trkpt>
      <trkpt lat="42.73109" lon="-109.2778">
        <ele>3033.41</ele>
      </trkpt>
      <trkpt lat="42.7313" lon="-109.27793">
        <ele>3033.0</ele>
      </trkpt>
      <trkpt lat="42.73134" lon="-109.27796">
        <ele>3033.0</ele>
      </trkpt>
      <trkpt lat="42.73139" lon="-109.27799">
        <ele>3033.0</ele>
      </trkpt>
      <trkpt lat="42.73143" lon="-109.27803">
        <ele>3033.0</ele>
      </trkpt>
      <trkpt lat="42.73147" lon="-109.27805">
        <ele>3033.0</ele>
      </trkpt>
      <trkpt lat="42.73159" lon="-109.27815">
        <ele>3033.0</ele>
      </trkpt>
      <trkpt lat="42.73164" lon="-109.27817">
        <ele>3033.0</ele>
      </trkpt>
      <trkpt lat="42.73168" lon="-109.27819">
        <ele>3033.0</ele>
      </trkpt>
      <trkpt lat="42.73173" lon="-109.27822">
        <ele>3033.0</ele>
      </trkpt>
      <trkpt lat="42.73178" lon="-109.27825">
        <ele>3033.0</ele>
      </trkpt>
      <trkpt lat="42.73182" lon="-109.27828">
        <ele>3033.0</ele>
      </trkpt>
      <trkpt lat="42.73182" lon="-109.27828">
        <ele>3033.0</ele>
      </trkpt>
      <trkpt lat="42.73193" lon="-109.27837">
        <ele>3033.0</ele>
      </trkpt>
      <trkpt lat="42.73197" lon="-109.27839">
        <ele>3032.89</ele>
      </trkpt>
      <trkpt lat="42.73201" lon="-109.27842">
        <ele>3032.95</ele>
      </trkpt>
      <trkpt lat="42.73206" lon="-109.27844">
        <ele>3032.79</ele>
      </trkpt>
      <trkpt lat="42.73211" lon="-109.27845">
        <ele>3032.42</ele>
      </trkpt>
      <trkpt lat="42.73212" lon="-109.27846">
        <ele>3032.43</ele>
      </trkpt>
      <trkpt lat="42.73225" lon="-109.27851">
        <ele>3032.0</ele>
      </trkpt>
      <trkpt lat="42.7323" lon="-109.27853">
        <ele>3032.12</ele>
      </trkpt>
      <trkpt lat="42.73235" lon="-109.27855">
        <ele>3032.21</ele>
      </trkpt>
      <trkpt lat="42.7324" lon="-109.27857">
        <ele>3032.04</ele>
      </trkpt>
      <trkpt lat="42.73242" lon="-109.27859">
        <ele>3031.97</ele>
      </trkpt>
      <trkpt lat="42.7325" lon="-109.27862">
        <ele>3032.0</ele>
      </trkpt>
      <trkpt lat="42.73255" lon="-109.27864">
        <ele>3032.0</ele>
      </trkpt>
      <trkpt lat="42.7326" lon="-109.27865">
        <ele>3031.95</ele>
      </trkpt>
      <trkpt lat="42.73264" lon="-109.27865">
        <ele>3031.7</ele>
      </trkpt>
      <trkpt lat="42.7327" lon="-109.27866">
        <ele>3031.53</ele>
      </trkpt>
      <trkpt lat="42.73275" lon="-109.27866">
        <ele>3031.53</ele>
      </trkpt>
      <trkpt lat="42.73276" lon="-109.27866">
        <ele>3031.53</ele>
      </trkpt>
      <trkpt lat="42.73298" lon="-109.27867">
        <ele>3030.64</ele>
      </trkpt>
      <trkpt lat="42.73303" lon="-109.27868">
        <ele>3030.74</ele>
      </trkpt>
      <trkpt lat="42.73308" lon="-109.2787">
        <ele>3030.71</ele>
      </trkpt>
      <trkpt lat="42.73312" lon="-109.27872">
        <ele>3030.43</ele>
      </trkpt>
      <trkpt lat="42.73317" lon="-109.27875">
        <ele>3030.38</ele>
      </trkpt>
      <trkpt lat="42.73319" lon="-109.27875">
        <ele>3030.27</ele>
      </trkpt>
      <trkpt lat="42.73325" lon="-109.27879">
        <ele>3030.0</ele>
      </trkpt>
      <trkpt lat="42.7333" lon="-109.27882">
        <ele>3030.26</ele>
      </trkpt>
      <trkpt lat="42.73334" lon="-109.27885">
        <ele>3030.54</ele>
      </trkpt>
      <trkpt lat="42.73338" lon="-109.27887">
        <ele>3030.39</ele>
      </trkpt>
      <trkpt lat="42.73343" lon="-109.27889">
        <ele>3030.01</ele>
      </trkpt>
      <trkpt lat="42.73347" lon="-109.2789">
        <ele>3030.06</ele>
      </trkpt>
      <trkpt lat="42.73349" lon="-109.2789">
        <ele>3030.04</ele>
      </trkpt>
      <trkpt lat="42.73358" lon="-109.27901">
        <ele>3030.1</ele>
      </trkpt>
      <trkpt lat="42.73361" lon="-109.27906">
        <ele>3030.01</ele>
      </trkpt>
      <trkpt lat="42.73364" lon="-109.27909">
        <ele>3030.12</ele>
      </trkpt>
      <trkpt lat="42.73368" lon="-109.27912">
        <ele>3030.13</ele>
      </trkpt>
      <trkpt lat="42.73372" lon="-109.27916">
        <ele>3029.99</ele>
      </trkpt>
      <trkpt lat="42.73375" lon="-109.27921">
        <ele>3030.23</ele>
      </trkpt>
      <trkpt lat="42.73377" lon="-109.27924">
        <ele>3030.22</ele>
      </trkpt>
      <trkpt lat="42.73379" lon="-109.27927">
        <ele>3030.18</ele>
      </trkpt>
      <trkpt lat="42.73384" lon="-109.2793">
        <ele>3030.23</ele>
      </trkpt>
      <trkpt lat="42.73388" lon="-109.27932">
        <ele>3030.06</ele>
      </trkpt>
      <trkpt lat="42.73391" lon="-109.27936">
        <ele>3030.09</ele>
      </trkpt>
      <trkpt lat="42.73395" lon="-109.2794">
        <ele>3030.52</ele>
      </trkpt>
      <trkpt lat="42.73401" lon="-109.27946">
        <ele>3030.69</ele>
      </trkpt>
      <trkpt lat="42.73404" lon="-109.27951">
        <ele>3030.37</ele>
      </trkpt>
      <trkpt lat="42.73408" lon="-109.27956">
        <ele>3030.25</ele>
      </trkpt>
      <trkpt lat="42.73409" lon="-109.27958">
        <ele>3030.46</ele>
      </trkpt>
      <trkpt lat="42.73413" lon="-109.27966">
        <ele>3031.13</ele>
      </trkpt>
      <trkpt lat="42.73414" lon="-109.27974">
        <ele>3031.42</ele>
      </trkpt>
      <trkpt lat="42.73414" lon="-109.27979">
        <ele>3031.81</ele>
      </trkpt>
      <trkpt lat="42.73413" lon="-109.27983">
        <ele>3032.0</ele>
      </trkpt>
      <trkpt lat="42.73415" lon="-109.27989">
        <ele>3032.0</ele>
      </trkpt>
      <trkpt lat="42.73419" lon="-109.27994">
        <ele>3032.0</ele>
      </trkpt>
      <trkpt lat="42.73422" lon="-109.27999">
        <ele>3032.0</ele>
      </trkpt>
      <trkpt lat="42.73425" lon="-109.28004">
        <ele>3032.04</ele>
      </trkpt>
      <trkpt lat="42.73426" lon="-109.2801">
        <ele>3032.08</ele>
      </trkpt>
      <trkpt lat="42.73428" lon="-109.28016">
        <ele>3032.56</ele>
      </trkpt>
      <trkpt lat="42.73428" lon="-109.28017">
        <ele>3032.65</ele>
      </trkpt>
      <trkpt lat="42.73433" lon="-109.28038">
        <ele>3033.32</ele>
      </trkpt>
      <trkpt lat="42.73434" lon="-109.28044">
        <ele>3033.78</ele>
      </trkpt>
      <trkpt lat="42.73434" lon="-109.2805">
        <ele>3034.05</ele>
      </trkpt>
      <trkpt lat="42.73435" lon="-109.28058">
        <ele>3034.02</ele>
      </trkpt>
      <trkpt lat="42.73436" lon="-109.28063">
        <ele>3034.0</ele>
      </trkpt>
      <trkpt lat="42.73442" lon="-109.28081">
        <ele>3034.81</ele>
      </trkpt>
      <trkpt lat="42.73445" lon="-109.28085">
        <ele>3034.94</ele>
      </trkpt>
      <trkpt lat="42.73449" lon="-109.2809">
        <ele>3034.51</ele>
      </trkpt>
      <trkpt lat="42.73453" lon="-109.28093">
        <ele>3034.12</ele>
      </trkpt>
      <trkpt lat="42.73458" lon="-109.28096">
        <ele>3034.2</ele>
      </trkpt>
      <trkpt lat="42.73462" lon="-109.28098">
        <ele>3034.06</ele>
      </trkpt>
      <trkpt lat="42.73466" lon="-109.28101">
        <ele>3033.67</ele>
      </trkpt>
      <trkpt lat="42.73469" lon="-109.28106">
        <ele>3033.64</ele>
      </trkpt>
      <trkpt lat="42.73472" lon="-109.28112">
        <ele>3034.0</ele>
      </trkpt>
      <trkpt lat="42.73474" lon="-109.28117">
        <ele>3033.93</ele>
      </trkpt>
      <trkpt lat="42.73475" lon="-109.28121">
        <ele>3034.05</ele>
      </trkpt>
      <trkpt lat="42.73473" lon="-109.28129">
        <ele>3034.85</ele>
      </trkpt>
      <trkpt lat="42.73474" lon="-109.28136">
        <ele>3034.94</ele>
      </trkpt>
      <trkpt lat="42.73478" lon="-109.2814">
        <ele>3035.05</ele>
      </trkpt>
      <trkpt lat="42.73482" lon="-109.28142">
        <ele>3034.96</ele>
      </trkpt>
      <trkpt lat="42.73487" lon="-109.28144">
        <ele>3034.73</ele>
      </trkpt>
      <trkpt lat="42.73492" lon="-109.28144">
        <ele>3034.42</ele>
      </trkpt>
      <trkpt lat="42.73496" lon="-109.28146">
        <ele>3034.2</ele>
      </trkpt>
      <trkpt lat="42.735" lon="-109.2815">
        <ele>3034.0</ele>
      </trkpt>
      <trkpt lat="42.73501" lon="-109.28151">
        <ele>3033.89</ele>
      </trkpt>
      <trkpt lat="42.73515" lon="-109.28167">
        <ele>3033.4</ele>
      </trkpt>
      <trkpt lat="42.73519" lon="-109.2817">
        <ele>3033.29</ele>
      </trkpt>
      <trkpt lat="42.73523" lon="-109.28172">
        <ele>3032.81</ele>
      </trkpt>
      <trkpt lat="42.73528" lon="-109.28174">
        <ele>3031.98</ele>
      </trkpt>
      <trkpt lat="42.73532" lon="-109.28175">
        <ele>3031.54</ele>
      </trkpt>
      <trkpt lat="42.73539" lon="-109.28174">
        <ele>3030.74</ele>
      </trkpt>
      <trkpt lat="42.73544" lon="-109.28173">
        <ele>3030.01</ele>
      </trkpt>
      <trkpt lat="42.73549" lon="-109.28172">
        <ele>3029.28</ele>
      </trkpt>
      <trkpt lat="42.73553" lon="-109.28171">
        <ele>3028.74</ele>
      </trkpt>
      <trkpt lat="42.73558" lon="-109.28171">
        <ele>3028.2</ele>
      </trkpt>
      <trkpt lat="42.73563" lon="-109.28171">
        <ele>3027.66</ele>
      </trkpt>
      <trkpt lat="42.73568" lon="-109.28173">
        <ele>3027.34</ele>
      </trkpt>
      <trkpt lat="42.73573" lon="-109.28174">
        <ele>3026.91</ele>
      </trkpt>
      <trkpt lat="42.73577" lon="-109.28176">
        <ele>3026.69</ele>
      </trkpt>
      <trkpt lat="42.73595" lon="-109.28192">
        <ele>3025.74</ele>
      </trkpt>
      <trkpt lat="42.73599" lon="-109.28196">
        <ele>3025.31</ele>
      </trkpt>
      <trkpt lat="42.73602" lon="-109.28201">
        <ele>3025.0</ele>
      </trkpt>
      <trkpt lat="42.73607" lon="-109.28206">
        <ele>3025.11</ele>
      </trkpt>
      <trkpt lat="42.73607" lon="-109.28207">
        <ele>3025.16</ele>
      </trkpt>
      <trkpt lat="42.73615" lon="-109.28216">
        <ele>3024.58</ele>
      </trkpt>
      <trkpt lat="42.7362" lon="-109.28217">
        <ele>3024.04</ele>
      </trkpt>
      <trkpt lat="42.73626" lon="-109.28216">
        <ele>3023.39</ele>
      </trkpt>
      <trkpt lat="42.7363" lon="-109.28216">
        <ele>3022.96</ele>
      </trkpt>
      <trkpt lat="42.73635" lon="-109.28216">
        <ele>3022.42</ele>
      </trkpt>
      <trkpt lat="42.7364" lon="-109.28215">
        <ele>3021.88</ele>
      </trkpt>
      <trkpt lat="42.73644" lon="-109.28214">
        <ele>3021.45</ele>
      </trkpt>
      <trkpt lat="42.7365" lon="-109.28212">
        <ele>3020.8</ele>
      </trkpt>
      <trkpt lat="42.73654" lon="-109.28209">
        <ele>3020.37</ele>
      </trkpt>
      <trkpt lat="42.73658" lon="-109.28206">
        <ele>3019.92</ele>
      </trkpt>
      <trkpt lat="42.73663" lon="-109.28204">
        <ele>3019.38</ele>
      </trkpt>
      <trkpt lat="42.73668" lon="-109.28206">
        <ele>3018.61</ele>
      </trkpt>
      <trkpt lat="42.73671" lon="-109.28211">
        <ele>3017.74</ele>
      </trkpt>
      <trkpt lat="42.73673" lon="-109.28216">
        <ele>3017.32</ele>
      </trkpt>
      <trkpt lat="42.73676" lon="-109.28222">
        <ele>3016.99</ele>
      </trkpt>
      <trkpt lat="42.73678" lon="-109.28226">
        <ele>3016.78</ele>
      </trkpt>
      <trkpt lat="42.73685" lon="-109.28243">
        <ele>3015.78</ele>
      </trkpt>
      <trkpt lat="42.73689" lon="-109.28247">
        <ele>3014.91</ele>
      </trkpt>
      <trkpt lat="42.73693" lon="-109.28251">
        <ele>3014.16</ele>
      </trkpt>
      <trkpt lat="42.73697" lon="-109.28254">
        <ele>3013.72</ele>
      </trkpt>
      <trkpt lat="42.737" lon="-109.28258">
        <ele>3013.4</ele>
      </trkpt>
      <trkpt lat="42.73702" lon="-109.28264">
        <ele>3013.18</ele>
      </trkpt>
      <trkpt lat="42.73702" lon="-109.28264">
        <ele>3013.18</ele>
      </trkpt>
      <trkpt lat="42.73706" lon="-109.28298">
        <ele>3011.5</ele>
      </trkpt>
      <trkpt lat="42.73706" lon="-109.28305">
        <ele>3011.5</ele>
      </trkpt>
      <trkpt lat="42.73706" lon="-109.28311">
        <ele>3011.95</ele>
      </trkpt>
      <trkpt lat="42.73707" lon="-109.28318">
        <ele>3011.59</ele>
      </trkpt>
      <trkpt lat="42.73709" lon="-109.28324">
        <ele>3010.29</ele>
      </trkpt>
      <trkpt lat="42.7371" lon="-109.2833">
        <ele>3008.68</ele>
      </trkpt>
      <trkpt lat="42.7371" lon="-109.28336">
        <ele>3007.67</ele>
      </trkpt>
      <trkpt lat="42.73711" lon="-109.2834">
        <ele>3006.92</ele>
      </trkpt>
      <trkpt lat="42.73709" lon="-109.28346">
        <ele>3006.76</ele>
      </trkpt>
      <trkpt lat="42.73707" lon="-109.28352">
        <ele>3006.27</ele>
      </trkpt>
      <trkpt lat="42.73706" lon="-109.28359">
        <ele>3005.73</ele>
      </trkpt>
      <trkpt lat="42.73706" lon="-109.28365">
        <ele>3005.08</ele>
      </trkpt>
      <trkpt lat="42.73706" lon="-109.28371">
        <ele>3004.49</ele>
      </trkpt>
      <trkpt lat="42.7371" lon="-109.28374">
        <ele>3003.37</ele>
      </trkpt>
      <trkpt lat="42.73712" lon="-109.2838">
        <ele>3002.35</ele>
      </trkpt>
      <trkpt lat="42.73715" lon="-109.28386">
        <ele>3002.47</ele>
      </trkpt>
      <trkpt lat="42.73719" lon="-109.2839">
        <ele>3002.47</ele>
      </trkpt>
      <trkpt lat="42.73723" lon="-109.28391">
        <ele>3002.14</ele>
      </trkpt>
      <trkpt lat="42.73728" lon="-109.28393">
        <ele>3001.82</ele>
      </trkpt>
      <trkpt lat="42.73728" lon="-109.28393">
        <ele>3001.82</ele>
      </trkpt>
      <trkpt lat="42.7374" lon="-109.28397">
        <ele>3000.96</ele>
      </trkpt>
      <trkpt lat="42.73744" lon="-109.28401">
        <ele>3000.65</ele>
      </trkpt>
      <trkpt lat="42.73748" lon="-109.28406">
        <ele>3000.22</ele>
      </trkpt>
      <trkpt lat="42.73751" lon="-109.2841">
        <ele>3000.25</ele>
      </trkpt>
      <trkpt lat="42.73755" lon="-109.28414">
        <ele>3000.33</ele>
      </trkpt>
      <trkpt lat="42.73758" lon="-109.2842">
        <ele>3000.5</ele>
      </trkpt>
      <trkpt lat="42.73758" lon="-109.2842">
        <ele>3000.5</ele>
      </trkpt>
      <trkpt lat="42.73766" lon="-109.2843">
        <ele>3001.44</ele>
      </trkpt>
      <trkpt lat="42.73772" lon="-109.2843">
        <ele>3001.44</ele>
      </trkpt>
      <trkpt lat="42.73776" lon="-109.28429">
        <ele>3001.33</ele>
      </trkpt>
      <trkpt lat="42.73781" lon="-109.28427">
        <ele>3001.16</ele>
      </trkpt>
      <trkpt lat="42.73785" lon="-109.28425">
        <ele>3000.9</ele>
      </trkpt>
      <trkpt lat="42.7379" lon="-109.28425">
        <ele>3001.22</ele>
      </trkpt>
      <trkpt lat="42.73795" lon="-109.28427">
        <ele>3001.99</ele>
      </trkpt>
      <trkpt lat="42.73799" lon="-109.28428">
        <ele>3002.45</ele>
      </trkpt>
      <trkpt lat="42.73807" lon="-109.28433">
        <ele>3003.0</ele>
      </trkpt>
      <trkpt lat="42.7381" lon="-109.28437">
        <ele>3003.1</ele>
      </trkpt>
      <trkpt lat="42.73813" lon="-109.28442">
        <ele>3003.14</ele>
      </trkpt>
      <trkpt lat="42.73816" lon="-109.28448">
        <ele>3002.41</ele>
      </trkpt>
      <trkpt lat="42.73818" lon="-109.28454">
        <ele>3001.69</ele>
      </trkpt>
      <trkpt lat="42.7382" lon="-109.2846">
        <ele>3002.12</ele>
      </trkpt>
      <trkpt lat="42.73824" lon="-109.28465">
        <ele>3002.23</ele>
      </trkpt>
      <trkpt lat="42.73827" lon="-109.28469">
        <ele>3002.34</ele>
      </trkpt>
      <trkpt lat="42.73829" lon="-109.28471">
        <ele>3002.34</ele>
      </trkpt>
      <trkpt lat="42.73833" lon="-109.28475">
        <ele>3002.64</ele>
      </trkpt>
      <trkpt lat="42.73837" lon="-109.28477">
        <ele>3002.64</ele>
      </trkpt>
      <trkpt lat="42.73842" lon="-109.2848">
        <ele>3002.74</ele>
      </trkpt>
      <trkpt lat="42.73844" lon="-109.2848">
        <ele>3002.55</ele>
      </trkpt>
      <trkpt lat="42.73862" lon="-109.28489">
        <ele>3001.73</ele>
      </trkpt>
      <trkpt lat="42.73866" lon="-109.28493">
        <ele>3001.83</ele>
      </trkpt>
      <trkpt lat="42.7387" lon="-109.28497">
        <ele>3001.74</ele>
      </trkpt>
      <trkpt lat="42.73874" lon="-109.285">
        <ele>3002.0</ele>
      </trkpt>
      <trkpt lat="42.73879" lon="-109.28501">
        <ele>3002.12</ele>
      </trkpt>
      <trkpt lat="42.73884" lon="-109.28502">
        <ele>3001.74</ele>
      </trkpt>
      <trkpt lat="42.73889" lon="-109.28503">
        <ele>3001.32</ele>
      </trkpt>
      <trkpt lat="42.73889" lon="-109.28503">
        <ele>3001.32</ele>
      </trkpt>
      <trkpt lat="42.73903" lon="-109.28504">
        <ele>3001.43</ele>
      </trkpt>
      <trkpt lat="42.73908" lon="-109.28502">
        <ele>3001.22</ele>
      </trkpt>
      <trkpt lat="42.73912" lon="-109.28499">
        <ele>3000.89</ele>
      </trkpt>
      <trkpt lat="42.73917" lon="-109.28496">
        <ele>3000.57</ele>
      </trkpt>
      <trkpt lat="42.73921" lon="-109.28496">
        <ele>3000.57</ele>
      </trkpt>
      <trkpt lat="42.73927" lon="-109.28496">
        <ele>3000.5</ele>
      </trkpt>
      <trkpt lat="42.73927" lon="-109.28496">
        <ele>3000.5</ele>
      </trkpt>
      <trkpt lat="42.73984" lon="-109.28497">
        <ele>2996.73</ele>
      </trkpt>
      <trkpt lat="42.73984" lon="-109.28497">
        <ele>2996.73</ele>
      </trkpt>
      <trkpt lat="42.73993" lon="-109.28502">
        <ele>2996.16</ele>
      </trkpt>
      <trkpt lat="42.73997" lon="-109.28505">
        <ele>2996.17</ele>
      </trkpt>
      <trkpt lat="42.74" lon="-109.2851">
        <ele>2996.0</ele>
      </trkpt>
      <trkpt lat="42.74003" lon="-109.28515">
        <ele>2995.88</ele>
      </trkpt>
      <trkpt lat="42.74006" lon="-109.28519">
        <ele>2996.02</ele>
      </trkpt>
      <trkpt lat="42.7401" lon="-109.28521">
        <ele>2995.92</ele>
      </trkpt>
      <trkpt lat="42.74019" lon="-109.28525">
        <ele>2994.98</ele>
      </trkpt>
      <trkpt lat="42.74023" lon="-109.28528">
        <ele>2995.0</ele>
      </trkpt>
      <trkpt lat="42.74028" lon="-109.28528">
        <ele>2994.98</ele>
      </trkpt>
      <trkpt lat="42.74033" lon="-109.28527">
        <ele>2994.4</ele>
      </trkpt>
      <trkpt lat="42.74038" lon="-109.28525">
        <ele>2993.97</ele>
      </trkpt>
      <trkpt lat="42.74039" lon="-109.28525">
        <ele>2993.94</ele>
      </trkpt>
      <trkpt lat="42.7405" lon="-109.28518">
        <ele>2993.0</ele>
      </trkpt>
      <trkpt lat="42.74054" lon="-109.28516">
        <ele>2993.0</ele>
      </trkpt>
      <trkpt lat="42.74059" lon="-109.28514">
        <ele>2992.82</ele>
      </trkpt>
      <trkpt lat="42.74063" lon="-109.28511">
        <ele>2992.35</ele>
      </trkpt>
      <trkpt lat="42.74068" lon="-109.28508">
        <ele>2992.0</ele>
      </trkpt>
      <trkpt lat="42.74072" lon="-109.28506">
        <ele>2992.0</ele>
      </trkpt>
      <trkpt lat="42.74075" lon="-109.28504">
        <ele>2992.0</ele>
      </trkpt>
      <trkpt lat="42.74107" lon="-109.28482">
        <ele>2991.0</ele>
      </trkpt>
      <trkpt lat="42.74107" lon="-109.28482">
        <ele>2991.0</ele>
      </trkpt>
      <trkpt lat="42.74113" lon="-109.28475">
        <ele>2990.3</ele>
      </trkpt>
      <trkpt lat="42.74117" lon="-109.28472">
        <ele>2990.0</ele>
      </trkpt>
      <trkpt lat="42.7412" lon="-109.28468">
        <ele>2990.0</ele>
      </trkpt>
      <trkpt lat="42.74124" lon="-109.28463">
        <ele>2990.0</ele>
      </trkpt>
      <trkpt lat="42.74126" lon="-109.28458">
        <ele>2990.0</ele>
      </trkpt>
      <trkpt lat="42.74127" lon="-109.28457">
        <ele>2990.0</ele>
      </trkpt>
      <trkpt lat="42.74134" lon="-109.28443">
        <ele>2990.0</ele>
      </trkpt>
      <trkpt lat="42.74138" lon="-109.28439">
        <ele>2990.0</ele>
      </trkpt>
      <trkpt lat="42.74142" lon="-109.28435">
        <ele>2989.98</ele>
      </trkpt>
      <trkpt lat="42.74145" lon="-109.28431">
        <ele>2989.55</ele>
      </trkpt>
      <trkpt lat="42.74149" lon="-109.28426">
        <ele>2989.01</ele>
      </trkpt>
      <trkpt lat="42.74151" lon="-109.28424">
        <ele>2989.0</ele>
      </trkpt>
      <trkpt lat="42.7416" lon="-109.28414">
        <ele>2989.0</ele>
      </trkpt>
      <trkpt lat="42.74163" lon="-109.28411">
        <ele>2989.0</ele>
      </trkpt>
      <trkpt lat="42.74167" lon="-109.28407">
        <ele>2989.0</ele>
      </trkpt>
      <trkpt lat="42.74172" lon="-109.28404">
        <ele>2988.79</ele>
      </trkpt>
      <trkpt lat="42.74177" lon="-109.28403">
        <ele>2988.46</ele>
      </trkpt>
      <trkpt lat="42.74182" lon="-109.28404">
        <ele>2988.22</ele>
      </trkpt>
      <trkpt lat="42.74183" lon="-109.28404">
        <ele>2988.15</ele>
      </trkpt>
      <trkpt lat="42.74198" lon="-109.28411">
        <ele>2986.0</ele>
      </trkpt>
      <trkpt lat="42.74202" lon="-109.28413">
        <ele>2984.83</ele>
      </trkpt>
      <trkpt lat="42.74208" lon="-109.28414">
        <ele>2982.7</ele>
      </trkpt>
      <trkpt lat="42.74208" lon="-109.28414">
        <ele>2982.7</ele>
      </trkpt>
      <trkpt lat="42.7421" lon="-109.28416">
        <ele>2982.18</ele>
      </trkpt>
      <trkpt lat="42.74214" lon="-109.28419">
        <ele>2981.0</ele>
      </trkpt>
      <trkpt lat="42.74218" lon="-109.28423">
        <ele>2980.22</ele>
      </trkpt>
      <trkpt lat="42.74221" lon="-109.28427">
        <ele>2979.41</ele>
      </trkpt>
      <trkpt lat="42.74224" lon="-109.28429">
        <ele>2979.19</ele>
      </trkpt>
      <trkpt lat="42.74229" lon="-109.2843">
        <ele>2979.73</ele>
      </trkpt>
      <trkpt lat="42.74232" lon="-109.28434">
        <ele>2980.18</ele>
      </trkpt>
      <trkpt lat="42.74235" lon="-109.2844">
        <ele>2980.42</ele>
      </trkpt>
      <trkpt lat="42.74238" lon="-109.28445">
        <ele>2980.37</ele>
      </trkpt>
      <trkpt lat="42.74238" lon="-109.28445">
        <ele>2980.37</ele>
      </trkpt>
      <trkpt lat="42.74241" lon="-109.28448">
        <ele>2980.7</ele>
      </trkpt>
      <trkpt lat="42.74246" lon="-109.28447">
        <ele>2982.43</ele>
      </trkpt>
      <trkpt lat="42.7425" lon="-109.28444">
        <ele>2984.1</ele>
      </trkpt>
      <trkpt lat="42.74254" lon="-109.28439">
        <ele>2986.04</ele>
      </trkpt>
      <trkpt lat="42.74256" lon="-109.28436">
        <ele>2987.12</ele>
      </trkpt>
      <trkpt lat="42.74261" lon="-109.28426">
        <ele>2988.99</ele>
      </trkpt>
      <trkpt lat="42.74265" lon="-109.28422">
        <ele>2989.0</ele>
      </trkpt>
      <trkpt lat="42.7427" lon="-109.28418">
        <ele>2989.0</ele>
      </trkpt>
      <trkpt lat="42.74273" lon="-109.28414">
        <ele>2989.29</ele>
      </trkpt>
      <trkpt lat="42.74278" lon="-109.28413">
        <ele>2989.41</ele>
      </trkpt>
      <trkpt lat="42.74278" lon="-109.28413">
        <ele>2989.41</ele>
      </trkpt>
      <trkpt lat="42.74298" lon="-109.28414">
        <ele>2990.42</ele>
      </trkpt>
      <trkpt lat="42.74303" lon="-109.28416">
        <ele>2990.74</ele>
      </trkpt>
      <trkpt lat="42.74308" lon="-109.28417">
        <ele>2991.26</ele>
      </trkpt>
      <trkpt lat="42.74312" lon="-109.28418">
        <ele>2991.7</ele>
      </trkpt>
      <trkpt lat="42.74314" lon="-109.28418">
        <ele>2991.91</ele>
      </trkpt>
      <trkpt lat="42.74336" lon="-109.28414">
        <ele>2995.0</ele>
      </trkpt>
      <trkpt lat="42.74341" lon="-109.28413">
        <ele>2995.43</ele>
      </trkpt>
      <trkpt lat="42.74345" lon="-109.28411">
        <ele>2995.55</ele>
      </trkpt>
      <trkpt lat="42.7435" lon="-109.28409">
        <ele>2995.83</ele>
      </trkpt>
      <trkpt lat="42.74353" lon="-109.28409">
        <ele>2996.12</ele>
      </trkpt>
      <trkpt lat="42.74364" lon="-109.28408">
        <ele>2997.02</ele>
      </trkpt>
      <trkpt lat="42.74368" lon="-109.28406">
        <ele>2997.0</ele>
      </trkpt>
      <trkpt lat="42.74372" lon="-109.28402">
        <ele>2997.18</ele>
      </trkpt>
      <trkpt lat="42.74376" lon="-109.28399">
        <ele>2997.61</ele>
      </trkpt>
      <trkpt lat="42.74379" lon="-109.28396">
        <ele>2997.93</ele>
      </trkpt>
      <trkpt lat="42.74393" lon="-109.28385">
        <ele>2999.19</ele>
      </trkpt>
      <trkpt lat="42.74398" lon="-109.28383">
        <ele>2999.63</ele>
      </trkpt>
      <trkpt lat="42.74402" lon="-109.28379">
        <ele>3000.03</ele>
      </trkpt>
      <trkpt lat="42.74406" lon="-109.28376">
        <ele>3000.33</ele>
      </trkpt>
      <trkpt lat="42.74407" lon="-109.28375">
        <ele>3000.48</ele>
      </trkpt>
      <trkpt lat="42.74426" lon="-109.28357">
        <ele>3002.56</ele>
      </trkpt>
      <trkpt lat="42.74431" lon="-109.28355">
        <ele>3002.34</ele>
      </trkpt>
      <trkpt lat="42.74436" lon="-109.28354">
        <ele>3002.23</ele>
      </trkpt>
      <trkpt lat="42.7444" lon="-109.28353">
        <ele>3002.12</ele>
      </trkpt>
      <trkpt lat="42.74446" lon="-109.28353">
        <ele>3002.29</ele>
      </trkpt>
      <trkpt lat="42.74451" lon="-109.28352">
        <ele>3002.72</ele>
      </trkpt>
      <trkpt lat="42.74451" lon="-109.28352">
        <ele>3002.72</ele>
      </trkpt>
      <trkpt lat="42.74464" lon="-109.2835">
        <ele>3003.93</ele>
      </trkpt>
      <trkpt lat="42.74469" lon="-109.2835">
        <ele>3004.58</ele>
      </trkpt>
      <trkpt lat="42.74475" lon="-109.2835">
        <ele>3005.3</ele>
      </trkpt>
      <trkpt lat="42.74479" lon="-109.2835">
        <ele>3005.73</ele>
      </trkpt>
      <trkpt lat="42.74484" lon="-109.28351">
        <ele>3006.27</ele>
      </trkpt>
      <trkpt lat="42.74488" lon="-109.28353">
        <ele>3006.83</ele>
      </trkpt>
      <trkpt lat="42.74491" lon="-109.28355">
        <ele>3007.37</ele>
      </trkpt>
      <trkpt lat="42.74506" lon="-109.28358">
        <ele>3008.66</ele>
      </trkpt>
      <trkpt lat="42.74511" lon="-109.28357">
        <ele>3008.37</ele>
      </trkpt>
      <trkpt lat="42.74515" lon="-109.28355">
        <ele>3007.72</ele>
      </trkpt>
      <trkpt lat="42.7452" lon="-109.28354">
        <ele>3006.95</ele>
      </trkpt>
      <trkpt lat="42.74525" lon="-109.28353">
        <ele>3005.81</ele>
      </trkpt>
      <trkpt lat="42.74525" lon="-109.28353">
        <ele>3005.81</ele>
      </trkpt>
      <trkpt lat="42.74538" lon="-109.28355">
        <ele>3003.98</ele>
      </trkpt>
      <trkpt lat="42.74543" lon="-109.28357">
        <ele>3004.31</ele>
      </trkpt>
      <trkpt lat="42.74547" lon="-109.28357">
        <ele>3004.04</ele>
      </trkpt>
      <trkpt lat="42.74552" lon="-109.28358">
        <ele>3003.71</ele>
      </trkpt>
      <trkpt lat="42.74557" lon="-109.28359">
        <ele>3003.54</ele>
      </trkpt>
      <trkpt lat="42.74562" lon="-109.28359">
        <ele>3003.54</ele>
      </trkpt>
      <trkpt lat="42.74562" lon="-109.28359">
        <ele>3003.54</ele>
      </trkpt>
      <trkpt lat="42.74613" lon="-109.28361">
        <ele>3000.98</ele>
      </trkpt>
      <trkpt lat="42.74613" lon="-109.28361">
        <ele>3000.98</ele>
      </trkpt>
      <trkpt lat="42.74675" lon="-109.28363">
        <ele>3001.41</ele>
      </trkpt>
      <trkpt lat="42.74675" lon="-109.28363">
        <ele>3001.41</ele>
      </trkpt>
      <trkpt lat="42.74694" lon="-109.28363">
        <ele>3000.41</ele>
      </trkpt>
      <trkpt lat="42.74699" lon="-109.28365">
        <ele>3000.35</ele>
      </trkpt>
      <trkpt lat="42.74704" lon="-109.28366">
        <ele>3000.04</ele>
      </trkpt>
      <trkpt lat="42.74709" lon="-109.28367">
        <ele>2999.91</ele>
      </trkpt>
      <trkpt lat="42.74714" lon="-109.28369">
        <ele>2999.84</ele>
      </trkpt>
      <trkpt lat="42.74715" lon="-109.28369">
        <ele>2999.82</ele>
      </trkpt>
      <trkpt lat="42.74728" lon="-109.28374">
        <ele>3000.78</ele>
      </trkpt>
      <trkpt lat="42.74733" lon="-109.28375">
        <ele>3000.84</ele>
      </trkpt>
      <trkpt lat="42.74738" lon="-109.28376">
        <ele>3000.51</ele>
      </trkpt>
      <trkpt lat="42.74743" lon="-109.28377">
        <ele>3000.43</ele>
      </trkpt>
      <trkpt lat="42.74748" lon="-109.28377">
        <ele>3000.43</ele>
      </trkpt>
      <trkpt lat="42.74754" lon="-109.28378">
        <ele>3000.29</ele>
      </trkpt>
      <trkpt lat="42.74754" lon="-109.28378">
        <ele>3000.29</ele>
      </trkpt>
      <trkpt lat="42.74762" lon="-109.28378">
        <ele>2999.82</ele>
      </trkpt>
      <trkpt lat="42.74767" lon="-109.28378">
        <ele>2999.82</ele>
      </trkpt>
      <trkpt lat="42.74772" lon="-109.28379">
        <ele>2999.91</ele>
      </trkpt>
      <trkpt lat="42.74776" lon="-109.28381">
        <ele>3000.3</ele>
      </trkpt>
      <trkpt lat="42.74781" lon="-109.28383">
        <ele>3000.6</ele>
      </trkpt>
      <trkpt lat="42.74782" lon="-109.28383">
        <ele>3000.56</ele>
      </trkpt>
      <trkpt lat="42.74789" lon="-109.28385">
        <ele>3000.49</ele>
      </trkpt>
      <trkpt lat="42.74793" lon="-109.28388">
        <ele>3000.84</ele>
      </trkpt>
      <trkpt lat="42.74798" lon="-109.2839">
        <ele>3001.24</ele>
      </trkpt>
      <trkpt lat="42.74803" lon="-109.28392">
        <ele>3001.67</ele>
      </trkpt>
      <trkpt lat="42.74805" lon="-109.28394">
        <ele>3002.1</ele>
      </trkpt>
      <trkpt lat="42.74814" lon="-109.284">
        <ele>3003.42</ele>
      </trkpt>
      <trkpt lat="42.74818" lon="-109.28403">
        <ele>3004.05</ele>
      </trkpt>
      <trkpt lat="42.74823" lon="-109.28404">
        <ele>3004.26</ele>
      </trkpt>
      <trkpt lat="42.74828" lon="-109.28403">
        <ele>3004.05</ele>
      </trkpt>
      <trkpt lat="42.74831" lon="-109.28403">
        <ele>3004.05</ele>
      </trkpt>
      <trkpt lat="42.74847" lon="-109.28403">
        <ele>3004.05</ele>
      </trkpt>
      <trkpt lat="42.74852" lon="-109.28406">
        <ele>3004.69</ele>
      </trkpt>
      <trkpt lat="42.74856" lon="-109.28408">
        <ele>3005.13</ele>
      </trkpt>
      <trkpt lat="42.7486" lon="-109.28409">
        <ele>3005.34</ele>
      </trkpt>
      <trkpt lat="42.74865" lon="-109.28409">
        <ele>3004.92</ele>
      </trkpt>
      <trkpt lat="42.7487" lon="-109.28412">
        <ele>3005.03</ele>
      </trkpt>
      <trkpt lat="42.7487" lon="-109.28412">
        <ele>3005.03</ele>
      </trkpt>
      <trkpt lat="42.74878" lon="-109.28414">
        <ele>3004.6</ele>
      </trkpt>
      <trkpt lat="42.74882" lon="-109.28417">
        <ele>3004.82</ele>
      </trkpt>
      <trkpt lat="42.74887" lon="-109.28419">
        <ele>3004.71</ele>
      </trkpt>
      <trkpt lat="42.74891" lon="-109.28421">
        <ele>3004.71</ele>
      </trkpt>
      <trkpt lat="42.74895" lon="-109.28424">
        <ele>3004.92</ele>
      </trkpt>
      <trkpt lat="42.74896" lon="-109.28424">
        <ele>3004.82</ele>
      </trkpt>
      <trkpt lat="42.74907" lon="-109.28432">
        <ele>3005.36</ele>
      </trkpt>
      <trkpt lat="42.74912" lon="-109.28434">
        <ele>3005.25</ele>
      </trkpt>
      <trkpt lat="42.74916" lon="-109.28436">
        <ele>3005.25</ele>
      </trkpt>
      <trkpt lat="42.74921" lon="-109.28438">
        <ele>3005.14</ele>
      </trkpt>
      <trkpt lat="42.74926" lon="-109.2844">
        <ele>3005.03</ele>
      </trkpt>
      <trkpt lat="42.74926" lon="-109.2844">
        <ele>3005.03</ele>
      </trkpt>
      <trkpt lat="42.74944" lon="-109.28443">
        <ele>3002.78</ele>
      </trkpt>
      <trkpt lat="42.74948" lon="-109.28445">
        <ele>3002.8</ele>
      </trkpt>
      <trkpt lat="42.74952" lon="-109.28448">
        <ele>3003.34</ele>
      </trkpt>
      <trkpt lat="42.74956" lon="-109.28451">
        <ele>3003.95</ele>
      </trkpt>
      <trkpt lat="42.74961" lon="-109.28452">
        <ele>3003.8</ele>
      </trkpt>
      <trkpt lat="42.74964" lon="-109.28454">
        <ele>3003.95</ele>
      </trkpt>
      <trkpt lat="42.74985" lon="-109.28463">
        <ele>3004.62</ele>
      </trkpt>
      <trkpt lat="42.7499" lon="-109.28464">
        <ele>3004.19</ele>
      </trkpt>
      <trkpt lat="42.74995" lon="-109.28466">
        <ele>3004.33</ele>
      </trkpt>
      <trkpt lat="42.75" lon="-109.28467">
        <ele>3004.44</ele>
      </trkpt>
      <trkpt lat="42.75001" lon="-109.28467">
        <ele>3004.39</ele>
      </trkpt>
      <trkpt lat="42.75012" lon="-109.28469">
        <ele>3004.0</ele>
      </trkpt>
      <trkpt lat="42.75017" lon="-109.28467">
        <ele>3004.0</ele>
      </trkpt>
      <trkpt lat="42.75022" lon="-109.28465">
        <ele>3004.0</ele>
      </trkpt>
      <trkpt lat="42.75027" lon="-109.28464">
        <ele>3004.0</ele>
      </trkpt>
      <trkpt lat="42.75028" lon="-109.28464">
        <ele>3004.0</ele>
      </trkpt>
      <trkpt lat="42.75046" lon="-109.28464">
        <ele>3003.03</ele>
      </trkpt>
      <trkpt lat="42.75051" lon="-109.28465">
        <ele>3002.49</ele>
      </trkpt>
      <trkpt lat="42.75055" lon="-109.28466">
        <ele>3002.06</ele>
      </trkpt>
      <trkpt lat="42.7506" lon="-109.28467">
        <ele>3001.73</ele>
      </trkpt>
      <trkpt lat="42.75062" lon="-109.28468">
        <ele>3001.68</ele>
      </trkpt>
      <trkpt lat="42.75087" lon="-109.28475">
        <ele>3000.18</ele>
      </trkpt>
      <trkpt lat="42.75091" lon="-109.28476">
        <ele>3000.07</ele>
      </trkpt>
      <trkpt lat="42.75109" lon="-109.28477">
        <ele>2999.6</ele>
      </trkpt>
      <trkpt lat="42.75114" lon="-109.28479">
        <ele>2999.5</ele>
      </trkpt>
      <trkpt lat="42.75119" lon="-109.28481">
        <ele>2999.86</ele>
      </trkpt>
      <trkpt lat="42.75119" lon="-109.28481">
        <ele>2999.86</ele>
      </trkpt>
      <trkpt lat="42.75135" lon="-109.28483">
        <ele>2999.84</ele>
      </trkpt>
      <trkpt lat="42.7514" lon="-109.28483">
        <ele>2999.84</ele>
      </trkpt>
      <trkpt lat="42.75146" lon="-109.28483">
        <ele>2999.84</ele>
      </trkpt>
      <trkpt lat="42.75146" lon="-109.28483">
        <ele>2999.84</ele>
      </trkpt>
      <trkpt lat="42.75161" lon="-109.28482">
        <ele>2999.94</ele>
      </trkpt>
      <trkpt lat="42.75166" lon="-109.28483">
        <ele>2999.84</ele>
      </trkpt>
      <trkpt lat="42.75171" lon="-109.28484">
        <ele>2999.39</ele>
      </trkpt>
      <trkpt lat="42.75175" lon="-109.28483">
        <ele>2999.08</ele>
      </trkpt>
      <trkpt lat="42.7518" lon="-109.28481">
        <ele>2999.05</ele>
      </trkpt>
      <trkpt lat="42.75184" lon="-109.28477">
        <ele>2999.48</ele>
      </trkpt>
      <trkpt lat="42.75186" lon="-109.28475">
        <ele>2999.7</ele>
      </trkpt>
      <trkpt lat="42.75197" lon="-109.28462">
        <ele>3000.1</ele>
      </trkpt>
      <trkpt lat="42.75202" lon="-109.28459">
        <ele>3000.43</ele>
      </trkpt>
      <trkpt lat="42.75207" lon="-109.28457">
        <ele>3000.64</ele>
      </trkpt>
      <trkpt lat="42.75212" lon="-109.28457">
        <ele>3000.64</ele>
      </trkpt>
      <trkpt lat="42.75215" lon="-109.28456">
        <ele>3000.75</ele>
      </trkpt>
      <trkpt lat="42.75225" lon="-109.28455">
        <ele>3000.6</ele>
      </trkpt>
      <trkpt lat="42.7523" lon="-109.28455">
        <ele>3000.14</ele>
      </trkpt>
      <trkpt lat="42.75235" lon="-109.28456">
        <ele>3000.29</ele>
      </trkpt>
      <trkpt lat="42.75239" lon="-109.28458">
        <ele>3000.44</ele>
      </trkpt>
      <trkpt lat="42.75244" lon="-109.28461">
        <ele>3000.56</ele>
      </trkpt>
      <trkpt lat="42.75245" lon="-109.28463">
        <ele>3000.46</ele>
      </trkpt>
      <trkpt lat="42.75249" lon="-109.2847">
        <ele>3000.21</ele>
      </trkpt>
      <trkpt lat="42.7525" lon="-109.28476">
        <ele>3000.0</ele>
      </trkpt>
      <trkpt lat="42.75252" lon="-109.28482">
        <ele>3000.22</ele>
      </trkpt>
      <trkpt lat="42.75254" lon="-109.28487">
        <ele>3000.43</ele>
      </trkpt>
      <trkpt lat="42.75256" lon="-109.28493">
        <ele>3000.65</ele>
      </trkpt>
      <trkpt lat="42.75257" lon="-109.28496">
        <ele>3000.76</ele>
      </trkpt>
      <trkpt lat="42.75258" lon="-109.28518">
        <ele>2999.92</ele>
      </trkpt>
      <trkpt lat="42.75259" lon="-109.28524">
        <ele>2999.97</ele>
      </trkpt>
      <trkpt lat="42.7526" lon="-109.2853">
        <ele>3000.08</ele>
      </trkpt>
      <trkpt lat="42.75262" lon="-109.28536">
        <ele>3000.3</ele>
      </trkpt>
      <trkpt lat="42.75267" lon="-109.28546">
        <ele>2999.87</ele>
      </trkpt>
      <trkpt lat="42.7527" lon="-109.28551">
        <ele>2999.65</ele>
      </trkpt>
      <trkpt lat="42.75274" lon="-109.28555">
        <ele>2999.65</ele>
      </trkpt>
      <trkpt lat="42.75278" lon="-109.28558">
        <ele>2999.76</ele>
      </trkpt>
      <trkpt lat="42.75281" lon="-109.28561">
        <ele>2999.76</ele>
      </trkpt>
      <trkpt lat="42.75295" lon="-109.28577">
        <ele>2998.68</ele>
      </trkpt>
      <trkpt lat="42.753" lon="-109.2858">
        <ele>2998.5</ele>
      </trkpt>
      <trkpt lat="42.75304" lon="-109.28582">
        <ele>2998.26</ele>
      </trkpt>
      <trkpt lat="42.7531" lon="-109.28583">
        <ele>2998.53</ele>
      </trkpt>
      <trkpt lat="42.7531" lon="-109.28583">
        <ele>2998.53</ele>
      </trkpt>
      <trkpt lat="42.7532" lon="-109.28588">
        <ele>2998.27</ele>
      </trkpt>
      <trkpt lat="42.75325" lon="-109.2859">
        <ele>2998.31</ele>
      </trkpt>
      <trkpt lat="42.7533" lon="-109.28592">
        <ele>2998.1</ele>
      </trkpt>
      <trkpt lat="42.75334" lon="-109.28595">
        <ele>2997.55</ele>
      </trkpt>
      <trkpt lat="42.75338" lon="-109.28599">
        <ele>2997.12</ele>
      </trkpt>
      <trkpt lat="42.75342" lon="-109.28602">
        <ele>2996.9</ele>
      </trkpt>
      <trkpt lat="42.75343" lon="-109.28603">
        <ele>2996.8</ele>
      </trkpt>
      <trkpt lat="42.75354" lon="-109.28612">
        <ele>2997.04</ele>
      </trkpt>
      <trkpt lat="42.75358" lon="-109.28616">
        <ele>2996.61</ele>
      </trkpt>
      <trkpt lat="42.75361" lon="-109.2862">
        <ele>2996.07</ele>
      </trkpt>
      <trkpt lat="42.75365" lon="-109.28624">
        <ele>2996.06</ele>
      </trkpt>
      <trkpt lat="42.75367" lon="-109.2863">
        <ele>2995.19</ele>
      </trkpt>
      <trkpt lat="42.75368" lon="-109.28632">
        <ele>2994.98</ele>
      </trkpt>
      <trkpt lat="42.75376" lon="-109.28647">
        <ele>2992.86</ele>
      </trkpt>
      <trkpt lat="42.75379" lon="-109.28653">
        <ele>2991.85</ele>
      </trkpt>
      <trkpt lat="42.75381" lon="-109.28658">
        <ele>2990.82</ele>
      </trkpt>
      <trkpt lat="42.75391" lon="-109.28675">
        <ele>2987.22</ele>
      </trkpt>
      <trkpt lat="42.75395" lon="-109.28677">
        <ele>2986.77</ele>
      </trkpt>
      <trkpt lat="42.754" lon="-109.28679">
        <ele>2986.27</ele>
      </trkpt>
      <trkpt lat="42.75404" lon="-109.28682">
        <ele>2985.27</ele>
      </trkpt>
      <trkpt lat="42.75405" lon="-109.28682">
        <ele>2985.2</ele>
      </trkpt>
      <trkpt lat="42.75421" lon="-109.28701">
        <ele>2982.38</ele>
      </trkpt>
      <trkpt lat="42.75425" lon="-109.28706">
        <ele>2982.12</ele>
      </trkpt>
      <trkpt lat="42.75429" lon="-109.28711">
        <ele>2981.67</ele>
      </trkpt>
      <trkpt lat="42.75434" lon="-109.28712">
        <ele>2981.13</ele>
      </trkpt>
      <trkpt lat="42.75438" lon="-109.28712">
        <ele>2980.76</ele>
      </trkpt>
      <trkpt lat="42.75439" lon="-109.28712">
        <ele>2980.67</ele>
      </trkpt>
      <trkpt lat="42.75446" lon="-109.28715">
        <ele>2980.09</ele>
      </trkpt>
      <trkpt lat="42.7545" lon="-109.28718">
        <ele>2979.95</ele>
      </trkpt>
      <trkpt lat="42.75454" lon="-109.28719">
        <ele>2979.7</ele>
      </trkpt>
      <trkpt lat="42.75459" lon="-109.28719">
        <ele>2979.7</ele>
      </trkpt>
      <trkpt lat="42.75463" lon="-109.28718">
        <ele>2979.92</ele>
      </trkpt>
      <trkpt lat="42.75468" lon="-109.28717">
        <ele>2980.67</ele>
      </trkpt>
      <trkpt lat="42.75472" lon="-109.28719">
        <ele>2980.67</ele>
      </trkpt>
      <trkpt lat="42.75476" lon="-109.28722">
        <ele>2980.05</ele>
      </trkpt>
      <trkpt lat="42.7548" lon="-109.28726">
        <ele>2979.18</ele>
      </trkpt>
      <trkpt lat="42.75482" lon="-109.28727">
        <ele>2979.0</ele>
      </trkpt>
      <trkpt lat="42.75488" lon="-109.28731">
        <ele>2978.14</ele>
      </trkpt>
      <trkpt lat="42.75492" lon="-109.28736">
        <ele>2977.16</ele>
      </trkpt>
      <trkpt lat="42.75496" lon="-109.28739">
        <ele>2976.94</ele>
      </trkpt>
      <trkpt lat="42.75501" lon="-109.28741">
        <ele>2976.97</ele>
      </trkpt>
      <trkpt lat="42.75505" lon="-109.28745">
        <ele>2976.29</ele>
      </trkpt>
      <trkpt lat="42.75509" lon="-109.28748">
        <ele>2975.45</ele>
      </trkpt>
      <trkpt lat="42.75513" lon="-109.28752">
        <ele>2975.0</ele>
      </trkpt>
      <trkpt lat="42.75517" lon="-109.28754">
        <ele>2975.0</ele>
      </trkpt>
      <trkpt lat="42.75518" lon="-109.28755">
        <ele>2975.0</ele>
      </trkpt>
      <trkpt lat="42.75526" lon="-109.28756">
        <ele>2974.48</ele>
      </trkpt>
      <trkpt lat="42.75531" lon="-109.28755">
        <ele>2974.3</ele>
      </trkpt>
      <trkpt lat="42.75535" lon="-109.28753">
        <ele>2974.15</ele>
      </trkpt>
      <trkpt lat="42.7554" lon="-109.28751">
        <ele>2974.0</ele>
      </trkpt>
      <trkpt lat="42.75544" lon="-109.2875">
        <ele>2974.0</ele>
      </trkpt>
      <trkpt lat="42.75549" lon="-109.28751">
        <ele>2974.0</ele>
      </trkpt>
      <trkpt lat="42.75555" lon="-109.28752">
        <ele>2974.0</ele>
      </trkpt>
      <trkpt lat="42.75555" lon="-109.28752">
        <ele>2974.0</ele>
      </trkpt>
      <trkpt lat="42.75587" lon="-109.28755">
        <ele>2974.28</ele>
      </trkpt>
      <trkpt lat="42.75592" lon="-109.28755">
        <ele>2974.03</ele>
      </trkpt>
      <trkpt lat="42.75592" lon="-109.28755">
        <ele>2974.03</ele>
      </trkpt>
      <trkpt lat="42.75618" lon="-109.28751">
        <ele>2973.89</ele>
      </trkpt>
      <trkpt lat="42.75623" lon="-109.2875">
        <ele>2974.0</ele>
      </trkpt>
      <trkpt lat="42.75628" lon="-109.28749">
        <ele>2974.11</ele>
      </trkpt>
      <trkpt lat="42.75628" lon="-109.28749">
        <ele>2974.11</ele>
      </trkpt>
      <trkpt lat="42.75653" lon="-109.2875">
        <ele>2973.0</ele>
      </trkpt>
      <trkpt lat="42.75657" lon="-109.28749">
        <ele>2973.11</ele>
      </trkpt>
      <trkpt lat="42.75663" lon="-109.28748">
        <ele>2973.35</ele>
      </trkpt>
      <trkpt lat="42.75667" lon="-109.28747">
        <ele>2973.68</ele>
      </trkpt>
      <trkpt lat="42.75672" lon="-109.28746">
        <ele>2974.44</ele>
      </trkpt>
      <trkpt lat="42.75676" lon="-109.28743">
        <ele>2975.53</ele>
      </trkpt>
      <trkpt lat="42.7568" lon="-109.2874">
        <ele>2977.04</ele>
      </trkpt>
      <trkpt lat="42.75684" lon="-109.28736">
        <ele>2978.77</ele>
      </trkpt>
      <trkpt lat="42.75688" lon="-109.28733">
        <ele>2979.98</ele>
      </trkpt>
      <trkpt lat="42.75693" lon="-109.28732">
        <ele>2980.73</ele>
      </trkpt>
      <trkpt lat="42.75697" lon="-109.28729">
        <ele>2982.08</ele>
      </trkpt>
      <trkpt lat="42.75701" lon="-109.28729">
        <ele>2982.51</ele>
      </trkpt>
      <trkpt lat="42.75706" lon="-109.28729">
        <ele>2982.8</ele>
      </trkpt>
      <trkpt lat="42.75709" lon="-109.28728">
        <ele>2983.13</ele>
      </trkpt>
      <trkpt lat="42.75728" lon="-109.28726">
        <ele>2984.55</ele>
      </trkpt>
      <trkpt lat="42.75732" lon="-109.28725">
        <ele>2985.1</ele>
      </trkpt>
      <trkpt lat="42.75737" lon="-109.28724">
        <ele>2985.42</ele>
      </trkpt>
      <trkpt lat="42.75741" lon="-109.28724">
        <ele>2985.42</ele>
      </trkpt>
      <trkpt lat="42.75743" lon="-109.28725">
        <ele>2985.1</ele>
      </trkpt>
      <trkpt lat="42.75748" lon="-109.28728">
        <ele>2984.13</ele>
      </trkpt>
      <trkpt lat="42.75751" lon="-109.28733">
        <ele>2982.67</ele>
      </trkpt>
      <trkpt lat="42.75753" lon="-109.28738">
        <ele>2981.59</ele>
      </trkpt>
      <trkpt lat="42.75757" lon="-109.28741">
        <ele>2980.94</ele>
      </trkpt>
      <trkpt lat="42.75762" lon="-109.28742">
        <ele>2981.02</ele>
      </trkpt>
      <trkpt lat="42.75764" lon="-109.28742">
        <ele>2981.24</ele>
      </trkpt>
      <trkpt lat="42.75779" lon="-109.28741">
        <ele>2982.1</ele>
      </trkpt>
      <trkpt lat="42.75784" lon="-109.2874">
        <ele>2982.78</ele>
      </trkpt>
      <trkpt lat="42.75788" lon="-109.28739">
        <ele>2983.29</ele>
      </trkpt>
      <trkpt lat="42.75793" lon="-109.28739">
        <ele>2983.83</ele>
      </trkpt>
      <trkpt lat="42.75798" lon="-109.28739">
        <ele>2984.52</ele>
      </trkpt>
      <trkpt lat="42.75803" lon="-109.2874">
        <ele>2985.47</ele>
      </trkpt>
      <trkpt lat="42.75808" lon="-109.28741">
        <ele>2986.56</ele>
      </trkpt>
      <trkpt lat="42.7581" lon="-109.28742">
        <ele>2987.1</ele>
      </trkpt>
      <trkpt lat="42.75816" lon="-109.28744">
        <ele>2988.48</ele>
      </trkpt>
      <trkpt lat="42.75821" lon="-109.28743">
        <ele>2988.91</ele>
      </trkpt>
      <trkpt lat="42.75824" lon="-109.28739">
        <ele>2988.8</ele>
      </trkpt>
      <trkpt lat="42.75827" lon="-109.28734">
        <ele>2988.5</ele>
      </trkpt>
      <trkpt lat="42.75831" lon="-109.28731">
        <ele>2988.75</ele>
      </trkpt>
      <trkpt lat="42.75835" lon="-109.28727">
        <ele>2989.18</ele>
      </trkpt>
      <trkpt lat="42.75839" lon="-109.28724">
        <ele>2989.61</ele>
      </trkpt>
      <trkpt lat="42.75844" lon="-109.28721">
        <ele>2990.02</ele>
      </trkpt>
      <trkpt lat="42.75845" lon="-109.2872">
        <ele>2990.06</ele>
      </trkpt>
      <trkpt lat="42.75854" lon="-109.28715">
        <ele>2990.55</ele>
      </trkpt>
      <trkpt lat="42.75858" lon="-109.28712">
        <ele>2990.41</ele>
      </trkpt>
      <trkpt lat="42.75862" lon="-109.28709">
        <ele>2990.33</ele>
      </trkpt>
      <trkpt lat="42.75866" lon="-109.28705">
        <ele>2990.33</ele>
      </trkpt>
      <trkpt lat="42.7587" lon="-109.28702">
        <ele>2990.22</ele>
      </trkpt>
      <trkpt lat="42.75874" lon="-109.28698">
        <ele>2990.22</ele>
      </trkpt>
      <trkpt lat="42.75878" lon="-109.28695">
        <ele>2990.12</ele>
      </trkpt>
      <trkpt lat="42.75878" lon="-109.28695">
        <ele>2990.12</ele>
      </trkpt>
      <trkpt lat="42.75882" lon="-109.2869">
        <ele>2990.1</ele>
      </trkpt>
      <trkpt lat="42.75887" lon="-109.28688">
        <ele>2989.35</ele>
      </trkpt>
      <trkpt lat="42.75891" lon="-109.28687">
        <ele>2988.45</ele>
      </trkpt>
      <trkpt lat="42.75896" lon="-109.28685">
        <ele>2987.48</ele>
      </trkpt>
      <trkpt lat="42.75896" lon="-109.28685">
        <ele>2987.48</ele>
      </trkpt>
      <trkpt lat="42.75898" lon="-109.28685">
        <ele>2987.05</ele>
      </trkpt>
      <trkpt lat="42.759" lon="-109.28691">
        <ele>2985.07</ele>
      </trkpt>
      <trkpt lat="42.759" lon="-109.28697">
        <ele>2984.07</ele>
      </trkpt>
      <trkpt lat="42.75899" lon="-109.28703">
        <ele>2983.71</ele>
      </trkpt>
      <trkpt lat="42.75898" lon="-109.2871">
        <ele>2982.69</ele>
      </trkpt>
      <trkpt lat="42.75897" lon="-109.28716">
        <ele>2982.0</ele>
      </trkpt>
      <trkpt lat="42.75896" lon="-109.28722">
        <ele>2981.49</ele>
      </trkpt>
      <trkpt lat="42.75897" lon="-109.28727">
        <ele>2980.22</ele>
      </trkpt>
      <trkpt lat="42.75902" lon="-109.28727">
        <ele>2978.93</ele>
      </trkpt>
      <trkpt lat="42.75907" lon="-109.28726">
        <ele>2977.71</ele>
      </trkpt>
      <trkpt lat="42.7591" lon="-109.28726">
        <ele>2977.15</ele>
      </trkpt>
      <trkpt lat="42.75921" lon="-109.2873">
        <ele>2975.53</ele>
      </trkpt>
      <trkpt lat="42.75926" lon="-109.28734">
        <ele>2974.73</ele>
      </trkpt>
      <trkpt lat="42.7593" lon="-109.28738">
        <ele>2974.61</ele>
      </trkpt>
      <trkpt lat="42.75934" lon="-109.28742">
        <ele>2974.75</ele>
      </trkpt>
      <trkpt lat="42.75937" lon="-109.28747">
        <ele>2974.46</ele>
      </trkpt>
      <trkpt lat="42.7594" lon="-109.28752">
        <ele>2974.52</ele>
      </trkpt>
      <trkpt lat="42.75944" lon="-109.28757">
        <ele>2974.95</ele>
      </trkpt>
      <trkpt lat="42.75947" lon="-109.28759">
        <ele>2975.0</ele>
      </trkpt>
      <trkpt lat="42.75961" lon="-109.28764">
        <ele>2975.0</ele>
      </trkpt>
      <trkpt lat="42.75966" lon="-109.28764">
        <ele>2975.33</ele>
      </trkpt>
      <trkpt lat="42.7597" lon="-109.28766">
        <ele>2975.76</ele>
      </trkpt>
      <trkpt lat="42.75974" lon="-109.28769">
        <ele>2976.19</ele>
      </trkpt>
      <trkpt lat="42.75977" lon="-109.28774">
        <ele>2976.52</ele>
      </trkpt>
      <trkpt lat="42.75982" lon="-109.28775">
        <ele>2977.1</ele>
      </trkpt>
      <trkpt lat="42.75986" lon="-109.28772">
        <ele>2977.67</ele>
      </trkpt>
      <trkpt lat="42.75991" lon="-109.28772">
        <ele>2978.45</ele>
      </trkpt>
      <trkpt lat="42.75991" lon="-109.28772">
        <ele>2978.45</ele>
      </trkpt>
      <trkpt lat="42.76002" lon="-109.28778">
        <ele>2981.19</ele>
      </trkpt>
      <trkpt lat="42.76006" lon="-109.28783">
        <ele>2981.08</ele>
      </trkpt>
      <trkpt lat="42.76008" lon="-109.28788">
        <ele>2980.76</ele>
      </trkpt>
      <trkpt lat="42.7601" lon="-109.28793">
        <ele>2980.52</ele>
      </trkpt>
      <trkpt lat="42.7601" lon="-109.28793">
        <ele>2980.52</ele>
      </trkpt>
      <trkpt lat="42.76021" lon="-109.28808">
        <ele>2980.61</ele>
      </trkpt>
      <trkpt lat="42.76024" lon="-109.28814">
        <ele>2981.72</ele>
      </trkpt>
      <trkpt lat="42.76026" lon="-109.2882">
        <ele>2982.98</ele>
      </trkpt>
      <trkpt lat="42.76029" lon="-109.28823">
        <ele>2984.02</ele>
      </trkpt>
      <trkpt lat="42.76034" lon="-109.28824">
        <ele>2984.66</ele>
      </trkpt>
      <trkpt lat="42.76035" lon="-109.28825">
        <ele>2984.92</ele>
      </trkpt>
      <trkpt lat="42.76046" lon="-109.2883">
        <ele>2985.02</ele>
      </trkpt>
      <trkpt lat="42.76049" lon="-109.28834">
        <ele>2984.76</ele>
      </trkpt>
      <trkpt lat="42.76053" lon="-109.28839">
        <ele>2984.44</ele>
      </trkpt>
      <trkpt lat="42.76055" lon="-109.28843">
        <ele>2984.13</ele>
      </trkpt>
      <trkpt lat="42.76062" lon="-109.28854">
        <ele>2982.29</ele>
      </trkpt>
      <trkpt lat="42.76065" lon="-109.28859">
        <ele>2980.45</ele>
      </trkpt>
      <trkpt lat="42.76068" lon="-109.28865">
        <ele>2979.16</ele>
      </trkpt>
      <trkpt lat="42.76071" lon="-109.2887">
        <ele>2978.08</ele>
      </trkpt>
      <trkpt lat="42.76074" lon="-109.28874">
        <ele>2977.61</ele>
      </trkpt>
      <trkpt lat="42.76078" lon="-109.28878">
        <ele>2977.18</ele>
      </trkpt>
      <trkpt lat="42.76078" lon="-109.28878">
        <ele>2977.18</ele>
      </trkpt>
      <trkpt lat="42.76082" lon="-109.28876">
        <ele>2977.39</ele>
      </trkpt>
      <trkpt lat="42.76087" lon="-109.28876">
        <ele>2977.39</ele>
      </trkpt>
      <trkpt lat="42.76091" lon="-109.28873">
        <ele>2977.72</ele>
      </trkpt>
      <trkpt lat="42.76095" lon="-109.28872">
        <ele>2977.82</ele>
      </trkpt>
      <trkpt lat="42.761" lon="-109.28873">
        <ele>2977.72</ele>
      </trkpt>
      <trkpt lat="42.76103" lon="-109.28873">
        <ele>2977.59</ele>
      </trkpt>
      <trkpt lat="42.7611" lon="-109.28876">
        <ele>2976.51</ele>
      </trkpt>
      <trkpt lat="42.76114" lon="-109.2888">
        <ele>2975.27</ele>
      </trkpt>
      <trkpt lat="42.76118" lon="-109.28883">
        <ele>2973.69</ele>
      </trkpt>
      <trkpt lat="42.76121" lon="-109.28882">
        <ele>2973.37</ele>
      </trkpt>
      <trkpt lat="42.76125" lon="-109.28878">
        <ele>2973.18</ele>
      </trkpt>
      <trkpt lat="42.76128" lon="-109.28873">
        <ele>2973.07</ele>
      </trkpt>
      <trkpt lat="42.76131" lon="-109.28868">
        <ele>2973.26</ele>
      </trkpt>
      <trkpt lat="42.76142" lon="-109.28847">
        <ele>2975.52</ele>
      </trkpt>
      <trkpt lat="42.76145" lon="-109.28841">
        <ele>2976.23</ele>
      </trkpt>
      <trkpt lat="42.76148" lon="-109.28838">
        <ele>2976.5</ele>
      </trkpt>
      <trkpt lat="42.76153" lon="-109.28835">
        <ele>2976.3</ele>
      </trkpt>
      <trkpt lat="42.76154" lon="-109.28834">
        <ele>2976.3</ele>
      </trkpt>
      <trkpt lat="42.76161" lon="-109.28825">
        <ele>2976.16</ele>
      </trkpt>
      <trkpt lat="42.76164" lon="-109.28821">
        <ele>2975.91</ele>
      </trkpt>
      <trkpt lat="42.76167" lon="-109.28815">
        <ele>2975.94</ele>
      </trkpt>
      <trkpt lat="42.76169" lon="-109.28809">
        <ele>2975.75</ele>
      </trkpt>
      <trkpt lat="42.7617" lon="-109.28803">
        <ele>2975.64</ele>
      </trkpt>
      <trkpt lat="42.76173" lon="-109.28798">
        <ele>2975.32</ele>
      </trkpt>
      <trkpt lat="42.76177" lon="-109.28794">
        <ele>2975.25</ele>
      </trkpt>
      <trkpt lat="42.76179" lon="-109.28793">
        <ele>2975.36</ele>
      </trkpt>
      <trkpt lat="42.76189" lon="-109.28791">
        <ele>2975.75</ele>
      </trkpt>
      <trkpt lat="42.76192" lon="-109.28796">
        <ele>2975.74</ele>
      </trkpt>
      <trkpt lat="42.76193" lon="-109.28802">
        <ele>2975.84</ele>
      </trkpt>
      <trkpt lat="42.76195" lon="-109.28808">
        <ele>2975.75</ele>
      </trkpt>
      <trkpt lat="42.76196" lon="-109.28814">
        <ele>2975.24</ele>
      </trkpt>
      <trkpt lat="42.76199" lon="-109.28819">
        <ele>2975.49</ele>
      </trkpt>
      <trkpt lat="42.76199" lon="-109.28821">
        <ele>2975.49</ele>
      </trkpt>
      <trkpt lat="42.76205" lon="-109.28835">
        <ele>2976.14</ele>
      </trkpt>
      <trkpt lat="42.76207" lon="-109.2884">
        <ele>2976.36</ele>
      </trkpt>
      <trkpt lat="42.76211" lon="-109.28844">
        <ele>2976.79</ele>
      </trkpt>
      <trkpt lat="42.76215" lon="-109.28846">
        <ele>2977.22</ele>
      </trkpt>
      <trkpt lat="42.76219" lon="-109.28846">
        <ele>2977.65</ele>
      </trkpt>
      <trkpt lat="42.76224" lon="-109.28848">
        <ele>2978.08</ele>
      </trkpt>
      <trkpt lat="42.76229" lon="-109.28849">
        <ele>2978.23</ele>
      </trkpt>
      <trkpt lat="42.76229" lon="-109.28849">
        <ele>2978.23</ele>
      </trkpt>
      <trkpt lat="42.76235" lon="-109.28847">
        <ele>2978.7</ele>
      </trkpt>
      <trkpt lat="42.76239" lon="-109.28844">
        <ele>2978.97</ele>
      </trkpt>
      <trkpt lat="42.76242" lon="-109.28839">
        <ele>2979.14</ele>
      </trkpt>
      <trkpt lat="42.76246" lon="-109.28836">
        <ele>2979.57</ele>
      </trkpt>
      <trkpt lat="42.76251" lon="-109.28834">
        <ele>2980.1</ele>
      </trkpt>
      <trkpt lat="42.76256" lon="-109.28834">
        <ele>2980.6</ele>
      </trkpt>
      <trkpt lat="42.76258" lon="-109.28835">
        <ele>2980.71</ele>
      </trkpt>
      <trkpt lat="42.76264" lon="-109.28839">
        <ele>2980.7</ele>
      </trkpt>
      <trkpt lat="42.76268" lon="-109.28843">
        <ele>2980.9</ele>
      </trkpt>
      <trkpt lat="42.76272" lon="-109.28847">
        <ele>2980.52</ele>
      </trkpt>
      <trkpt lat="42.76276" lon="-109.28851">
        <ele>2980.09</ele>
      </trkpt>
      <trkpt lat="42.7628" lon="-109.28853">
        <ele>2980.21</ele>
      </trkpt>
      <trkpt lat="42.76285" lon="-109.28854">
        <ele>2980.6</ele>
      </trkpt>
      <trkpt lat="42.7629" lon="-109.28854">
        <ele>2980.84</ele>
      </trkpt>
      <trkpt lat="42.7629" lon="-109.28854">
        <ele>2980.84</ele>
      </trkpt>
      <trkpt lat="42.76309" lon="-109.28855">
        <ele>2981.0</ele>
      </trkpt>
      <trkpt lat="42.76314" lon="-109.28856">
        <ele>2981.0</ele>
      </trkpt>
      <trkpt lat="42.76318" lon="-109.28857">
        <ele>2981.0</ele>
      </trkpt>
      <trkpt lat="42.76323" lon="-109.28857">
        <ele>2981.0</ele>
      </trkpt>
      <trkpt lat="42.76327" lon="-109.28858">
        <ele>2980.89</ele>
      </trkpt>
      <trkpt lat="42.76337" lon="-109.28866">
        <ele>2980.81</ele>
      </trkpt>
      <trkpt lat="42.76341" lon="-109.28868">
        <ele>2980.79</ele>
      </trkpt>
      <trkpt lat="42.76346" lon="-109.28869">
        <ele>2980.48</ele>
      </trkpt>
      <trkpt lat="42.7635" lon="-109.28872">
        <ele>2980.34</ele>
      </trkpt>
      <trkpt lat="42.76354" lon="-109.28875">
        <ele>2980.27</ele>
      </trkpt>
      <trkpt lat="42.76359" lon="-109.28875">
        <ele>2979.73</ele>
      </trkpt>
      <trkpt lat="42.76364" lon="-109.28875">
        <ele>2979.34</ele>
      </trkpt>
      <trkpt lat="42.76364" lon="-109.28875">
        <ele>2979.34</ele>
      </trkpt>
      <trkpt lat="42.76379" lon="-109.2888">
        <ele>2979.04</ele>
      </trkpt>
      <trkpt lat="42.76382" lon="-109.28884">
        <ele>2979.23</ele>
      </trkpt>
      <trkpt lat="42.76386" lon="-109.28888">
        <ele>2978.66</ele>
      </trkpt>
      <trkpt lat="42.76391" lon="-109.28891">
        <ele>2978.53</ele>
      </trkpt>
      <trkpt lat="42.76394" lon="-109.28897">
        <ele>2978.53</ele>
      </trkpt>
      <trkpt lat="42.76395" lon="-109.28899">
        <ele>2978.31</ele>
      </trkpt>
      <trkpt lat="42.76403" lon="-109.28915">
        <ele>2976.14</ele>
      </trkpt>
      <trkpt lat="42.76404" lon="-109.28921">
        <ele>2976.03</ele>
      </trkpt>
      <trkpt lat="42.76406" lon="-109.28928">
        <ele>2976.19</ele>
      </trkpt>
      <trkpt lat="42.76407" lon="-109.2893">
        <ele>2976.06</ele>
      </trkpt>
      <trkpt lat="42.76411" lon="-109.28942">
        <ele>2975.61</ele>
      </trkpt>
      <trkpt lat="42.76414" lon="-109.28948">
        <ele>2975.29</ele>
      </trkpt>
      <trkpt lat="42.76416" lon="-109.28954">
        <ele>2975.07</ele>
      </trkpt>
      <trkpt lat="42.76417" lon="-109.2896">
        <ele>2975.0</ele>
      </trkpt>
      <trkpt lat="42.76419" lon="-109.28966">
        <ele>2975.0</ele>
      </trkpt>
      <trkpt lat="42.76419" lon="-109.28967">
        <ele>2975.0</ele>
      </trkpt>
      <trkpt lat="42.76423" lon="-109.28978">
        <ele>2974.38</ele>
      </trkpt>
      <trkpt lat="42.76423" lon="-109.28985">
        <ele>2974.0</ele>
      </trkpt>
      <trkpt lat="42.76423" lon="-109.28991">
        <ele>2974.0</ele>
      </trkpt>
      <trkpt lat="42.76425" lon="-109.28997">
        <ele>2974.0</ele>
      </trkpt>
      <trkpt lat="42.76429" lon="-109.29002">
        <ele>2974.0</ele>
      </trkpt>
      <trkpt lat="42.76432" lon="-109.29006">
        <ele>2974.0</ele>
      </trkpt>
      <trkpt lat="42.76435" lon="-109.29008">
        <ele>2974.0</ele>
      </trkpt>
      <trkpt lat="42.76453" lon="-109.29022">
        <ele>2974.0</ele>
      </trkpt>
      <trkpt lat="42.76457" lon="-109.29026">
        <ele>2974.0</ele>
      </trkpt>
      <trkpt lat="42.76459" lon="-109.29028">
        <ele>2974.0</ele>
      </trkpt>
      <trkpt lat="42.76467" lon="-109.29032">
        <ele>2974.0</ele>
      </trkpt>
      <trkpt lat="42.76479" lon="-109.29043">
        <ele>2974.47</ele>
      </trkpt>
      <trkpt lat="42.76492" lon="-109.29049">
        <ele>2975.0</ele>
      </trkpt>
      <trkpt lat="42.76499" lon="-109.29056">
        <ele>2975.0</ele>
      </trkpt>
      <trkpt lat="42.76504" lon="-109.29065">
        <ele>2975.02</ele>
      </trkpt>
      <trkpt lat="42.76532" lon="-109.29085">
        <ele>2976.0</ele>
      </trkpt>
      <trkpt lat="42.76549" lon="-109.2909">
        <ele>2976.0</ele>
      </trkpt>
      <trkpt lat="42.76559" lon="-109.29093">
        <ele>2976.42</ele>
      </trkpt>
      <trkpt lat="42.76564" lon="-109.29094">
        <ele>2977.06</ele>
      </trkpt>
      <trkpt lat="42.76567" lon="-109.29094">
        <ele>2977.39</ele>
      </trkpt>
      <trkpt lat="42.76579" lon="-109.29096">
        <ele>2978.37</ele>
      </trkpt>
      <trkpt lat="42.76585" lon="-109.29098">
        <ele>2978.4</ele>
      </trkpt>
      <trkpt lat="42.7659" lon="-109.291">
        <ele>2978.08</ele>
      </trkpt>
      <trkpt lat="42.76594" lon="-109.29103">
        <ele>2978.23</ele>
      </trkpt>
      <trkpt lat="42.76598" lon="-109.29105">
        <ele>2978.48</ele>
      </trkpt>
      <trkpt lat="42.76613" lon="-109.29108">
        <ele>2977.46</ele>
      </trkpt>
      <trkpt lat="42.76618" lon="-109.2911">
        <ele>2977.14</ele>
      </trkpt>
      <trkpt lat="42.76622" lon="-109.29112">
        <ele>2977.18</ele>
      </trkpt>
      <trkpt lat="42.76626" lon="-109.29114">
        <ele>2977.43</ele>
      </trkpt>
      <trkpt lat="42.76631" lon="-109.29116">
        <ele>2977.38</ele>
      </trkpt>
      <trkpt lat="42.76635" lon="-109.2912">
        <ele>2977.38</ele>
      </trkpt>
      <trkpt lat="42.76637" lon="-109.29122">
        <ele>2977.38</ele>
      </trkpt>
      <trkpt lat="42.76646" lon="-109.29131">
        <ele>2977.53</ele>
      </trkpt>
      <trkpt lat="42.7665" lon="-109.29135">
        <ele>2977.93</ele>
      </trkpt>
      <trkpt lat="42.76653" lon="-109.2914">
        <ele>2978.13</ele>
      </trkpt>
      <trkpt lat="42.76656" lon="-109.29144">
        <ele>2978.32</ele>
      </trkpt>
      <trkpt lat="42.7666" lon="-109.29149">
        <ele>2978.88</ele>
      </trkpt>
      <trkpt lat="42.76663" lon="-109.29153">
        <ele>2979.13</ele>
      </trkpt>
      <trkpt lat="42.76663" lon="-109.29153">
        <ele>2979.13</ele>
      </trkpt>
      <trkpt lat="42.76674" lon="-109.29157">
        <ele>2978.16</ele>
      </trkpt>
      <trkpt lat="42.76679" lon="-109.2916">
        <ele>2978.14</ele>
      </trkpt>
      <trkpt lat="42.76684" lon="-109.29163">
        <ele>2977.81</ele>
      </trkpt>
      <trkpt lat="42.76687" lon="-109.29166">
        <ele>2977.73</ele>
      </trkpt>
      <trkpt lat="42.76691" lon="-109.2917">
        <ele>2978.45</ele>
      </trkpt>
      <trkpt lat="42.76695" lon="-109.29173">
        <ele>2979.07</ele>
      </trkpt>
      <trkpt lat="42.76695" lon="-109.29173">
        <ele>2979.07</ele>
      </trkpt>
      <trkpt lat="42.76703" lon="-109.29178">
        <ele>2980.88</ele>
      </trkpt>
      <trkpt lat="42.76708" lon="-109.29179">
        <ele>2981.64</ele>
      </trkpt>
      <trkpt lat="42.76713" lon="-109.2918">
        <ele>2982.32</ele>
      </trkpt>
      <trkpt lat="42.76718" lon="-109.2918">
        <ele>2982.62</ele>
      </trkpt>
      <trkpt lat="42.76723" lon="-109.2918">
        <ele>2982.88</ele>
      </trkpt>
      <trkpt lat="42.76728" lon="-109.2918">
        <ele>2982.88</ele>
      </trkpt>
      <trkpt lat="42.76733" lon="-109.29181">
        <ele>2983.26</ele>
      </trkpt>
      <trkpt lat="42.76733" lon="-109.29182">
        <ele>2983.48</ele>
      </trkpt>
      <trkpt lat="42.76745" lon="-109.29189">
        <ele>2985.82</ele>
      </trkpt>
      <trkpt lat="42.7675" lon="-109.2919">
        <ele>2986.04</ele>
      </trkpt>
      <trkpt lat="42.76755" lon="-109.29191">
        <ele>2986.26</ele>
      </trkpt>
      <trkpt lat="42.7676" lon="-109.29192">
        <ele>2986.47</ele>
      </trkpt>
      <trkpt lat="42.76764" lon="-109.29193">
        <ele>2986.69</ele>
      </trkpt>
      <trkpt lat="42.7677" lon="-109.29194">
        <ele>2986.91</ele>
      </trkpt>
      <trkpt lat="42.76771" lon="-109.29194">
        <ele>2986.92</ele>
      </trkpt>
      <trkpt lat="42.76786" lon="-109.29195">
        <ele>2988.01</ele>
      </trkpt>
      <trkpt lat="42.76791" lon="-109.29195">
        <ele>2988.17</ele>
      </trkpt>
      <trkpt lat="42.76796" lon="-109.29196">
        <ele>2988.66</ele>
      </trkpt>
      <trkpt lat="42.76801" lon="-109.29197">
        <ele>2989.47</ele>
      </trkpt>
      <trkpt lat="42.76806" lon="-109.29198">
        <ele>2990.17</ele>
      </trkpt>
      <trkpt lat="42.76811" lon="-109.29198">
        <ele>2990.38</ele>
      </trkpt>
      <trkpt lat="42.76815" lon="-109.29198">
        <ele>2990.56</ele>
      </trkpt>
      <trkpt lat="42.76815" lon="-109.29198">
        <ele>2990.56</ele>
      </trkpt>
      <trkpt lat="42.76831" lon="-109.29203">
        <ele>2993.81</ele>
      </trkpt>
      <trkpt lat="42.76836" lon="-109.29204">
        <ele>2994.13</ele>
      </trkpt>
      <trkpt lat="42.76841" lon="-109.29204">
        <ele>2994.13</ele>
      </trkpt>
      <trkpt lat="42.76846" lon="-109.29205">
        <ele>2994.82</ele>
      </trkpt>
      <trkpt lat="42.76846" lon="-109.29205">
        <ele>2994.82</ele>
      </trkpt>
      <trkpt lat="42.76852" lon="-109.29205">
        <ele>2995.28</ele>
      </trkpt>
      <trkpt lat="42.76864" lon="-109.29203">
        <ele>2994.87</ele>
      </trkpt>
      <trkpt lat="42.76883" lon="-109.29206">
        <ele>2995.77</ele>
      </trkpt>
      <trkpt lat="42.76888" lon="-109.29209">
        <ele>2996.53</ele>
      </trkpt>
      <trkpt lat="42.76892" lon="-109.2921">
        <ele>2996.91</ele>
      </trkpt>
      <trkpt lat="42.76897" lon="-109.29211">
        <ele>2997.48</ele>
      </trkpt>
      <trkpt lat="42.76902" lon="-109.29211">
        <ele>2997.66</ele>
      </trkpt>
      <trkpt lat="42.76907" lon="-109.29211">
        <ele>2997.78</ele>
      </trkpt>
      <trkpt lat="42.76912" lon="-109.29211">
        <ele>2998.18</ele>
      </trkpt>
      <trkpt lat="42.76916" lon="-109.29211">
        <ele>2998.52</ele>
      </trkpt>
      <trkpt lat="42.76924" lon="-109.29219">
        <ele>3000.3</ele>
      </trkpt>
      <trkpt lat="42.76928" lon="-109.29222">
        <ele>3000.95</ele>
      </trkpt>
      <trkpt lat="42.76933" lon="-109.29224">
        <ele>3001.58</ele>
      </trkpt>
      <trkpt lat="42.76936" lon="-109.29224">
        <ele>3001.49</ele>
      </trkpt>
      <trkpt lat="42.76948" lon="-109.29229">
        <ele>3001.91</ele>
      </trkpt>
      <trkpt lat="42.76953" lon="-109.29232">
        <ele>3002.3</ele>
      </trkpt>
      <trkpt lat="42.76958" lon="-109.29233">
        <ele>3002.58</ele>
      </trkpt>
      <trkpt lat="42.76962" lon="-109.29234">
        <ele>3002.84</ele>
      </trkpt>
      <trkpt lat="42.76967" lon="-109.29234">
        <ele>3002.82</ele>
      </trkpt>
      <trkpt lat="42.76972" lon="-109.29235">
        <ele>3003.14</ele>
      </trkpt>
      <trkpt lat="42.76976" lon="-109.29237">
        <ele>3003.79</ele>
      </trkpt>
      <trkpt lat="42.7698" lon="-109.29239">
        <ele>3004.44</ele>
      </trkpt>
      <trkpt lat="42.76988" lon="-109.29239">
        <ele>3004.57</ele>
      </trkpt>
      <trkpt lat="42.76992" lon="-109.29241">
        <ele>3005.06</ele>
      </trkpt>
      <trkpt lat="42.76997" lon="-109.29244">
        <ele>3005.7</ele>
      </trkpt>
      <trkpt lat="42.77002" lon="-109.29246">
        <ele>3006.14</ele>
      </trkpt>
      <trkpt lat="42.77002" lon="-109.29246">
        <ele>3006.14</ele>
      </trkpt>
      <trkpt lat="42.77008" lon="-109.29251">
        <ele>3007.22</ele>
      </trkpt>
      <trkpt lat="42.77013" lon="-109.29254">
        <ele>3007.69</ele>
      </trkpt>
      <trkpt lat="42.77017" lon="-109.29257">
        <ele>3007.88</ele>
      </trkpt>
      <trkpt lat="42.77021" lon="-109.2926">
        <ele>3008.16</ele>
      </trkpt>
      <trkpt lat="42.77025" lon="-109.29265">
        <ele>3009.24</ele>
      </trkpt>
      <trkpt lat="42.77025" lon="-109.29266">
        <ele>3009.46</ele>
      </trkpt>
      <trkpt lat="42.77029" lon="-109.29271">
        <ele>3010.63</ele>
      </trkpt>
      <trkpt lat="42.77034" lon="-109.29273">
        <ele>3011.31</ele>
      </trkpt>
      <trkpt lat="42.77039" lon="-109.29275">
        <ele>3011.85</ele>
      </trkpt>
      <trkpt lat="42.77043" lon="-109.29277">
        <ele>3012.51</ele>
      </trkpt>
      <trkpt lat="42.77047" lon="-109.2928">
        <ele>3013.24</ele>
      </trkpt>
      <trkpt lat="42.77051" lon="-109.29284">
        <ele>3013.67</ele>
      </trkpt>
      <trkpt lat="42.77052" lon="-109.29284">
        <ele>3013.67</ele>
      </trkpt>
      <trkpt lat="42.77057" lon="-109.29289">
        <ele>3014.21</ele>
      </trkpt>
      <trkpt lat="42.77061" lon="-109.29293">
        <ele>3014.64</ele>
      </trkpt>
      <trkpt lat="42.77064" lon="-109.29298">
        <ele>3015.37</ele>
      </trkpt>
      <trkpt lat="42.77067" lon="-109.29303">
        <ele>3016.28</ele>
      </trkpt>
      <trkpt lat="42.77071" lon="-109.29307">
        <ele>3016.49</ele>
      </trkpt>
      <trkpt lat="42.77071" lon="-109.29307">
        <ele>3016.49</ele>
      </trkpt>
      <trkpt lat="42.7708" lon="-109.29313">
        <ele>3016.8</ele>
      </trkpt>
      <trkpt lat="42.77085" lon="-109.29316">
        <ele>3016.95</ele>
      </trkpt>
      <trkpt lat="42.77088" lon="-109.2932">
        <ele>3017.06</ele>
      </trkpt>
      <trkpt lat="42.77091" lon="-109.29325">
        <ele>3017.27</ele>
      </trkpt>
      <trkpt lat="42.77092" lon="-109.29328">
        <ele>3017.49</ele>
      </trkpt>
      <trkpt lat="42.77097" lon="-109.29355">
        <ele>3019.86</ele>
      </trkpt>
      <trkpt lat="42.77099" lon="-109.29361">
        <ele>3020.3</ele>
      </trkpt>
      <trkpt lat="42.77101" lon="-109.29366">
        <ele>3020.14</ele>
      </trkpt>
      <trkpt lat="42.77108" lon="-109.29381">
        <ele>3020.34</ele>
      </trkpt>
      <trkpt lat="42.77111" lon="-109.29386">
        <ele>3020.01</ele>
      </trkpt>
      <trkpt lat="42.77112" lon="-109.29389">
        <ele>3019.92</ele>
      </trkpt>
      <trkpt lat="42.77114" lon="-109.29397">
        <ele>3020.56</ele>
      </trkpt>
      <trkpt lat="42.77114" lon="-109.29404">
        <ele>3020.69</ele>
      </trkpt>
      <trkpt lat="42.77115" lon="-109.29411">
        <ele>3020.97</ele>
      </trkpt>
      <trkpt lat="42.77115" lon="-109.29417">
        <ele>3021.62</ele>
      </trkpt>
      <trkpt lat="42.77117" lon="-109.29423">
        <ele>3022.05</ele>
      </trkpt>
      <trkpt lat="42.77119" lon="-109.29425">
        <ele>3022.05</ele>
      </trkpt>
      <trkpt lat="42.77124" lon="-109.29432">
        <ele>3022.26</ele>
      </trkpt>
      <trkpt lat="42.77127" lon="-109.29437">
        <ele>3022.48</ele>
      </trkpt>
      <trkpt lat="42.77129" lon="-109.29442">
        <ele>3022.8</ele>
      </trkpt>
      <trkpt lat="42.77132" lon="-109.29448">
        <ele>3022.71</ele>
      </trkpt>
      <trkpt lat="42.77134" lon="-109.29453">
        <ele>3022.94</ele>
      </trkpt>
      <trkpt lat="42.77138" lon="-109.29457">
        <ele>3022.58</ele>
      </trkpt>
      <trkpt lat="42.77139" lon="-109.29458">
        <ele>3022.42</ele>
      </trkpt>
      <trkpt lat="42.77151" lon="-109.29475">
        <ele>3021.37</ele>
      </trkpt>
      <trkpt lat="42.77154" lon="-109.29479">
        <ele>3020.94</ele>
      </trkpt>
      <trkpt lat="42.77157" lon="-109.29484">
        <ele>3020.46</ele>
      </trkpt>
      <trkpt lat="42.77159" lon="-109.29488">
        <ele>3020.02</ele>
      </trkpt>
      <trkpt lat="42.77167" lon="-109.29506">
        <ele>3019.56</ele>
      </trkpt>
      <trkpt lat="42.77168" lon="-109.29507">
        <ele>3019.43</ele>
      </trkpt>
      <trkpt lat="42.77171" lon="-109.29514">
        <ele>3019.82</ele>
      </trkpt>
      <trkpt lat="42.7718" lon="-109.29518">
        <ele>3019.45</ele>
      </trkpt>
      <trkpt lat="42.77196" lon="-109.29534">
        <ele>3020.74</ele>
      </trkpt>
      <trkpt lat="42.77211" lon="-109.29535">
        <ele>3017.98</ele>
      </trkpt>
      <trkpt lat="42.7722" lon="-109.29535">
        <ele>3016.04</ele>
      </trkpt>
      <trkpt lat="42.7723" lon="-109.29541">
        <ele>3016.08</ele>
      </trkpt>
      <trkpt lat="42.77237" lon="-109.29545">
        <ele>3016.12</ele>
      </trkpt>
      <trkpt lat="42.77245" lon="-109.29547">
        <ele>3015.69</ele>
      </trkpt>
      <trkpt lat="42.77288" lon="-109.29583">
        <ele>3021.82</ele>
      </trkpt>
      <trkpt lat="42.77292" lon="-109.29586">
        <ele>3022.04</ele>
      </trkpt>
      <trkpt lat="42.77296" lon="-109.29589">
        <ele>3022.26</ele>
      </trkpt>
      <trkpt lat="42.77301" lon="-109.2959">
        <ele>3021.93</ele>
      </trkpt>
      <trkpt lat="42.77306" lon="-109.2959">
        <ele>3021.39</ele>
      </trkpt>
      <trkpt lat="42.77311" lon="-109.29591">
        <ele>3021.07</ele>
      </trkpt>
      <trkpt lat="42.77316" lon="-109.29591">
        <ele>3020.53</ele>
      </trkpt>
      <trkpt lat="42.77319" lon="-109.2959">
        <ele>3019.99</ele>
      </trkpt>
      <trkpt lat="42.77331" lon="-109.29589">
        <ele>3018.48</ele>
      </trkpt>
      <trkpt lat="42.77335" lon="-109.2959">
        <ele>3018.13</ele>
      </trkpt>
      <trkpt lat="42.77335" lon="-109.2959">
        <ele>3018.13</ele>
      </trkpt>
      <trkpt lat="42.7734" lon="-109.29592">
        <ele>3017.48</ele>
      </trkpt>
      <trkpt lat="42.77349" lon="-109.29601">
        <ele>3017.5</ele>
      </trkpt>
      <trkpt lat="42.77354" lon="-109.29604">
        <ele>3017.23</ele>
      </trkpt>
      <trkpt lat="42.77357" lon="-109.29608">
        <ele>3017.77</ele>
      </trkpt>
      <trkpt lat="42.77362" lon="-109.29611">
        <ele>3017.78</ele>
      </trkpt>
      <trkpt lat="42.77366" lon="-109.29613">
        <ele>3017.46</ele>
      </trkpt>
      <trkpt lat="42.7737" lon="-109.29617">
        <ele>3017.96</ele>
      </trkpt>
      <trkpt lat="42.77373" lon="-109.29621">
        <ele>3018.59</ele>
      </trkpt>
      <trkpt lat="42.77377" lon="-109.29626">
        <ele>3019.22</ele>
      </trkpt>
      <trkpt lat="42.77378" lon="-109.29627">
        <ele>3019.37</ele>
      </trkpt>
      <trkpt lat="42.77386" lon="-109.29638">
        <ele>3021.05</ele>
      </trkpt>
      <trkpt lat="42.7739" lon="-109.29641">
        <ele>3021.22</ele>
      </trkpt>
      <trkpt lat="42.77395" lon="-109.29644">
        <ele>3020.78</ele>
      </trkpt>
      <trkpt lat="42.77399" lon="-109.29648">
        <ele>3020.78</ele>
      </trkpt>
      <trkpt lat="42.77403" lon="-109.29652">
        <ele>3020.78</ele>
      </trkpt>
      <trkpt lat="42.77407" lon="-109.29655">
        <ele>3020.57</ele>
      </trkpt>
      <trkpt lat="42.77412" lon="-109.29656">
        <ele>3019.78</ele>
      </trkpt>
      <trkpt lat="42.77412" lon="-109.29656">
        <ele>3019.78</ele>
      </trkpt>
      <trkpt lat="42.77433" lon="-109.29659">
        <ele>3017.45</ele>
      </trkpt>
      <trkpt lat="42.77438" lon="-109.29661">
        <ele>3017.08</ele>
      </trkpt>
      <trkpt lat="42.77443" lon="-109.29662">
        <ele>3016.65</ele>
      </trkpt>
      <trkpt lat="42.77447" lon="-109.29665">
        <ele>3016.54</ele>
      </trkpt>
      <trkpt lat="42.77452" lon="-109.29667">
        <ele>3016.26</ele>
      </trkpt>
      <trkpt lat="42.77456" lon="-109.2967">
        <ele>3016.47</ele>
      </trkpt>
      <trkpt lat="42.77458" lon="-109.29671">
        <ele>3016.47</ele>
      </trkpt>
      <trkpt lat="42.77471" lon="-109.29682">
        <ele>3016.87</ele>
      </trkpt>
      <trkpt lat="42.77475" lon="-109.29685">
        <ele>3016.67</ele>
      </trkpt>
      <trkpt lat="42.77479" lon="-109.29688">
        <ele>3016.88</ele>
      </trkpt>
      <trkpt lat="42.77483" lon="-109.29693">
        <ele>3017.36</ele>
      </trkpt>
      <trkpt lat="42.77486" lon="-109.29695">
        <ele>3017.14</ele>
      </trkpt>
      <trkpt lat="42.77494" lon="-109.29702">
        <ele>3016.93</ele>
      </trkpt>
      <trkpt lat="42.77498" lon="-109.29704">
        <ele>3016.5</ele>
      </trkpt>
      <trkpt lat="42.77503" lon="-109.29708">
        <ele>3016.28</ele>
      </trkpt>
      <trkpt lat="42.77506" lon="-109.29712">
        <ele>3016.5</ele>
      </trkpt>
      <trkpt lat="42.7751" lon="-109.29717">
        <ele>3016.71</ele>
      </trkpt>
      <trkpt lat="42.77512" lon="-109.2972">
        <ele>3016.93</ele>
      </trkpt>
      <trkpt lat="42.77515" lon="-109.29723">
        <ele>3016.93</ele>
      </trkpt>
      <trkpt lat="42.77519" lon="-109.29726">
        <ele>3016.71</ele>
      </trkpt>
      <trkpt lat="42.77523" lon="-109.2973">
        <ele>3016.71</ele>
      </trkpt>
      <trkpt lat="42.77527" lon="-109.29732">
        <ele>3016.34</ele>
      </trkpt>
      <trkpt lat="42.77532" lon="-109.29733">
        <ele>3015.58</ele>
      </trkpt>
      <trkpt lat="42.77533" lon="-109.29733">
        <ele>3015.36</ele>
      </trkpt>
      <trkpt lat="42.77535" lon="-109.29735">
        <ele>3015.58</ele>
      </trkpt>
      <trkpt lat="42.77539" lon="-109.2974">
        <ele>3016.35</ele>
      </trkpt>
      <trkpt lat="42.77542" lon="-109.29744">
        <ele>3016.63</ele>
      </trkpt>
      <trkpt lat="42.77546" lon="-109.29747">
        <ele>3016.42</ele>
      </trkpt>
      <trkpt lat="42.7755" lon="-109.2975">
        <ele>3016.2</ele>
      </trkpt>
      <trkpt lat="42.77551" lon="-109.29751">
        <ele>3016.25</ele>
      </trkpt>
      <trkpt lat="42.7756" lon="-109.29761">
        <ele>3016.99</ele>
      </trkpt>
      <trkpt lat="42.77564" lon="-109.29764">
        <ele>3017.16</ele>
      </trkpt>
      <trkpt lat="42.77569" lon="-109.29767">
        <ele>3016.84</ele>
      </trkpt>
      <trkpt lat="42.77573" lon="-109.2977">
        <ele>3016.55</ele>
      </trkpt>
      <trkpt lat="42.77573" lon="-109.2977">
        <ele>3016.55</ele>
      </trkpt>
      <trkpt lat="42.77587" lon="-109.29779">
        <ele>3017.21</ele>
      </trkpt>
      <trkpt lat="42.77591" lon="-109.29782">
        <ele>3017.53</ele>
      </trkpt>
      <trkpt lat="42.77595" lon="-109.29785">
        <ele>3017.52</ele>
      </trkpt>
      <trkpt lat="42.776" lon="-109.29788">
        <ele>3017.41</ele>
      </trkpt>
      <trkpt lat="42.77602" lon="-109.2979">
        <ele>3017.63</ele>
      </trkpt>
      <trkpt lat="42.7761" lon="-109.29794">
        <ele>3017.84</ele>
      </trkpt>
      <trkpt lat="42.77614" lon="-109.29797">
        <ele>3018.13</ele>
      </trkpt>
      <trkpt lat="42.77618" lon="-109.29801">
        <ele>3018.64</ele>
      </trkpt>
      <trkpt lat="42.77621" lon="-109.29805">
        <ele>3018.94</ele>
      </trkpt>
      <trkpt lat="42.77623" lon="-109.29807">
        <ele>3019.27</ele>
      </trkpt>
      <trkpt lat="42.77629" lon="-109.29809">
        <ele>3019.4</ele>
      </trkpt>
      <trkpt lat="42.77632" lon="-109.29813">
        <ele>3019.8</ele>
      </trkpt>
      <trkpt lat="42.77636" lon="-109.29818">
        <ele>3020.69</ele>
      </trkpt>
      <trkpt lat="42.77638" lon="-109.29819">
        <ele>3020.9</ele>
      </trkpt>
      <trkpt lat="42.77642" lon="-109.29824">
        <ele>3021.98</ele>
      </trkpt>
      <trkpt lat="42.77647" lon="-109.29825">
        <ele>3022.1</ele>
      </trkpt>
      <trkpt lat="42.77652" lon="-109.29825">
        <ele>3022.1</ele>
      </trkpt>
      <trkpt lat="42.77654" lon="-109.29825">
        <ele>3022.1</ele>
      </trkpt>
      <trkpt lat="42.77669" lon="-109.29824">
        <ele>3021.99</ele>
      </trkpt>
      <trkpt lat="42.77673" lon="-109.29822">
        <ele>3021.71</ele>
      </trkpt>
      <trkpt lat="42.77675" lon="-109.29821">
        <ele>3021.63</ele>
      </trkpt>
      <trkpt lat="42.77683" lon="-109.29813">
        <ele>3020.95</ele>
      </trkpt>
      <trkpt lat="42.77698" lon="-109.29794">
        <ele>3021.0</ele>
      </trkpt>
      <trkpt lat="42.77704" lon="-109.2979">
        <ele>3021.03</ele>
      </trkpt>
      <trkpt lat="42.77715" lon="-109.29781">
        <ele>3022.22</ele>
      </trkpt>
      <trkpt lat="42.77718" lon="-109.29778">
        <ele>3022.54</ele>
      </trkpt>
      <trkpt lat="42.77721" lon="-109.29774">
        <ele>3023.28</ele>
      </trkpt>
      <trkpt lat="42.77726" lon="-109.29772">
        <ele>3023.62</ele>
      </trkpt>
      <trkpt lat="42.77731" lon="-109.29771">
        <ele>3023.73</ele>
      </trkpt>
      <trkpt lat="42.77735" lon="-109.2977">
        <ele>3024.6</ele>
      </trkpt>
      <trkpt lat="42.77744" lon="-109.29767">
        <ele>3026.49</ele>
      </trkpt>
      <trkpt lat="42.77748" lon="-109.29765">
        <ele>3027.14</ele>
      </trkpt>
      <trkpt lat="42.77753" lon="-109.29764">
        <ele>3027.47</ele>
      </trkpt>
      <trkpt lat="42.77758" lon="-109.29763">
        <ele>3027.62</ele>
      </trkpt>
      <trkpt lat="42.77759" lon="-109.29763">
        <ele>3027.6</ele>
      </trkpt>
      <trkpt lat="42.77767" lon="-109.29761">
        <ele>3027.81</ele>
      </trkpt>
      <trkpt lat="42.77771" lon="-109.29758">
        <ele>3027.87</ele>
      </trkpt>
      <trkpt lat="42.77775" lon="-109.29756">
        <ele>3027.65</ele>
      </trkpt>
      <trkpt lat="42.7778" lon="-109.29754">
        <ele>3027.43</ele>
      </trkpt>
      <trkpt lat="42.77784" lon="-109.29753">
        <ele>3027.22</ele>
      </trkpt>
      <trkpt lat="42.77793" lon="-109.29747">
        <ele>3026.36</ele>
      </trkpt>
      <trkpt lat="42.77797" lon="-109.29744">
        <ele>3026.0</ele>
      </trkpt>
      <trkpt lat="42.77802" lon="-109.29742">
        <ele>3026.0</ele>
      </trkpt>
      <trkpt lat="42.77806" lon="-109.29739">
        <ele>3025.76</ele>
      </trkpt>
      <trkpt lat="42.77808" lon="-109.29738">
        <ele>3025.44</ele>
      </trkpt>
      <trkpt lat="42.77808" lon="-109.29734">
        <ele>3025.01</ele>
      </trkpt>
      <trkpt lat="42.77807" lon="-109.29729">
        <ele>3024.31</ele>
      </trkpt>
      <trkpt lat="42.77805" lon="-109.29723">
        <ele>3023.28</ele>
      </trkpt>
      <trkpt lat="42.77802" lon="-109.29718">
        <ele>3022.86</ele>
      </trkpt>
      <trkpt lat="42.77799" lon="-109.29714">
        <ele>3022.64</ele>
      </trkpt>
      <trkpt lat="42.77797" lon="-109.29711">
        <ele>3022.46</ele>
      </trkpt>
      <trkpt lat="42.77787" lon="-109.29698">
        <ele>3021.39</ele>
      </trkpt>
      <trkpt lat="42.77784" lon="-109.29693">
        <ele>3021.02</ele>
      </trkpt>
      <trkpt lat="42.77781" lon="-109.29688">
        <ele>3020.26</ele>
      </trkpt>
      <trkpt lat="42.77781" lon="-109.29688">
        <ele>3020.26</ele>
      </trkpt>
      <trkpt lat="42.77778" lon="-109.2968">
        <ele>3019.43</ele>
      </trkpt>
      <trkpt lat="42.77777" lon="-109.29674">
        <ele>3018.79</ele>
      </trkpt>
      <trkpt lat="42.77777" lon="-109.29668">
        <ele>3018.14</ele>
      </trkpt>
      <trkpt lat="42.77776" lon="-109.29659">
        <ele>3017.17</ele>
      </trkpt>
      <trkpt lat="42.77775" lon="-109.29654">
        <ele>3016.89</ele>
      </trkpt>
      <trkpt lat="42.77773" lon="-109.29635">
        <ele>3017.17</ele>
      </trkpt>
      <trkpt lat="42.77774" lon="-109.2962">
        <ele>3018.18</ele>
      </trkpt>
      <trkpt lat="42.77778" lon="-109.29602">
        <ele>3019.05</ele>
      </trkpt>
      <trkpt lat="42.77785" lon="-109.29579">
        <ele>3019.19</ele>
      </trkpt>
      <trkpt lat="42.77791" lon="-109.29569">
        <ele>3019.11</ele>
      </trkpt>
      <trkpt lat="42.77796" lon="-109.29562">
        <ele>3019.64</ele>
      </trkpt>
      <trkpt lat="42.778" lon="-109.29558">
        <ele>3019.96</ele>
      </trkpt>
      <trkpt lat="42.77804" lon="-109.29554">
        <ele>3020.52</ele>
      </trkpt>
      <trkpt lat="42.77808" lon="-109.2955">
        <ele>3020.66</ele>
      </trkpt>
      <trkpt lat="42.7781" lon="-109.29546">
        <ele>3020.48</ele>
      </trkpt>
      <trkpt lat="42.77818" lon="-109.29534">
        <ele>3021.13</ele>
      </trkpt>
      <trkpt lat="42.77822" lon="-109.29529">
        <ele>3021.58</ele>
      </trkpt>
      <trkpt lat="42.77826" lon="-109.29525">
        <ele>3021.97</ele>
      </trkpt>
      <trkpt lat="42.77829" lon="-109.2952">
        <ele>3022.14</ele>
      </trkpt>
      <trkpt lat="42.77833" lon="-109.29516">
        <ele>3022.67</ele>
      </trkpt>
      <trkpt lat="42.77836" lon="-109.29513">
        <ele>3022.98</ele>
      </trkpt>
      <trkpt lat="42.77836" lon="-109.29507">
        <ele>3022.51</ele>
      </trkpt>
      <trkpt lat="42.77839" lon="-109.29501">
        <ele>3022.68</ele>
      </trkpt>
      <trkpt lat="42.77841" lon="-109.29498">
        <ele>3022.79</ele>
      </trkpt>
      <trkpt lat="42.77846" lon="-109.2949">
        <ele>3023.29</ele>
      </trkpt>
      <trkpt lat="42.77856" lon="-109.2948">
        <ele>3023.66</ele>
      </trkpt>
      <trkpt lat="42.77861" lon="-109.29478">
        <ele>3024.23</ele>
      </trkpt>
      <trkpt lat="42.77866" lon="-109.29476">
        <ele>3024.34</ele>
      </trkpt>
      <trkpt lat="42.7787" lon="-109.29474">
        <ele>3024.34</ele>
      </trkpt>
      <trkpt lat="42.77874" lon="-109.29474">
        <ele>3024.78</ele>
      </trkpt>
      <trkpt lat="42.77882" lon="-109.29473">
        <ele>3025.4</ele>
      </trkpt>
      <trkpt lat="42.77887" lon="-109.29475">
        <ele>3026.16</ele>
      </trkpt>
      <trkpt lat="42.77892" lon="-109.29478">
        <ele>3026.62</ele>
      </trkpt>
      <trkpt lat="42.77896" lon="-109.2948">
        <ele>3026.84</ele>
      </trkpt>
      <trkpt lat="42.77901" lon="-109.29482">
        <ele>3027.11</ele>
      </trkpt>
      <trkpt lat="42.77905" lon="-109.29483">
        <ele>3027.33</ele>
      </trkpt>
      <trkpt lat="42.77905" lon="-109.29483">
        <ele>3027.33</ele>
      </trkpt>
      <trkpt lat="42.77912" lon="-109.29484">
        <ele>3027.41</ele>
      </trkpt>
      <trkpt lat="42.77916" lon="-109.29484">
        <ele>3027.29</ele>
      </trkpt>
      <trkpt lat="42.77921" lon="-109.29484">
        <ele>3027.27</ele>
      </trkpt>
      <trkpt lat="42.77926" lon="-109.29484">
        <ele>3027.27</ele>
      </trkpt>
      <trkpt lat="42.7793" lon="-109.29486">
        <ele>3027.7</ele>
      </trkpt>
      <trkpt lat="42.77936" lon="-109.29486">
        <ele>3027.98</ele>
      </trkpt>
      <trkpt lat="42.77939" lon="-109.29486">
        <ele>3027.98</ele>
      </trkpt>
      <trkpt lat="42.77949" lon="-109.29491">
        <ele>3029.06</ele>
      </trkpt>
      <trkpt lat="42.77954" lon="-109.29493">
        <ele>3029.51</ele>
      </trkpt>
      <trkpt lat="42.77959" lon="-109.29493">
        <ele>3029.92</ele>
      </trkpt>
      <trkpt lat="42.77964" lon="-109.29493">
        <ele>3030.24</ele>
      </trkpt>
      <trkpt lat="42.77964" lon="-109.29493">
        <ele>3030.24</ele>
      </trkpt>
      <trkpt lat="42.77972" lon="-109.29492">
        <ele>3030.14</ele>
      </trkpt>
      <trkpt lat="42.77977" lon="-109.29491">
        <ele>3030.04</ele>
      </trkpt>
      <trkpt lat="42.77981" lon="-109.29493">
        <ele>3030.48</ele>
      </trkpt>
      <trkpt lat="42.77985" lon="-109.29497">
        <ele>3031.48</ele>
      </trkpt>
      <trkpt lat="42.7799" lon="-109.295">
        <ele>3032.0</ele>
      </trkpt>
      <trkpt lat="42.77992" lon="-109.29501">
        <ele>3032.12</ele>
      </trkpt>
      <trkpt lat="42.78002" lon="-109.29502">
        <ele>3032.43</ele>
      </trkpt>
      <trkpt lat="42.78007" lon="-109.29501">
        <ele>3032.22</ele>
      </trkpt>
      <trkpt lat="42.78011" lon="-109.29498">
        <ele>3031.78</ele>
      </trkpt>
      <trkpt lat="42.78016" lon="-109.29497">
        <ele>3031.68</ele>
      </trkpt>
      <trkpt lat="42.78021" lon="-109.29498">
        <ele>3032.05</ele>
      </trkpt>
      <trkpt lat="42.78023" lon="-109.29498">
        <ele>3032.27</ele>
      </trkpt>
      <trkpt lat="42.7804" lon="-109.295">
        <ele>3033.0</ele>
      </trkpt>
      <trkpt lat="42.78045" lon="-109.29501">
        <ele>3033.22</ele>
      </trkpt>
      <trkpt lat="42.78049" lon="-109.29502">
        <ele>3033.66</ele>
      </trkpt>
      <trkpt lat="42.78053" lon="-109.29503">
        <ele>3034.14</ele>
      </trkpt>
      <trkpt lat="42.78058" lon="-109.29506">
        <ele>3034.65</ele>
      </trkpt>
      <trkpt lat="42.78063" lon="-109.29508">
        <ele>3034.86</ele>
      </trkpt>
      <trkpt lat="42.78068" lon="-109.29508">
        <ele>3035.21</ele>
      </trkpt>
      <trkpt lat="42.78072" lon="-109.29509">
        <ele>3035.75</ele>
      </trkpt>
      <trkpt lat="42.78077" lon="-109.2951">
        <ele>3036.16</ele>
      </trkpt>
      <trkpt lat="42.78081" lon="-109.29511">
        <ele>3036.38</ele>
      </trkpt>
      <trkpt lat="42.78086" lon="-109.29512">
        <ele>3036.51</ele>
      </trkpt>
      <trkpt lat="42.78088" lon="-109.29512">
        <ele>3036.44</ele>
      </trkpt>
      <trkpt lat="42.78106" lon="-109.29518">
        <ele>3036.97</ele>
      </trkpt>
      <trkpt lat="42.7811" lon="-109.2952">
        <ele>3037.32</ele>
      </trkpt>
      <trkpt lat="42.78115" lon="-109.29522">
        <ele>3037.91</ele>
      </trkpt>
      <trkpt lat="42.78119" lon="-109.29526">
        <ele>3039.3</ele>
      </trkpt>
      <trkpt lat="42.78123" lon="-109.2953">
        <ele>3040.94</ele>
      </trkpt>
      <trkpt lat="42.78124" lon="-109.29531">
        <ele>3041.3</ele>
      </trkpt>
      <trkpt lat="42.78137" lon="-109.29538">
        <ele>3044.13</ele>
      </trkpt>
      <trkpt lat="42.78143" lon="-109.29539">
        <ele>3044.64</ele>
      </trkpt>
      <trkpt lat="42.78147" lon="-109.2954">
        <ele>3044.96</ele>
      </trkpt>
      <trkpt lat="42.78152" lon="-109.29541">
        <ele>3045.11</ele>
      </trkpt>
      <trkpt lat="42.78156" lon="-109.29541">
        <ele>3044.92</ele>
      </trkpt>
      <trkpt lat="42.78164" lon="-109.2954">
        <ele>3044.64</ele>
      </trkpt>
      <trkpt lat="42.78169" lon="-109.29542">
        <ele>3045.07</ele>
      </trkpt>
      <trkpt lat="42.78174" lon="-109.29544">
        <ele>3045.5</ele>
      </trkpt>
      <trkpt lat="42.78178" lon="-109.29545">
        <ele>3045.91</ele>
      </trkpt>
      <trkpt lat="42.78183" lon="-109.29546">
        <ele>3046.68</ele>
      </trkpt>
      <trkpt lat="42.78188" lon="-109.29546">
        <ele>3047.21</ele>
      </trkpt>
      <trkpt lat="42.7819" lon="-109.29547">
        <ele>3047.75</ele>
      </trkpt>
      <trkpt lat="42.78205" lon="-109.2955">
        <ele>3049.68</ele>
      </trkpt>
      <trkpt lat="42.7821" lon="-109.29551">
        <ele>3050.37</ele>
      </trkpt>
      <trkpt lat="42.78215" lon="-109.29551">
        <ele>3050.42</ele>
      </trkpt>
      <trkpt lat="42.7822" lon="-109.29552">
        <ele>3050.56</ele>
      </trkpt>
      <trkpt lat="42.78224" lon="-109.29554">
        <ele>3051.17</ele>
      </trkpt>
      <trkpt lat="42.78229" lon="-109.29555">
        <ele>3051.07</ele>
      </trkpt>
      <trkpt lat="42.78233" lon="-109.29556">
        <ele>3051.03</ele>
      </trkpt>
      <trkpt lat="42.78234" lon="-109.29556">
        <ele>3050.92</ele>
      </trkpt>
      <trkpt lat="42.78239" lon="-109.29555">
        <ele>3050.06</ele>
      </trkpt>
      <trkpt lat="42.78244" lon="-109.29555">
        <ele>3049.88</ele>
      </trkpt>
      <trkpt lat="42.78249" lon="-109.29556">
        <ele>3050.15</ele>
      </trkpt>
      <trkpt lat="42.78254" lon="-109.29557">
        <ele>3050.1</ele>
      </trkpt>
      <trkpt lat="42.78259" lon="-109.29558">
        <ele>3050.08</ele>
      </trkpt>
      <trkpt lat="42.78263" lon="-109.29558">
        <ele>3050.06</ele>
      </trkpt>
      <trkpt lat="42.78269" lon="-109.29559">
        <ele>3050.52</ele>
      </trkpt>
      <trkpt lat="42.78273" lon="-109.2956">
        <ele>3051.17</ele>
      </trkpt>
      <trkpt lat="42.78288" lon="-109.29566">
        <ele>3054.49</ele>
      </trkpt>
      <trkpt lat="42.78292" lon="-109.29568">
        <ele>3055.57</ele>
      </trkpt>
      <trkpt lat="42.78297" lon="-109.29571">
        <ele>3057.03</ele>
      </trkpt>
      <trkpt lat="42.78301" lon="-109.29572">
        <ele>3057.44</ele>
      </trkpt>
      <trkpt lat="42.78306" lon="-109.29573">
        <ele>3057.82</ele>
      </trkpt>
      <trkpt lat="42.78311" lon="-109.29574">
        <ele>3058.57</ele>
      </trkpt>
      <trkpt lat="42.78315" lon="-109.29574">
        <ele>3058.98</ele>
      </trkpt>
      <trkpt lat="42.78316" lon="-109.29574">
        <ele>3058.98</ele>
      </trkpt>
      <trkpt lat="42.7834" lon="-109.2958">
        <ele>3061.74</ele>
      </trkpt>
      <trkpt lat="42.78344" lon="-109.29581">
        <ele>3062.28</ele>
      </trkpt>
      <trkpt lat="42.78349" lon="-109.29582">
        <ele>3062.67</ele>
      </trkpt>
      <trkpt lat="42.78354" lon="-109.29583">
        <ele>3063.16</ele>
      </trkpt>
      <trkpt lat="42.78359" lon="-109.29583">
        <ele>3063.7</ele>
      </trkpt>
      <trkpt lat="42.78364" lon="-109.29584">
        <ele>3064.82</ele>
      </trkpt>
      <trkpt lat="42.78364" lon="-109.29584">
        <ele>3064.82</ele>
      </trkpt>
      <trkpt lat="42.78382" lon="-109.29585">
        <ele>3067.83</ele>
      </trkpt>
      <trkpt lat="42.78387" lon="-109.29586">
        <ele>3068.94</ele>
      </trkpt>
      <trkpt lat="42.78391" lon="-109.29587">
        <ele>3069.62</ele>
      </trkpt>
      <trkpt lat="42.78396" lon="-109.29588">
        <ele>3070.27</ele>
      </trkpt>
      <trkpt lat="42.78401" lon="-109.29588">
        <ele>3070.81</ele>
      </trkpt>
      <trkpt lat="42.78406" lon="-109.29587">
        <ele>3071.24</ele>
      </trkpt>
      <trkpt lat="42.78411" lon="-109.29588">
        <ele>3071.7</ele>
      </trkpt>
      <trkpt lat="42.78411" lon="-109.29588">
        <ele>3071.7</ele>
      </trkpt>
      <trkpt lat="42.78421" lon="-109.29592">
        <ele>3072.44</ele>
      </trkpt>
      <trkpt lat="42.78425" lon="-109.29594">
        <ele>3073.2</ele>
      </trkpt>
      <trkpt lat="42.78429" lon="-109.29597">
        <ele>3074.28</ele>
      </trkpt>
      <trkpt lat="42.78434" lon="-109.29598">
        <ele>3075.04</ele>
      </trkpt>
      <trkpt lat="42.78439" lon="-109.29599">
        <ele>3075.51</ele>
      </trkpt>
      <trkpt lat="42.78443" lon="-109.29599">
        <ele>3075.64</ele>
      </trkpt>
      <trkpt lat="42.78448" lon="-109.29597">
        <ele>3075.66</ele>
      </trkpt>
      <trkpt lat="42.78452" lon="-109.29597">
        <ele>3075.86</ele>
      </trkpt>
      <trkpt lat="42.78459" lon="-109.29595">
        <ele>3075.94</ele>
      </trkpt>
      <trkpt lat="42.78463" lon="-109.29596">
        <ele>3076.37</ele>
      </trkpt>
      <trkpt lat="42.78469" lon="-109.29595">
        <ele>3076.91</ele>
      </trkpt>
      <trkpt lat="42.78474" lon="-109.29596">
        <ele>3077.75</ele>
      </trkpt>
      <trkpt lat="42.78478" lon="-109.29596">
        <ele>3078.62</ele>
      </trkpt>
      <trkpt lat="42.78478" lon="-109.29596">
        <ele>3078.62</ele>
      </trkpt>
      <trkpt lat="42.78483" lon="-109.29596">
        <ele>3079.64</ele>
      </trkpt>
      <trkpt lat="42.78499" lon="-109.29591">
        <ele>3081.89</ele>
      </trkpt>
      <trkpt lat="42.78518" lon="-109.29594">
        <ele>3082.0</ele>
      </trkpt>
      <trkpt lat="42.78536" lon="-109.29608">
        <ele>3082.0</ele>
      </trkpt>
      <trkpt lat="42.78544" lon="-109.2961">
        <ele>3081.25</ele>
      </trkpt>
      <trkpt lat="42.78554" lon="-109.29613">
        <ele>3080.37</ele>
      </trkpt>
      <trkpt lat="42.78558" lon="-109.29616">
        <ele>3080.14</ele>
      </trkpt>
      <trkpt lat="42.78577" lon="-109.29623">
        <ele>3079.25</ele>
      </trkpt>
      <trkpt lat="42.78584" lon="-109.29624">
        <ele>3078.71</ele>
      </trkpt>
      <trkpt lat="42.78596" lon="-109.29629">
        <ele>3078.5</ele>
      </trkpt>
      <trkpt lat="42.7865" lon="-109.29639">
        <ele>3078.02</ele>
      </trkpt>
      <trkpt lat="42.78694" lon="-109.2964">
        <ele>3073.38</ele>
      </trkpt>
      <trkpt lat="42.7872" lon="-109.29637">
        <ele>3067.59</ele>
      </trkpt>
      <trkpt lat="42.78724" lon="-109.29636">
        <ele>3067.31</ele>
      </trkpt>
      <trkpt lat="42.7873" lon="-109.29637">
        <ele>3067.2</ele>
      </trkpt>
      <trkpt lat="42.78734" lon="-109.29638">
        <ele>3067.12</ele>
      </trkpt>
      <trkpt lat="42.78739" lon="-109.29639">
        <ele>3066.99</ele>
      </trkpt>
      <trkpt lat="42.78744" lon="-109.29641">
        <ele>3066.69</ele>
      </trkpt>
      <trkpt lat="42.78748" lon="-109.29641">
        <ele>3066.59</ele>
      </trkpt>
      <trkpt lat="42.78753" lon="-109.29641">
        <ele>3066.62</ele>
      </trkpt>
      <trkpt lat="42.78755" lon="-109.29641">
        <ele>3066.67</ele>
      </trkpt>
      <trkpt lat="42.78768" lon="-109.2964">
        <ele>3067.71</ele>
      </trkpt>
      <trkpt lat="42.78772" lon="-109.29639">
        <ele>3067.98</ele>
      </trkpt>
      <trkpt lat="42.78777" lon="-109.29637">
        <ele>3068.41</ele>
      </trkpt>
      <trkpt lat="42.78782" lon="-109.29637">
        <ele>3068.41</ele>
      </trkpt>
      <trkpt lat="42.78787" lon="-109.29637">
        <ele>3068.41</ele>
      </trkpt>
      <trkpt lat="42.78792" lon="-109.29637">
        <ele>3068.41</ele>
      </trkpt>
      <trkpt lat="42.78792" lon="-109.29637">
        <ele>3068.41</ele>
      </trkpt>
      <trkpt lat="42.78806" lon="-109.29632">
        <ele>3069.49</ele>
      </trkpt>
      <trkpt lat="42.78811" lon="-109.29631">
        <ele>3069.7</ele>
      </trkpt>
      <trkpt lat="42.78816" lon="-109.29631">
        <ele>3069.7</ele>
      </trkpt>
      <trkpt lat="42.7882" lon="-109.29631">
        <ele>3069.7</ele>
      </trkpt>
      <trkpt lat="42.78824" lon="-109.29629">
        <ele>3070.07</ele>
      </trkpt>
      <trkpt lat="42.78833" lon="-109.29624">
        <ele>3070.23</ele>
      </trkpt>
      <trkpt lat="42.78837" lon="-109.29623">
        <ele>3070.04</ele>
      </trkpt>
      <trkpt lat="42.7884" lon="-109.29622">
        <ele>3069.93</ele>
      </trkpt>
      <trkpt lat="42.78848" lon="-109.2962">
        <ele>3069.46</ele>
      </trkpt>
      <trkpt lat="42.78853" lon="-109.29619">
        <ele>3069.02</ele>
      </trkpt>
      <trkpt lat="42.78858" lon="-109.29618">
        <ele>3068.59</ele>
      </trkpt>
      <trkpt lat="42.78861" lon="-109.29618">
        <ele>3068.27</ele>
      </trkpt>
      <trkpt lat="42.78866" lon="-109.29619">
        <ele>3067.62</ele>
      </trkpt>
      <trkpt lat="42.78871" lon="-109.29621">
        <ele>3066.86</ele>
      </trkpt>
      <trkpt lat="42.78875" lon="-109.29623">
        <ele>3066.22</ele>
      </trkpt>
      <trkpt lat="42.7888" lon="-109.29625">
        <ele>3065.5</ele>
      </trkpt>
      <trkpt lat="42.78882" lon="-109.29626">
        <ele>3065.39</ele>
      </trkpt>
      <trkpt lat="42.78884" lon="-109.29625">
        <ele>3065.5</ele>
      </trkpt>
      <trkpt lat="42.78889" lon="-109.29625">
        <ele>3065.5</ele>
      </trkpt>
      <trkpt lat="42.78893" lon="-109.2962">
        <ele>3066.02</ele>
      </trkpt>
      <trkpt lat="42.78896" lon="-109.29617">
        <ele>3066.08</ele>
      </trkpt>
      <trkpt lat="42.78906" lon="-109.29606">
        <ele>3066.08</ele>
      </trkpt>
      <trkpt lat="42.7891" lon="-109.29603">
        <ele>3065.97</ele>
      </trkpt>
      <trkpt lat="42.78915" lon="-109.296">
        <ele>3066.2</ele>
      </trkpt>
      <trkpt lat="42.7892" lon="-109.29597">
        <ele>3066.16</ele>
      </trkpt>
      <trkpt lat="42.78921" lon="-109.29596">
        <ele>3066.16</ele>
      </trkpt>
      <trkpt lat="42.78934" lon="-109.2959">
        <ele>3065.41</ele>
      </trkpt>
      <trkpt lat="42.78938" lon="-109.29588">
        <ele>3065.5</ele>
      </trkpt>
      <trkpt lat="42.78942" lon="-109.29587">
        <ele>3065.6</ele>
      </trkpt>
      <trkpt lat="42.78947" lon="-109.29585">
        <ele>3065.82</ele>
      </trkpt>
      <trkpt lat="42.7895" lon="-109.29584">
        <ele>3065.93</ele>
      </trkpt>
      <trkpt lat="42.78961" lon="-109.29583">
        <ele>3066.04</ele>
      </trkpt>
      <trkpt lat="42.78966" lon="-109.29581">
        <ele>3066.58</ele>
      </trkpt>
      <trkpt lat="42.7897" lon="-109.29579">
        <ele>3067.23</ele>
      </trkpt>
      <trkpt lat="42.78974" lon="-109.29576">
        <ele>3067.98</ele>
      </trkpt>
      <trkpt lat="42.78975" lon="-109.29576">
        <ele>3068.09</ele>
      </trkpt>
      <trkpt lat="42.78984" lon="-109.29575">
        <ele>3068.95</ele>
      </trkpt>
      <trkpt lat="42.78988" lon="-109.29573">
        <ele>3069.08</ele>
      </trkpt>
      <trkpt lat="42.78992" lon="-109.29569">
        <ele>3069.61</ele>
      </trkpt>
      <trkpt lat="42.78993" lon="-109.29567">
        <ele>3069.82</ele>
      </trkpt>
      <trkpt lat="42.78997" lon="-109.29563">
        <ele>3070.0</ele>
      </trkpt>
      <trkpt lat="42.79011" lon="-109.29552">
        <ele>3071.19</ele>
      </trkpt>
      <trkpt lat="42.79021" lon="-109.2955">
        <ele>3072.0</ele>
      </trkpt>
      <trkpt lat="42.79025" lon="-109.29546">
        <ele>3072.02</ele>
      </trkpt>
      <trkpt lat="42.79031" lon="-109.29547">
        <ele>3072.35</ele>
      </trkpt>
      <trkpt lat="42.79034" lon="-109.2955">
        <ele>3072.67</ele>
      </trkpt>
      <trkpt lat="42.79041" lon="-109.29547">
        <ele>3073.43</ele>
      </trkpt>
      <trkpt lat="42.79052" lon="-109.29546">
        <ele>3074.0</ele>
      </trkpt>
      <trkpt lat="42.79068" lon="-109.29536">
        <ele>3075.34</ele>
      </trkpt>
      <trkpt lat="42.79072" lon="-109.29534">
        <ele>3075.78</ele>
      </trkpt>
      <trkpt lat="42.79076" lon="-109.29531">
        <ele>3076.0</ele>
      </trkpt>
      <trkpt lat="42.79081" lon="-109.29528">
        <ele>3076.0</ele>
      </trkpt>
      <trkpt lat="42.79081" lon="-109.29528">
        <ele>3076.0</ele>
      </trkpt>
      <trkpt lat="42.79098" lon="-109.29518">
        <ele>3076.98</ele>
      </trkpt>
      <trkpt lat="42.79103" lon="-109.29517">
        <ele>3077.0</ele>
      </trkpt>
      <trkpt lat="42.79107" lon="-109.29516">
        <ele>3077.0</ele>
      </trkpt>
      <trkpt lat="42.79111" lon="-109.29513">
        <ele>3077.0</ele>
      </trkpt>
      <trkpt lat="42.79115" lon="-109.29509">
        <ele>3077.41</ele>
      </trkpt>
      <trkpt lat="42.79117" lon="-109.29507">
        <ele>3077.48</ele>
      </trkpt>
      <trkpt lat="42.79127" lon="-109.29497">
        <ele>3077.72</ele>
      </trkpt>
      <trkpt lat="42.7913" lon="-109.29493">
        <ele>3078.0</ele>
      </trkpt>
      <trkpt lat="42.79134" lon="-109.29489">
        <ele>3078.0</ele>
      </trkpt>
      <trkpt lat="42.79137" lon="-109.29484">
        <ele>3078.0</ele>
      </trkpt>
      <trkpt lat="42.7914" lon="-109.29479">
        <ele>3078.12</ele>
      </trkpt>
      <trkpt lat="42.79143" lon="-109.29476">
        <ele>3078.44</ele>
      </trkpt>
      <trkpt lat="42.79148" lon="-109.29471">
        <ele>3078.85</ele>
      </trkpt>
      <trkpt lat="42.79159" lon="-109.29466">
        <ele>3079.17</ele>
      </trkpt>
      <trkpt lat="42.79163" lon="-109.29464">
        <ele>3079.6</ele>
      </trkpt>
      <trkpt lat="42.79168" lon="-109.29462">
        <ele>3080.13</ele>
      </trkpt>
      <trkpt lat="42.79172" lon="-109.29459">
        <ele>3080.33</ele>
      </trkpt>
      <trkpt lat="42.79172" lon="-109.29459">
        <ele>3080.33</ele>
      </trkpt>
      <trkpt lat="42.79183" lon="-109.29452">
        <ele>3080.76</ele>
      </trkpt>
      <trkpt lat="42.79188" lon="-109.2945">
        <ele>3081.3</ele>
      </trkpt>
      <trkpt lat="42.79193" lon="-109.29448">
        <ele>3081.84</ele>
      </trkpt>
      <trkpt lat="42.79193" lon="-109.29448">
        <ele>3081.84</ele>
      </trkpt>
      <trkpt lat="42.79201" lon="-109.29443">
        <ele>3082.11</ele>
      </trkpt>
      <trkpt lat="42.79206" lon="-109.2944">
        <ele>3082.61</ele>
      </trkpt>
      <trkpt lat="42.7921" lon="-109.29438">
        <ele>3082.9</ele>
      </trkpt>
      <trkpt lat="42.79211" lon="-109.29437">
        <ele>3082.96</ele>
      </trkpt>
      <trkpt lat="42.79219" lon="-109.29431">
        <ele>3083.29</ele>
      </trkpt>
      <trkpt lat="42.79223" lon="-109.29428">
        <ele>3083.79</ele>
      </trkpt>
      <trkpt lat="42.79226" lon="-109.29424">
        <ele>3084.0</ele>
      </trkpt>
      <trkpt lat="42.7923" lon="-109.29421">
        <ele>3084.0</ele>
      </trkpt>
      <trkpt lat="42.7924" lon="-109.29413">
        <ele>3084.92</ele>
      </trkpt>
      <trkpt lat="42.79244" lon="-109.2941">
        <ele>3085.0</ele>
      </trkpt>
      <trkpt lat="42.79249" lon="-109.29407">
        <ele>3085.0</ele>
      </trkpt>
      <trkpt lat="42.79253" lon="-109.29404">
        <ele>3085.12</ele>
      </trkpt>
      <trkpt lat="42.79253" lon="-109.29404">
        <ele>3085.12</ele>
      </trkpt>
      <trkpt lat="42.79267" lon="-109.2939">
        <ele>3086.0</ele>
      </trkpt>
      <trkpt lat="42.79271" lon="-109.29387">
        <ele>3086.47</ele>
      </trkpt>
      <trkpt lat="42.79276" lon="-109.29384">
        <ele>3087.34</ele>
      </trkpt>
      <trkpt lat="42.79277" lon="-109.29384">
        <ele>3087.44</ele>
      </trkpt>
      <trkpt lat="42.79284" lon="-109.29379">
        <ele>3088.74</ele>
      </trkpt>
      <trkpt lat="42.79288" lon="-109.29376">
        <ele>3089.5</ele>
      </trkpt>
      <trkpt lat="42.79292" lon="-109.29373">
        <ele>3090.25</ele>
      </trkpt>
      <trkpt lat="42.79296" lon="-109.29369">
        <ele>3091.12</ele>
      </trkpt>
      <trkpt lat="42.79299" lon="-109.29366">
        <ele>3091.47</ele>
      </trkpt>
      <trkpt lat="42.79304" lon="-109.29359">
        <ele>3092.23</ele>
      </trkpt>
      <trkpt lat="42.79307" lon="-109.29355">
        <ele>3092.56</ele>
      </trkpt>
      <trkpt lat="42.79311" lon="-109.2935">
        <ele>3092.53</ele>
      </trkpt>
      <trkpt lat="42.79313" lon="-109.29348">
        <ele>3092.53</ele>
      </trkpt>
      <trkpt lat="42.79338" lon="-109.29324">
        <ele>3093.0</ele>
      </trkpt>
      <trkpt lat="42.79338" lon="-109.29324">
        <ele>3093.0</ele>
      </trkpt>
      <trkpt lat="42.79344" lon="-109.29318">
        <ele>3092.95</ele>
      </trkpt>
      <trkpt lat="42.79349" lon="-109.29314">
        <ele>3093.03</ele>
      </trkpt>
      <trkpt lat="42.79353" lon="-109.2931">
        <ele>3092.88</ele>
      </trkpt>
      <trkpt lat="42.79357" lon="-109.29307">
        <ele>3092.44</ele>
      </trkpt>
      <trkpt lat="42.79359" lon="-109.29302">
        <ele>3092.61</ele>
      </trkpt>
      <trkpt lat="42.79361" lon="-109.29298">
        <ele>3092.83</ele>
      </trkpt>
      <trkpt lat="42.79366" lon="-109.2929">
        <ele>3093.15</ele>
      </trkpt>
      <trkpt lat="42.79372" lon="-109.29283">
        <ele>3092.82</ele>
      </trkpt>
      <trkpt lat="42.79381" lon="-109.29264">
        <ele>3092.85</ele>
      </trkpt>
      <trkpt lat="42.79403" lon="-109.29235">
        <ele>3092.1</ele>
      </trkpt>
      <trkpt lat="42.79416" lon="-109.29216">
        <ele>3092.05</ele>
      </trkpt>
      <trkpt lat="42.79442" lon="-109.29183">
        <ele>3092.06</ele>
      </trkpt>
      <trkpt lat="42.79445" lon="-109.29178">
        <ele>3091.99</ele>
      </trkpt>
      <trkpt lat="42.79453" lon="-109.29169">
        <ele>3092.06</ele>
      </trkpt>
      <trkpt lat="42.79462" lon="-109.2916">
        <ele>3092.07</ele>
      </trkpt>
      <trkpt lat="42.7947" lon="-109.29147">
        <ele>3092.03</ele>
      </trkpt>
      <trkpt lat="42.795" lon="-109.29105">
        <ele>3091.0</ele>
      </trkpt>
      <trkpt lat="42.79516" lon="-109.29078">
        <ele>3090.85</ele>
      </trkpt>
      <trkpt lat="42.79527" lon="-109.29067">
        <ele>3090.85</ele>
      </trkpt>
      <trkpt lat="42.79565" lon="-109.29022">
        <ele>3093.6</ele>
      </trkpt>
      <trkpt lat="42.79575" lon="-109.29013">
        <ele>3092.9</ele>
      </trkpt>
      <trkpt lat="42.79599" lon="-109.28997">
        <ele>3091.31</ele>
      </trkpt>
      <trkpt lat="42.79606" lon="-109.28995">
        <ele>3091.0</ele>
      </trkpt>
      <trkpt lat="42.7961" lon="-109.28993">
        <ele>3091.0</ele>
      </trkpt>
      <trkpt lat="42.79615" lon="-109.28989">
        <ele>3090.58</ele>
      </trkpt>
      <trkpt lat="42.79618" lon="-109.28985">
        <ele>3090.26</ele>
      </trkpt>
      <trkpt lat="42.79622" lon="-109.28984">
        <ele>3089.82</ele>
      </trkpt>
      <trkpt lat="42.79627" lon="-109.28981">
        <ele>3089.32</ele>
      </trkpt>
      <trkpt lat="42.79631" lon="-109.28977">
        <ele>3089.41</ele>
      </trkpt>
      <trkpt lat="42.79634" lon="-109.28972">
        <ele>3089.53</ele>
      </trkpt>
      <trkpt lat="42.79637" lon="-109.28967">
        <ele>3089.2</ele>
      </trkpt>
      <trkpt lat="42.79638" lon="-109.28966">
        <ele>3089.1</ele>
      </trkpt>
      <trkpt lat="42.79643" lon="-109.28959">
        <ele>3088.75</ele>
      </trkpt>
      <trkpt lat="42.79648" lon="-109.28954">
        <ele>3088.97</ele>
      </trkpt>
      <trkpt lat="42.79655" lon="-109.28947">
        <ele>3088.26</ele>
      </trkpt>
      <trkpt lat="42.79661" lon="-109.28943">
        <ele>3088.0</ele>
      </trkpt>
      <trkpt lat="42.79664" lon="-109.28937">
        <ele>3088.0</ele>
      </trkpt>
      <trkpt lat="42.79667" lon="-109.28934">
        <ele>3087.96</ele>
      </trkpt>
      <trkpt lat="42.79676" lon="-109.28928">
        <ele>3086.99</ele>
      </trkpt>
      <trkpt lat="42.79691" lon="-109.28923">
        <ele>3085.37</ele>
      </trkpt>
      <trkpt lat="42.79698" lon="-109.28915">
        <ele>3084.23</ele>
      </trkpt>
      <trkpt lat="42.79698" lon="-109.28915">
        <ele>3084.23</ele>
      </trkpt>
      <trkpt lat="42.79713" lon="-109.28905">
        <ele>3081.25</ele>
      </trkpt>
      <trkpt lat="42.79728" lon="-109.28886">
        <ele>3078.75</ele>
      </trkpt>
      <trkpt lat="42.79733" lon="-109.28885">
        <ele>3077.67</ele>
      </trkpt>
      <trkpt lat="42.79737" lon="-109.28885">
        <ele>3076.81</ele>
      </trkpt>
      <trkpt lat="42.79741" lon="-109.28884">
        <ele>3075.94</ele>
      </trkpt>
      <trkpt lat="42.79746" lon="-109.28883">
        <ele>3074.86</ele>
      </trkpt>
      <trkpt lat="42.79751" lon="-109.2888">
        <ele>3073.89</ele>
      </trkpt>
      <trkpt lat="42.79754" lon="-109.28876">
        <ele>3073.57</ele>
      </trkpt>
      <trkpt lat="42.79756" lon="-109.28875">
        <ele>3073.35</ele>
      </trkpt>
      <trkpt lat="42.79762" lon="-109.2887">
        <ele>3073.0</ele>
      </trkpt>
      <trkpt lat="42.79766" lon="-109.28867">
        <ele>3073.0</ele>
      </trkpt>
      <trkpt lat="42.7977" lon="-109.28864">
        <ele>3073.11</ele>
      </trkpt>
      <trkpt lat="42.79774" lon="-109.28862">
        <ele>3073.54</ele>
      </trkpt>
      <trkpt lat="42.79779" lon="-109.28863">
        <ele>3073.8</ele>
      </trkpt>
      <trkpt lat="42.79784" lon="-109.28863">
        <ele>3073.8</ele>
      </trkpt>
      <trkpt lat="42.79784" lon="-109.28863">
        <ele>3073.8</ele>
      </trkpt>
      <trkpt lat="42.79791" lon="-109.28863">
        <ele>3073.88</ele>
      </trkpt>
      <trkpt lat="42.79795" lon="-109.28865">
        <ele>3073.94</ele>
      </trkpt>
      <trkpt lat="42.798" lon="-109.28866">
        <ele>3074.0</ele>
      </trkpt>
      <trkpt lat="42.79805" lon="-109.28867">
        <ele>3074.0</ele>
      </trkpt>
      <trkpt lat="42.79809" lon="-109.28869">
        <ele>3074.37</ele>
      </trkpt>
      <trkpt lat="42.79813" lon="-109.28872">
        <ele>3074.8</ele>
      </trkpt>
      <trkpt lat="42.79815" lon="-109.28873">
        <ele>3075.02</ele>
      </trkpt>
      <trkpt lat="42.79822" lon="-109.28876">
        <ele>3075.78</ele>
      </trkpt>
      <trkpt lat="42.79827" lon="-109.28877">
        <ele>3076.63</ele>
      </trkpt>
      <trkpt lat="42.79832" lon="-109.28878">
        <ele>3077.71</ele>
      </trkpt>
      <trkpt lat="42.79836" lon="-109.28879">
        <ele>3078.29</ele>
      </trkpt>
      <trkpt lat="42.79841" lon="-109.2888">
        <ele>3078.83</ele>
      </trkpt>
      <trkpt lat="42.79843" lon="-109.28881">
        <ele>3079.04</ele>
      </trkpt>
      <trkpt lat="42.79847" lon="-109.28883">
        <ele>3079.48</ele>
      </trkpt>
      <trkpt lat="42.79853" lon="-109.28883">
        <ele>3080.12</ele>
      </trkpt>
      <trkpt lat="42.79858" lon="-109.28883">
        <ele>3080.66</ele>
      </trkpt>
      <trkpt lat="42.79862" lon="-109.28883">
        <ele>3081.1</ele>
      </trkpt>
      <trkpt lat="42.79867" lon="-109.28882">
        <ele>3081.64</ele>
      </trkpt>
      <trkpt lat="42.79871" lon="-109.28881">
        <ele>3082.07</ele>
      </trkpt>
      <trkpt lat="42.79871" lon="-109.28881">
        <ele>3082.07</ele>
      </trkpt>
      <trkpt lat="42.7988" lon="-109.28878">
        <ele>3082.83</ele>
      </trkpt>
      <trkpt lat="42.79885" lon="-109.28876">
        <ele>3082.84</ele>
      </trkpt>
      <trkpt lat="42.7989" lon="-109.28873">
        <ele>3083.12</ele>
      </trkpt>
      <trkpt lat="42.79894" lon="-109.28871">
        <ele>3083.55</ele>
      </trkpt>
      <trkpt lat="42.79896" lon="-109.28871">
        <ele>3083.77</ele>
      </trkpt>
      <trkpt lat="42.79902" lon="-109.28859">
        <ele>3084.32</ele>
      </trkpt>
      <trkpt lat="42.79917" lon="-109.28844">
        <ele>3085.0</ele>
      </trkpt>
      <trkpt lat="42.79923" lon="-109.28845">
        <ele>3085.0</ele>
      </trkpt>
      <trkpt lat="42.79939" lon="-109.2884">
        <ele>3085.3</ele>
      </trkpt>
      <trkpt lat="42.79963" lon="-109.28843">
        <ele>3087.14</ele>
      </trkpt>
      <trkpt lat="42.79971" lon="-109.28846">
        <ele>3089.84</ele>
      </trkpt>
      <trkpt lat="42.79981" lon="-109.28843">
        <ele>3091.03</ele>
      </trkpt>
      <trkpt lat="42.79992" lon="-109.28837">
        <ele>3093.01</ele>
      </trkpt>
      <trkpt lat="42.79998" lon="-109.28844">
        <ele>3094.94</ele>
      </trkpt>
      <trkpt lat="42.8" lon="-109.28845">
        <ele>3095.26</ele>
      </trkpt>
      <trkpt lat="42.80001" lon="-109.28851">
        <ele>3096.02</ele>
      </trkpt>
      <trkpt lat="42.80001" lon="-109.28853">
        <ele>3096.34</ele>
      </trkpt>
      <trkpt lat="42.80006" lon="-109.28854">
        <ele>3096.96</ele>
      </trkpt>
      <trkpt lat="42.8001" lon="-109.28854">
        <ele>3097.25</ele>
      </trkpt>
      <trkpt lat="42.80014" lon="-109.28857">
        <ele>3097.84</ele>
      </trkpt>
      <trkpt lat="42.80017" lon="-109.28862">
        <ele>3099.03</ele>
      </trkpt>
      <trkpt lat="42.80018" lon="-109.28869">
        <ele>3100.65</ele>
      </trkpt>
      <trkpt lat="42.80018" lon="-109.28869">
        <ele>3100.65</ele>
      </trkpt>
      <trkpt lat="42.80021" lon="-109.28874">
        <ele>3102.05</ele>
      </trkpt>
      <trkpt lat="42.80026" lon="-109.28877">
        <ele>3103.24</ele>
      </trkpt>
      <trkpt lat="42.8003" lon="-109.28877">
        <ele>3103.84</ele>
      </trkpt>
      <trkpt lat="42.80035" lon="-109.28878">
        <ele>3105.07</ele>
      </trkpt>
      <trkpt lat="42.8004" lon="-109.2888">
        <ele>3106.36</ele>
      </trkpt>
      <trkpt lat="42.80044" lon="-109.28879">
        <ele>3106.6</ele>
      </trkpt>
      <trkpt lat="42.80047" lon="-109.28873">
        <ele>3105.7</ele>
      </trkpt>
      <trkpt lat="42.8005" lon="-109.28868">
        <ele>3105.54</ele>
      </trkpt>
      <trkpt lat="42.80054" lon="-109.28865">
        <ele>3106.08</ele>
      </trkpt>
      <trkpt lat="42.80055" lon="-109.28864">
        <ele>3106.19</ele>
      </trkpt>
      <trkpt lat="42.80067" lon="-109.28861">
        <ele>3107.22</ele>
      </trkpt>
      <trkpt lat="42.80071" lon="-109.28859">
        <ele>3107.44</ele>
      </trkpt>
      <trkpt lat="42.80076" lon="-109.28857">
        <ele>3107.74</ele>
      </trkpt>
      <trkpt lat="42.80081" lon="-109.28857">
        <ele>3108.22</ele>
      </trkpt>
      <trkpt lat="42.80086" lon="-109.28858">
        <ele>3108.62</ele>
      </trkpt>
      <trkpt lat="42.80091" lon="-109.2886">
        <ele>3108.95</ele>
      </trkpt>
      <trkpt lat="42.80104" lon="-109.28868">
        <ele>3111.76</ele>
      </trkpt>
      <trkpt lat="42.80108" lon="-109.2887">
        <ele>3113.02</ele>
      </trkpt>
      <trkpt lat="42.80109" lon="-109.2887">
        <ele>3113.35</ele>
      </trkpt>
      <trkpt lat="42.80114" lon="-109.28876">
        <ele>3115.54</ele>
      </trkpt>
      <trkpt lat="42.80118" lon="-109.28879">
        <ele>3117.16</ele>
      </trkpt>
      <trkpt lat="42.80122" lon="-109.28881">
        <ele>3118.5</ele>
      </trkpt>
      <trkpt lat="42.80127" lon="-109.28881">
        <ele>3119.58</ele>
      </trkpt>
      <trkpt lat="42.8013" lon="-109.28882">
        <ele>3120.3</ele>
      </trkpt>
      <trkpt lat="42.8014" lon="-109.28879">
        <ele>3121.01</ele>
      </trkpt>
      <trkpt lat="42.80145" lon="-109.28877">
        <ele>3121.19</ele>
      </trkpt>
      <trkpt lat="42.80149" lon="-109.28875">
        <ele>3121.55</ele>
      </trkpt>
      <trkpt lat="42.80154" lon="-109.28875">
        <ele>3121.82</ele>
      </trkpt>
      <trkpt lat="42.80159" lon="-109.28875">
        <ele>3122.0</ele>
      </trkpt>
      <trkpt lat="42.80161" lon="-109.28875">
        <ele>3122.0</ele>
      </trkpt>
      <trkpt lat="42.80169" lon="-109.28868">
        <ele>3122.51</ele>
      </trkpt>
      <trkpt lat="42.80174" lon="-109.28868">
        <ele>3123.05</ele>
      </trkpt>
      <trkpt lat="42.80178" lon="-109.28867">
        <ele>3123.95</ele>
      </trkpt>
      <trkpt lat="42.80183" lon="-109.28865">
        <ele>3125.43</ele>
      </trkpt>
      <trkpt lat="42.80187" lon="-109.28863">
        <ele>3126.04</ele>
      </trkpt>
      <trkpt lat="42.80192" lon="-109.2886">
        <ele>3126.0</ele>
      </trkpt>
      <trkpt lat="42.80195" lon="-109.28859">
        <ele>3126.05</ele>
      </trkpt>
      <trkpt lat="42.802" lon="-109.28859">
        <ele>3126.46</ele>
      </trkpt>
      <trkpt lat="42.80201" lon="-109.2886">
        <ele>3126.62</ele>
      </trkpt>
      <trkpt lat="42.80202" lon="-109.28864">
        <ele>3127.13</ele>
      </trkpt>
      <trkpt lat="42.80204" lon="-109.2887">
        <ele>3127.96</ele>
      </trkpt>
      <trkpt lat="42.80207" lon="-109.28874">
        <ele>3128.39</ele>
      </trkpt>
      <trkpt lat="42.80212" lon="-109.28873">
        <ele>3128.28</ele>
      </trkpt>
      <trkpt lat="42.80216" lon="-109.28873">
        <ele>3128.28</ele>
      </trkpt>
      <trkpt lat="42.80218" lon="-109.28881">
        <ele>3129.3</ele>
      </trkpt>
      <trkpt lat="42.80222" lon="-109.28886">
        <ele>3130.38</ele>
      </trkpt>
      <trkpt lat="42.80226" lon="-109.2889">
        <ele>3131.24</ele>
      </trkpt>
      <trkpt lat="42.80229" lon="-109.28896">
        <ele>3132.54</ele>
      </trkpt>
      <trkpt lat="42.80229" lon="-109.28896">
        <ele>3132.54</ele>
      </trkpt>
      <trkpt lat="42.8023" lon="-109.28905">
        <ele>3133.74</ele>
      </trkpt>
      <trkpt lat="42.8023" lon="-109.28912">
        <ele>3135.41</ele>
      </trkpt>
      <trkpt lat="42.80229" lon="-109.28918">
        <ele>3137.02</ele>
      </trkpt>
      <trkpt lat="42.80228" lon="-109.28923">
        <ele>3137.99</ele>
      </trkpt>
      <trkpt lat="42.80224" lon="-109.28929">
        <ele>3139.52</ele>
      </trkpt>
      <trkpt lat="42.80223" lon="-109.2893">
        <ele>3139.84</ele>
      </trkpt>
      <trkpt lat="42.80223" lon="-109.28933">
        <ele>3141.14</ele>
      </trkpt>
      <trkpt lat="42.80227" lon="-109.28936">
        <ele>3142.78</ele>
      </trkpt>
      <trkpt lat="42.80231" lon="-109.28938">
        <ele>3143.86</ele>
      </trkpt>
      <trkpt lat="42.80236" lon="-109.28938">
        <ele>3144.06</ele>
      </trkpt>
      <trkpt lat="42.80241" lon="-109.28936">
        <ele>3143.32</ele>
      </trkpt>
      <trkpt lat="42.80244" lon="-109.28931">
        <ele>3141.0</ele>
      </trkpt>
      <trkpt lat="42.80248" lon="-109.28928">
        <ele>3139.72</ele>
      </trkpt>
      <trkpt lat="42.80252" lon="-109.28928">
        <ele>3139.46</ele>
      </trkpt>
      <trkpt lat="42.80263" lon="-109.2893">
        <ele>3138.51</ele>
      </trkpt>
      <trkpt lat="42.80267" lon="-109.28933">
        <ele>3138.62</ele>
      </trkpt>
      <trkpt lat="42.80271" lon="-109.28935">
        <ele>3138.41</ele>
      </trkpt>
      <trkpt lat="42.80276" lon="-109.28934">
        <ele>3137.1</ele>
      </trkpt>
      <trkpt lat="42.8028" lon="-109.28931">
        <ele>3135.72</ele>
      </trkpt>
      <trkpt lat="42.80285" lon="-109.28932">
        <ele>3135.02</ele>
      </trkpt>
      <trkpt lat="42.80289" lon="-109.28935">
        <ele>3135.19</ele>
      </trkpt>
      <trkpt lat="42.80294" lon="-109.28938">
        <ele>3136.74</ele>
      </trkpt>
      <trkpt lat="42.80297" lon="-109.2894">
        <ele>3137.64</ele>
      </trkpt>
      <trkpt lat="42.80301" lon="-109.28943">
        <ele>3139.04</ele>
      </trkpt>
      <trkpt lat="42.80308" lon="-109.28947">
        <ele>3141.09</ele>
      </trkpt>
      <trkpt lat="42.80344" lon="-109.2896">
        <ele>3145.51</ele>
      </trkpt>
      <trkpt lat="42.80374" lon="-109.28974">
        <ele>3152.97</ele>
      </trkpt>
      <trkpt lat="42.80404" lon="-109.28966">
        <ele>3153.41</ele>
      </trkpt>
      <trkpt lat="42.80422" lon="-109.28972">
        <ele>3155.97</ele>
      </trkpt>
      <trkpt lat="42.80453" lon="-109.28968">
        <ele>3157.05</ele>
      </trkpt>
      <trkpt lat="42.80476" lon="-109.28963">
        <ele>3157.82</ele>
      </trkpt>
      <trkpt lat="42.80504" lon="-109.2897">
        <ele>3162.19</ele>
      </trkpt>
      <trkpt lat="42.80547" lon="-109.29">
        <ele>3169.0</ele>
      </trkpt>
      <trkpt lat="42.80571" lon="-109.28996">
        <ele>3168.95</ele>
      </trkpt>
      <trkpt lat="42.80621" lon="-109.29025">
        <ele>3172.33</ele>
      </trkpt>
      <trkpt lat="42.80623" lon="-109.29026">
        <ele>3172.33</ele>
      </trkpt>
      <trkpt lat="42.80631" lon="-109.29028">
        <ele>3171.9</ele>
      </trkpt>
      <trkpt lat="42.80635" lon="-109.29031">
        <ele>3172.12</ele>
      </trkpt>
      <trkpt lat="42.80639" lon="-109.29033">
        <ele>3172.12</ele>
      </trkpt>
      <trkpt lat="42.80644" lon="-109.29034">
        <ele>3171.79</ele>
      </trkpt>
      <trkpt lat="42.80649" lon="-109.29036">
        <ele>3171.68</ele>
      </trkpt>
      <trkpt lat="42.80653" lon="-109.29039">
        <ele>3171.9</ele>
      </trkpt>
      <trkpt lat="42.80657" lon="-109.29043">
        <ele>3172.33</ele>
      </trkpt>
      <trkpt lat="42.80662" lon="-109.29046">
        <ele>3172.44</ele>
      </trkpt>
      <trkpt lat="42.80666" lon="-109.29045">
        <ele>3171.79</ele>
      </trkpt>
      <trkpt lat="42.80671" lon="-109.29044">
        <ele>3170.68</ele>
      </trkpt>
      <trkpt lat="42.80673" lon="-109.29045">
        <ele>3170.45</ele>
      </trkpt>
      <trkpt lat="42.80679" lon="-109.29049">
        <ele>3170.49</ele>
      </trkpt>
      <trkpt lat="42.80683" lon="-109.29052">
        <ele>3170.76</ele>
      </trkpt>
      <trkpt lat="42.80687" lon="-109.29056">
        <ele>3170.89</ele>
      </trkpt>
      <trkpt lat="42.80691" lon="-109.29059">
        <ele>3170.88</ele>
      </trkpt>
      <trkpt lat="42.80696" lon="-109.2906">
        <ele>3170.31</ele>
      </trkpt>
      <trkpt lat="42.807" lon="-109.2906">
        <ele>3169.88</ele>
      </trkpt>
      <trkpt lat="42.80706" lon="-109.29062">
        <ele>3169.7</ele>
      </trkpt>
      <trkpt lat="42.80709" lon="-109.29063">
        <ele>3169.8</ele>
      </trkpt>
      <trkpt lat="42.80714" lon="-109.29066">
        <ele>3170.13</ele>
      </trkpt>
      <trkpt lat="42.80718" lon="-109.2907">
        <ele>3170.56</ele>
      </trkpt>
      <trkpt lat="42.80722" lon="-109.29073">
        <ele>3170.88</ele>
      </trkpt>
      <trkpt lat="42.80726" lon="-109.29076">
        <ele>3171.42</ele>
      </trkpt>
      <trkpt lat="42.80731" lon="-109.29078">
        <ele>3171.85</ele>
      </trkpt>
      <trkpt lat="42.80731" lon="-109.29079">
        <ele>3172.06</ele>
      </trkpt>
      <trkpt lat="42.80737" lon="-109.2908">
        <ele>3171.9</ele>
      </trkpt>
      <trkpt lat="42.8074" lon="-109.29082">
        <ele>3171.92</ele>
      </trkpt>
      <trkpt lat="42.80765" lon="-109.29091">
        <ele>3171.21</ele>
      </trkpt>
      <trkpt lat="42.80772" lon="-109.29093">
        <ele>3170.67</ele>
      </trkpt>
      <trkpt lat="42.8078" lon="-109.29098">
        <ele>3170.44</ele>
      </trkpt>
      <trkpt lat="42.80792" lon="-109.29097">
        <ele>3169.46</ele>
      </trkpt>
      <trkpt lat="42.80802" lon="-109.29105">
        <ele>3169.13</ele>
      </trkpt>
      <trkpt lat="42.8081" lon="-109.29108">
        <ele>3169.0</ele>
      </trkpt>
      <trkpt lat="42.80822" lon="-109.29115">
        <ele>3169.0</ele>
      </trkpt>
      <trkpt lat="42.80838" lon="-109.29119">
        <ele>3168.5</ele>
      </trkpt>
      <trkpt lat="42.80853" lon="-109.29118">
        <ele>3167.88</ele>
      </trkpt>
      <trkpt lat="42.80874" lon="-109.29131">
        <ele>3166.61</ele>
      </trkpt>
      <trkpt lat="42.8088" lon="-109.29133">
        <ele>3165.97</ele>
      </trkpt>
      <trkpt lat="42.80884" lon="-109.29136">
        <ele>3165.85</ele>
      </trkpt>
      <trkpt lat="42.80888" lon="-109.2914">
        <ele>3166.01</ele>
      </trkpt>
      <trkpt lat="42.80892" lon="-109.29144">
        <ele>3165.85</ele>
      </trkpt>
      <trkpt lat="42.80896" lon="-109.2915">
        <ele>3166.05</ele>
      </trkpt>
      <trkpt lat="42.809" lon="-109.29152">
        <ele>3165.88</ele>
      </trkpt>
      <trkpt lat="42.80905" lon="-109.29154">
        <ele>3165.73</ele>
      </trkpt>
      <trkpt lat="42.80906" lon="-109.29155">
        <ele>3165.78</ele>
      </trkpt>
      <trkpt lat="42.80913" lon="-109.29157">
        <ele>3165.35</ele>
      </trkpt>
      <trkpt lat="42.80917" lon="-109.29161">
        <ele>3164.96</ele>
      </trkpt>
      <trkpt lat="42.80921" lon="-109.29163">
        <ele>3164.53</ele>
      </trkpt>
      <trkpt lat="42.80924" lon="-109.29163">
        <ele>3164.21</ele>
      </trkpt>
      <trkpt lat="42.80927" lon="-109.29165">
        <ele>3163.88</ele>
      </trkpt>
      <trkpt lat="42.8093" lon="-109.29169">
        <ele>3163.81</ele>
      </trkpt>
      <trkpt lat="42.80935" lon="-109.29171">
        <ele>3163.49</ele>
      </trkpt>
      <trkpt lat="42.80938" lon="-109.29172">
        <ele>3163.27</ele>
      </trkpt>
      <trkpt lat="42.80948" lon="-109.29175">
        <ele>3162.52</ele>
      </trkpt>
      <trkpt lat="42.80952" lon="-109.29176">
        <ele>3162.19</ele>
      </trkpt>
      <trkpt lat="42.80957" lon="-109.29178">
        <ele>3161.51</ele>
      </trkpt>
      <trkpt lat="42.80961" lon="-109.2918">
        <ele>3160.86</ele>
      </trkpt>
      <trkpt lat="42.8097" lon="-109.29185">
        <ele>3160.22</ele>
      </trkpt>
      <trkpt lat="42.80974" lon="-109.29189">
        <ele>3160.03</ele>
      </trkpt>
      <trkpt lat="42.80979" lon="-109.29193">
        <ele>3159.38</ele>
      </trkpt>
      <trkpt lat="42.80979" lon="-109.29193">
        <ele>3159.38</ele>
      </trkpt>
      <trkpt lat="42.80983" lon="-109.29194">
        <ele>3158.95</ele>
      </trkpt>
      <trkpt lat="42.80987" lon="-109.29198">
        <ele>3159.54</ele>
      </trkpt>
      <trkpt lat="42.8099" lon="-109.29201">
        <ele>3159.76</ele>
      </trkpt>
      <trkpt lat="42.80994" lon="-109.29202">
        <ele>3159.46</ele>
      </trkpt>
      <trkpt lat="42.80998" lon="-109.29205">
        <ele>3159.47</ele>
      </trkpt>
      <trkpt lat="42.81003" lon="-109.2921">
        <ele>3160.14</ele>
      </trkpt>
      <trkpt lat="42.81003" lon="-109.2921">
        <ele>3160.14</ele>
      </trkpt>
      <trkpt lat="42.81015" lon="-109.29212">
        <ele>3159.28</ele>
      </trkpt>
      <trkpt lat="42.81019" lon="-109.29213">
        <ele>3158.96</ele>
      </trkpt>
      <trkpt lat="42.81024" lon="-109.29216">
        <ele>3159.06</ele>
      </trkpt>
      <trkpt lat="42.81028" lon="-109.29219">
        <ele>3159.28</ele>
      </trkpt>
      <trkpt lat="42.81029" lon="-109.2922">
        <ele>3159.39</ele>
      </trkpt>
      <trkpt lat="42.81038" lon="-109.29224">
        <ele>3158.98</ele>
      </trkpt>
      <trkpt lat="42.81042" lon="-109.29224">
        <ele>3158.12</ele>
      </trkpt>
      <trkpt lat="42.81047" lon="-109.29225">
        <ele>3157.22</ele>
      </trkpt>
      <trkpt lat="42.8105" lon="-109.29226">
        <ele>3157.01</ele>
      </trkpt>
      <trkpt lat="42.8106" lon="-109.29229">
        <ele>3155.77</ele>
      </trkpt>
      <trkpt lat="42.81064" lon="-109.29232">
        <ele>3155.23</ele>
      </trkpt>
      <trkpt lat="42.81068" lon="-109.29235">
        <ele>3154.56</ele>
      </trkpt>
      <trkpt lat="42.81072" lon="-109.29239">
        <ele>3153.63</ele>
      </trkpt>
      <trkpt lat="42.81081" lon="-109.29242">
        <ele>3151.64</ele>
      </trkpt>
      <trkpt lat="42.81085" lon="-109.29244">
        <ele>3151.11</ele>
      </trkpt>
      <trkpt lat="42.81089" lon="-109.29246">
        <ele>3150.61</ele>
      </trkpt>
      <trkpt lat="42.81093" lon="-109.29248">
        <ele>3149.96</ele>
      </trkpt>
      <trkpt lat="42.81101" lon="-109.2925">
        <ele>3149.09</ele>
      </trkpt>
      <trkpt lat="42.81106" lon="-109.29252">
        <ele>3148.55</ele>
      </trkpt>
      <trkpt lat="42.8111" lon="-109.29253">
        <ele>3148.12</ele>
      </trkpt>
      <trkpt lat="42.81113" lon="-109.29254">
        <ele>3147.68</ele>
      </trkpt>
      <trkpt lat="42.81116" lon="-109.29258">
        <ele>3147.4</ele>
      </trkpt>
      <trkpt lat="42.81121" lon="-109.29265">
        <ele>3146.91</ele>
      </trkpt>
      <trkpt lat="42.81121" lon="-109.29265">
        <ele>3146.91</ele>
      </trkpt>
      <trkpt lat="42.81116" lon="-109.29258">
        <ele>3147.4</ele>
      </trkpt>
      <trkpt lat="42.81113" lon="-109.29254">
        <ele>3147.68</ele>
      </trkpt>
      <trkpt lat="42.8111" lon="-109.29253">
        <ele>3148.12</ele>
      </trkpt>
      <trkpt lat="42.81106" lon="-109.29252">
        <ele>3148.55</ele>
      </trkpt>
      <trkpt lat="42.81101" lon="-109.2925">
        <ele>3149.09</ele>
      </trkpt>
      <trkpt lat="42.81093" lon="-109.29248">
        <ele>3149.96</ele>
      </trkpt>
      <trkpt lat="42.81089" lon="-109.29246">
        <ele>3150.61</ele>
      </trkpt>
      <trkpt lat="42.81085" lon="-109.29244">
        <ele>3151.11</ele>
      </trkpt>
      <trkpt lat="42.81081" lon="-109.29242">
        <ele>3151.64</ele>
      </trkpt>
      <trkpt lat="42.81072" lon="-109.29239">
        <ele>3153.63</ele>
      </trkpt>
      <trkpt lat="42.81068" lon="-109.29235">
        <ele>3154.56</ele>
      </trkpt>
      <trkpt lat="42.81064" lon="-109.29232">
        <ele>3155.23</ele>
      </trkpt>
      <trkpt lat="42.8106" lon="-109.29229">
        <ele>3155.77</ele>
      </trkpt>
      <trkpt lat="42.8105" lon="-109.29226">
        <ele>3157.01</ele>
      </trkpt>
      <trkpt lat="42.81047" lon="-109.29225">
        <ele>3157.22</ele>
      </trkpt>
      <trkpt lat="42.81042" lon="-109.29224">
        <ele>3158.12</ele>
      </trkpt>
      <trkpt lat="42.81038" lon="-109.29224">
        <ele>3158.98</ele>
      </trkpt>
      <trkpt lat="42.81029" lon="-109.2922">
        <ele>3159.39</ele>
      </trkpt>
      <trkpt lat="42.81028" lon="-109.29219">
        <ele>3159.28</ele>
      </trkpt>
      <trkpt lat="42.81024" lon="-109.29216">
        <ele>3159.06</ele>
      </trkpt>
      <trkpt lat="42.81019" lon="-109.29213">
        <ele>3158.96</ele>
      </trkpt>
      <trkpt lat="42.81015" lon="-109.29212">
        <ele>3159.28</ele>
      </trkpt>
      <trkpt lat="42.81003" lon="-109.2921">
        <ele>3160.14</ele>
      </trkpt>
      <trkpt lat="42.81003" lon="-109.2921">
        <ele>3160.14</ele>
      </trkpt>
      <trkpt lat="42.80998" lon="-109.29205">
        <ele>3159.47</ele>
      </trkpt>
      <trkpt lat="42.80994" lon="-109.29202">
        <ele>3159.46</ele>
      </trkpt>
      <trkpt lat="42.8099" lon="-109.29201">
        <ele>3159.76</ele>
      </trkpt>
      <trkpt lat="42.80987" lon="-109.29198">
        <ele>3159.54</ele>
      </trkpt>
      <trkpt lat="42.80983" lon="-109.29194">
        <ele>3158.95</ele>
      </trkpt>
      <trkpt lat="42.80979" lon="-109.29193">
        <ele>3159.38</ele>
      </trkpt>
      <trkpt lat="42.80979" lon="-109.29193">
        <ele>3159.38</ele>
      </trkpt>
      <trkpt lat="42.80974" lon="-109.29189">
        <ele>3160.03</ele>
      </trkpt>
      <trkpt lat="42.8097" lon="-109.29185">
        <ele>3160.22</ele>
      </trkpt>
      <trkpt lat="42.80961" lon="-109.2918">
        <ele>3160.86</ele>
      </trkpt>
      <trkpt lat="42.80957" lon="-109.29178">
        <ele>3161.51</ele>
      </trkpt>
      <trkpt lat="42.80952" lon="-109.29176">
        <ele>3162.19</ele>
      </trkpt>
      <trkpt lat="42.80948" lon="-109.29175">
        <ele>3162.52</ele>
      </trkpt>
      <trkpt lat="42.80938" lon="-109.29172">
        <ele>3163.27</ele>
      </trkpt>
      <trkpt lat="42.80935" lon="-109.29171">
        <ele>3163.49</ele>
      </trkpt>
      <trkpt lat="42.8093" lon="-109.29169">
        <ele>3163.81</ele>
      </trkpt>
      <trkpt lat="42.80927" lon="-109.29165">
        <ele>3163.88</ele>
      </trkpt>
      <trkpt lat="42.80924" lon="-109.29163">
        <ele>3164.21</ele>
      </trkpt>
      <trkpt lat="42.80921" lon="-109.29163">
        <ele>3164.53</ele>
      </trkpt>
      <trkpt lat="42.80917" lon="-109.29161">
        <ele>3164.96</ele>
      </trkpt>
      <trkpt lat="42.80913" lon="-109.29157">
        <ele>3165.35</ele>
      </trkpt>
      <trkpt lat="42.80906" lon="-109.29155">
        <ele>3165.78</ele>
      </trkpt>
      <trkpt lat="42.80905" lon="-109.29154">
        <ele>3165.73</ele>
      </trkpt>
      <trkpt lat="42.809" lon="-109.29152">
        <ele>3165.88</ele>
      </trkpt>
      <trkpt lat="42.80896" lon="-109.2915">
        <ele>3166.05</ele>
      </trkpt>
      <trkpt lat="42.80892" lon="-109.29144">
        <ele>3165.85</ele>
      </trkpt>
      <trkpt lat="42.80888" lon="-109.2914">
        <ele>3166.01</ele>
      </trkpt>
      <trkpt lat="42.80884" lon="-109.29136">
        <ele>3165.85</ele>
      </trkpt>
      <trkpt lat="42.8088" lon="-109.29133">
        <ele>3165.97</ele>
      </trkpt>
      <trkpt lat="42.80874" lon="-109.29131">
        <ele>3166.61</ele>
      </trkpt>
      <trkpt lat="42.80853" lon="-109.29118">
        <ele>3167.88</ele>
      </trkpt>
      <trkpt lat="42.80838" lon="-109.29119">
        <ele>3168.5</ele>
      </trkpt>
      <trkpt lat="42.80822" lon="-109.29115">
        <ele>3169.0</ele>
      </trkpt>
      <trkpt lat="42.8081" lon="-109.29108">
        <ele>3169.0</ele>
      </trkpt>
      <trkpt lat="42.80802" lon="-109.29105">
        <ele>3169.13</ele>
      </trkpt>
      <trkpt lat="42.80794" lon="-109.29099">
        <ele>3169.25</ele>
      </trkpt>
      <trkpt lat="42.80796" lon="-109.29093">
        <ele>3169.03</ele>
      </trkpt>
      <trkpt lat="42.80803" lon="-109.29089">
        <ele>3169.0</ele>
      </trkpt>
      <trkpt lat="42.80809" lon="-109.29089">
        <ele>3169.0</ele>
      </trkpt>
      <trkpt lat="42.80819" lon="-109.29086">
        <ele>3169.0</ele>
      </trkpt>
      <trkpt lat="42.80839" lon="-109.29076">
        <ele>3168.87</ele>
      </trkpt>
      <trkpt lat="42.80874" lon="-109.29059">
        <ele>3167.38</ele>
      </trkpt>
      <trkpt lat="42.80888" lon="-109.29059">
        <ele>3166.1</ele>
      </trkpt>
      <trkpt lat="42.80895" lon="-109.29051">
        <ele>3165.83</ele>
      </trkpt>
      <trkpt lat="42.80903" lon="-109.29052">
        <ele>3164.86</ele>
      </trkpt>
      <trkpt lat="42.80905" lon="-109.29052">
        <ele>3164.64</ele>
      </trkpt>
      <trkpt lat="42.80911" lon="-109.29052">
        <ele>3164.0</ele>
      </trkpt>
      <trkpt lat="42.80934" lon="-109.2905">
        <ele>3161.68</ele>
      </trkpt>
      <trkpt lat="42.80938" lon="-109.29048">
        <ele>3161.76</ele>
      </trkpt>
      <trkpt lat="42.80939" lon="-109.29047">
        <ele>3161.89</ele>
      </trkpt>
      <trkpt lat="42.80947" lon="-109.29038">
        <ele>3162.9</ele>
      </trkpt>
      <trkpt lat="42.80949" lon="-109.29033">
        <ele>3163.44</ele>
      </trkpt>
      <trkpt lat="42.80951" lon="-109.29027">
        <ele>3164.08</ele>
      </trkpt>
      <trkpt lat="42.80954" lon="-109.29022">
        <ele>3164.62</ele>
      </trkpt>
      <trkpt lat="42.80955" lon="-109.29019">
        <ele>3164.95</ele>
      </trkpt>
      <trkpt lat="42.80955" lon="-109.29007">
        <ele>3166.24</ele>
      </trkpt>
      <trkpt lat="42.80953" lon="-109.29001">
        <ele>3166.89</ele>
      </trkpt>
      <trkpt lat="42.80952" lon="-109.28995">
        <ele>3167.1</ele>
      </trkpt>
      <trkpt lat="42.80953" lon="-109.28988">
        <ele>3167.35</ele>
      </trkpt>
      <trkpt lat="42.80955" lon="-109.28982">
        <ele>3168.08</ele>
      </trkpt>
      <trkpt lat="42.80955" lon="-109.28977">
        <ele>3168.62</ele>
      </trkpt>
      <trkpt lat="42.80954" lon="-109.28965">
        <ele>3169.81</ele>
      </trkpt>
      <trkpt lat="42.80954" lon="-109.28958">
        <ele>3170.03</ele>
      </trkpt>
      <trkpt lat="42.80953" lon="-109.28952">
        <ele>3170.17</ele>
      </trkpt>
      <trkpt lat="42.80954" lon="-109.28946">
        <ele>3170.86</ele>
      </trkpt>
      <trkpt lat="42.80957" lon="-109.2894">
        <ele>3171.67</ele>
      </trkpt>
      <trkpt lat="42.80959" lon="-109.28934">
        <ele>3172.0</ele>
      </trkpt>
      <trkpt lat="42.80958" lon="-109.28928">
        <ele>3172.0</ele>
      </trkpt>
      <trkpt lat="42.8096" lon="-109.28922">
        <ele>3172.0</ele>
      </trkpt>
      <trkpt lat="42.80962" lon="-109.28919">
        <ele>3172.0</ele>
      </trkpt>
      <trkpt lat="42.80964" lon="-109.28908">
        <ele>3172.94</ele>
      </trkpt>
      <trkpt lat="42.80967" lon="-109.28903">
        <ele>3173.0</ele>
      </trkpt>
      <trkpt lat="42.80969" lon="-109.28897">
        <ele>3173.08</ele>
      </trkpt>
      <trkpt lat="42.8097" lon="-109.28891">
        <ele>3173.59</ele>
      </trkpt>
      <trkpt lat="42.80971" lon="-109.28885">
        <ele>3173.92</ele>
      </trkpt>
      <trkpt lat="42.80971" lon="-109.28884">
        <ele>3173.94</ele>
      </trkpt>
      <trkpt lat="42.80971" lon="-109.28869">
        <ele>3175.02</ele>
      </trkpt>
      <trkpt lat="42.80972" lon="-109.28864">
        <ele>3175.02</ele>
      </trkpt>
      <trkpt lat="42.80974" lon="-109.28862">
        <ele>3175.0</ele>
      </trkpt>
      <trkpt lat="42.80978" lon="-109.2886">
        <ele>3175.12</ele>
      </trkpt>
      <trkpt lat="42.80982" lon="-109.28858">
        <ele>3175.32</ele>
      </trkpt>
      <trkpt lat="42.80986" lon="-109.28851">
        <ele>3175.56</ele>
      </trkpt>
      <trkpt lat="42.8099" lon="-109.28847">
        <ele>3175.56</ele>
      </trkpt>
      <trkpt lat="42.80993" lon="-109.28841">
        <ele>3175.8</ele>
      </trkpt>
      <trkpt lat="42.80995" lon="-109.28837">
        <ele>3175.82</ele>
      </trkpt>
      <trkpt lat="42.81005" lon="-109.28817">
        <ele>3175.46</ele>
      </trkpt>
      <trkpt lat="42.81007" lon="-109.28812">
        <ele>3175.55</ele>
      </trkpt>
      <trkpt lat="42.81009" lon="-109.28806">
        <ele>3175.98</ele>
      </trkpt>
      <trkpt lat="42.81011" lon="-109.288">
        <ele>3175.92</ele>
      </trkpt>
      <trkpt lat="42.81013" lon="-109.28797">
        <ele>3175.97</ele>
      </trkpt>
      <trkpt lat="42.81022" lon="-109.28785">
        <ele>3175.71</ele>
      </trkpt>
      <trkpt lat="42.81024" lon="-109.28779">
        <ele>3175.92</ele>
      </trkpt>
      <trkpt lat="42.81023" lon="-109.28772">
        <ele>3176.32</ele>
      </trkpt>
      <trkpt lat="42.81021" lon="-109.28765">
        <ele>3176.73</ele>
      </trkpt>
      <trkpt lat="42.8102" lon="-109.28759">
        <ele>3176.84</ele>
      </trkpt>
      <trkpt lat="42.81019" lon="-109.28753">
        <ele>3176.98</ele>
      </trkpt>
      <trkpt lat="42.81019" lon="-109.2875">
        <ele>3177.0</ele>
      </trkpt>
      <trkpt lat="42.81018" lon="-109.28731">
        <ele>3178.06</ele>
      </trkpt>
      <trkpt lat="42.81021" lon="-109.28725">
        <ele>3178.0</ele>
      </trkpt>
      <trkpt lat="42.81023" lon="-109.2872">
        <ele>3178.24</ele>
      </trkpt>
      <trkpt lat="42.81023" lon="-109.28713">
        <ele>3179.0</ele>
      </trkpt>
      <trkpt lat="42.81023" lon="-109.28713">
        <ele>3179.0</ele>
      </trkpt>
      <trkpt lat="42.8103" lon="-109.28705">
        <ele>3179.24</ele>
      </trkpt>
      <trkpt lat="42.8103" lon="-109.28698">
        <ele>3179.24</ele>
      </trkpt>
      <trkpt lat="42.81029" lon="-109.28692">
        <ele>3179.4</ele>
      </trkpt>
      <trkpt lat="42.81028" lon="-109.2869">
        <ele>3179.5</ele>
      </trkpt>
      <trkpt lat="42.81028" lon="-109.28682">
        <ele>3180.02</ele>
      </trkpt>
      <trkpt lat="42.81025" lon="-109.28677">
        <ele>3180.0</ele>
      </trkpt>
      <trkpt lat="42.81025" lon="-109.2867">
        <ele>3180.64</ele>
      </trkpt>
      <trkpt lat="42.81026" lon="-109.28664">
        <ele>3181.0</ele>
      </trkpt>
      <trkpt lat="42.81026" lon="-109.28658">
        <ele>3181.0</ele>
      </trkpt>
      <trkpt lat="42.81025" lon="-109.28646">
        <ele>3181.46</ele>
      </trkpt>
      <trkpt lat="42.81024" lon="-109.2864">
        <ele>3181.93</ele>
      </trkpt>
      <trkpt lat="42.81023" lon="-109.28633">
        <ele>3182.0</ele>
      </trkpt>
      <trkpt lat="42.81022" lon="-109.28627">
        <ele>3182.0</ele>
      </trkpt>
      <trkpt lat="42.8102" lon="-109.28622">
        <ele>3182.0</ele>
      </trkpt>
      <trkpt lat="42.81018" lon="-109.28616">
        <ele>3182.56</ele>
      </trkpt>
      <trkpt lat="42.81014" lon="-109.28611">
        <ele>3183.49</ele>
      </trkpt>
      <trkpt lat="42.81014" lon="-109.28611">
        <ele>3183.49</ele>
      </trkpt>
      <trkpt lat="42.81007" lon="-109.28592">
        <ele>3185.8</ele>
      </trkpt>
      <trkpt lat="42.81005" lon="-109.28586">
        <ele>3187.09</ele>
      </trkpt>
      <trkpt lat="42.81002" lon="-109.28582">
        <ele>3188.38</ele>
      </trkpt>
      <trkpt lat="42.80998" lon="-109.28577">
        <ele>3189.8</ele>
      </trkpt>
      <trkpt lat="42.80996" lon="-109.28572">
        <ele>3190.95</ele>
      </trkpt>
      <trkpt lat="42.80994" lon="-109.28566">
        <ele>3192.46</ele>
      </trkpt>
      <trkpt lat="42.80992" lon="-109.2856">
        <ele>3194.43</ele>
      </trkpt>
      <trkpt lat="42.8099" lon="-109.28557">
        <ele>3195.79</ele>
      </trkpt>
      <trkpt lat="42.80984" lon="-109.28544">
        <ele>3197.7</ele>
      </trkpt>
      <trkpt lat="42.80982" lon="-109.28538">
        <ele>3198.78</ele>
      </trkpt>
      <trkpt lat="42.80981" lon="-109.28531">
        <ele>3199.09</ele>
      </trkpt>
      <trkpt lat="42.80979" lon="-109.28525">
        <ele>3199.54</ele>
      </trkpt>
      <trkpt lat="42.80978" lon="-109.28519">
        <ele>3199.75</ele>
      </trkpt>
      <trkpt lat="42.80978" lon="-109.28512">
        <ele>3200.46</ele>
      </trkpt>
      <trkpt lat="42.80978" lon="-109.2851">
        <ele>3200.67</ele>
      </trkpt>
      <trkpt lat="42.80976" lon="-109.28503">
        <ele>3201.58</ele>
      </trkpt>
      <trkpt lat="42.80975" lon="-109.28497">
        <ele>3202.1</ele>
      </trkpt>
      <trkpt lat="42.80972" lon="-109.28491">
        <ele>3203.07</ele>
      </trkpt>
      <trkpt lat="42.80971" lon="-109.28485">
        <ele>3204.02</ele>
      </trkpt>
      <trkpt lat="42.80969" lon="-109.28479">
        <ele>3205.31</ele>
      </trkpt>
      <trkpt lat="42.80968" lon="-109.28473">
        <ele>3206.28</ele>
      </trkpt>
      <trkpt lat="42.80968" lon="-109.28466">
        <ele>3206.67</ele>
      </trkpt>
      <trkpt lat="42.80967" lon="-109.2846">
        <ele>3207.26</ele>
      </trkpt>
      <trkpt lat="42.80967" lon="-109.2846">
        <ele>3207.26</ele>
      </trkpt>
      <trkpt lat="42.80968" lon="-109.28451">
        <ele>3206.82</ele>
      </trkpt>
      <trkpt lat="42.80967" lon="-109.28445">
        <ele>3207.26</ele>
      </trkpt>
      <trkpt lat="42.80965" lon="-109.28439">
        <ele>3207.79</ele>
      </trkpt>
      <trkpt lat="42.80964" lon="-109.28433">
        <ele>3207.8</ele>
      </trkpt>
      <trkpt lat="42.80964" lon="-109.28432">
        <ele>3207.81</ele>
      </trkpt>
      <trkpt lat="42.80961" lon="-109.28422">
        <ele>3209.7</ele>
      </trkpt>
      <trkpt lat="42.80961" lon="-109.28416">
        <ele>3210.34</ele>
      </trkpt>
      <trkpt lat="42.8096" lon="-109.2841">
        <ele>3211.64</ele>
      </trkpt>
      <trkpt lat="42.80957" lon="-109.28405">
        <ele>3213.96</ele>
      </trkpt>
      <trkpt lat="42.80956" lon="-109.284">
        <ele>3214.71</ele>
      </trkpt>
      <trkpt lat="42.80955" lon="-109.28393">
        <ele>3215.86</ele>
      </trkpt>
      <trkpt lat="42.80955" lon="-109.28392">
        <ele>3215.96</ele>
      </trkpt>
      <trkpt lat="42.8095" lon="-109.28383">
        <ele>3218.6</ele>
      </trkpt>
      <trkpt lat="42.8095" lon="-109.28377">
        <ele>3218.6</ele>
      </trkpt>
      <trkpt lat="42.80948" lon="-109.2837">
        <ele>3219.42</ele>
      </trkpt>
      <trkpt lat="42.80946" lon="-109.28364">
        <ele>3219.64</ele>
      </trkpt>
      <trkpt lat="42.80944" lon="-109.28359">
        <ele>3219.92</ele>
      </trkpt>
      <trkpt lat="42.80943" lon="-109.28354">
        <ele>3219.7</ele>
      </trkpt>
      <trkpt lat="42.80941" lon="-109.28348">
        <ele>3220.12</ele>
      </trkpt>
      <trkpt lat="42.80941" lon="-109.28341">
        <ele>3220.12</ele>
      </trkpt>
      <trkpt lat="42.80942" lon="-109.28335">
        <ele>3219.79</ele>
      </trkpt>
      <trkpt lat="42.80943" lon="-109.28329">
        <ele>3219.47</ele>
      </trkpt>
      <trkpt lat="42.80944" lon="-109.28322">
        <ele>3219.37</ele>
      </trkpt>
      <trkpt lat="42.80944" lon="-109.2832">
        <ele>3219.58</ele>
      </trkpt>
      <trkpt lat="42.80946" lon="-109.2831">
        <ele>3219.92</ele>
      </trkpt>
      <trkpt lat="42.80945" lon="-109.28303">
        <ele>3220.28</ele>
      </trkpt>
      <trkpt lat="42.80944" lon="-109.28297">
        <ele>3221.07</ele>
      </trkpt>
      <trkpt lat="42.80942" lon="-109.28291">
        <ele>3222.36</ele>
      </trkpt>
      <trkpt lat="42.8094" lon="-109.28285">
        <ele>3223.66</ele>
      </trkpt>
      <trkpt lat="42.8094" lon="-109.28285">
        <ele>3223.66</ele>
      </trkpt>
      <trkpt lat="42.80941" lon="-109.2827">
        <ele>3224.96</ele>
      </trkpt>
      <trkpt lat="42.8094" lon="-109.28264">
        <ele>3225.69</ele>
      </trkpt>
      <trkpt lat="42.80938" lon="-109.28258">
        <ele>3226.53</ele>
      </trkpt>
      <trkpt lat="42.80936" lon="-109.28252">
        <ele>3227.61</ele>
      </trkpt>
      <trkpt lat="42.80935" lon="-109.28246">
        <ele>3228.1</ele>
      </trkpt>
      <trkpt lat="42.80934" lon="-109.28241">
        <ele>3228.64</ele>
      </trkpt>
      <trkpt lat="42.80934" lon="-109.28218">
        <ele>3230.38</ele>
      </trkpt>
      <trkpt lat="42.80934" lon="-109.28212">
        <ele>3230.49</ele>
      </trkpt>
      <trkpt lat="42.80933" lon="-109.28206">
        <ele>3231.46</ele>
      </trkpt>
      <trkpt lat="42.80931" lon="-109.282">
        <ele>3232.58</ele>
      </trkpt>
      <trkpt lat="42.8093" lon="-109.28195">
        <ele>3233.09</ele>
      </trkpt>
      <trkpt lat="42.8093" lon="-109.28189">
        <ele>3233.71</ele>
      </trkpt>
      <trkpt lat="42.80926" lon="-109.28185">
        <ele>3234.98</ele>
      </trkpt>
      <trkpt lat="42.80922" lon="-109.28181">
        <ele>3236.04</ele>
      </trkpt>
      <trkpt lat="42.8092" lon="-109.28175">
        <ele>3236.96</ele>
      </trkpt>
      <trkpt lat="42.80919" lon="-109.28169">
        <ele>3237.43</ele>
      </trkpt>
      <trkpt lat="42.80919" lon="-109.28164">
        <ele>3237.78</ele>
      </trkpt>
      <trkpt lat="42.80913" lon="-109.28149">
        <ele>3240.15</ele>
      </trkpt>
      <trkpt lat="42.80911" lon="-109.28143">
        <ele>3241.05</ele>
      </trkpt>
      <trkpt lat="42.8091" lon="-109.28137">
        <ele>3241.59</ele>
      </trkpt>
      <trkpt lat="42.8091" lon="-109.28131">
        <ele>3242.05</ele>
      </trkpt>
      <trkpt lat="42.8091" lon="-109.28127">
        <ele>3242.16</ele>
      </trkpt>
      <trkpt lat="42.8091" lon="-109.28121">
        <ele>3242.16</ele>
      </trkpt>
      <trkpt lat="42.80908" lon="-109.28115">
        <ele>3242.85</ele>
      </trkpt>
      <trkpt lat="42.80906" lon="-109.28109">
        <ele>3243.27</ele>
      </trkpt>
      <trkpt lat="42.80905" lon="-109.28102">
        <ele>3243.26</ele>
      </trkpt>
      <trkpt lat="42.80904" lon="-109.28095">
        <ele>3243.37</ele>
      </trkpt>
      <trkpt lat="42.80903" lon="-109.28088">
        <ele>3243.74</ele>
      </trkpt>
      <trkpt lat="42.80902" lon="-109.28082">
        <ele>3244.14</ele>
      </trkpt>
      <trkpt lat="42.80902" lon="-109.28081">
        <ele>3244.25</ele>
      </trkpt>
      <trkpt lat="42.80902" lon="-109.2806">
        <ele>3246.52</ele>
      </trkpt>
      <trkpt lat="42.80901" lon="-109.28053">
        <ele>3247.28</ele>
      </trkpt>
      <trkpt lat="42.80901" lon="-109.28045">
        <ele>3248.14</ele>
      </trkpt>
      <trkpt lat="42.80901" lon="-109.28039">
        <ele>3248.79</ele>
      </trkpt>
      <trkpt lat="42.80901" lon="-109.28032">
        <ele>3249.71</ele>
      </trkpt>
      <trkpt lat="42.80901" lon="-109.28032">
        <ele>3249.71</ele>
      </trkpt>
      <trkpt lat="42.80902" lon="-109.28012">
        <ele>3253.12</ele>
      </trkpt>
      <trkpt lat="42.80901" lon="-109.28005">
        <ele>3254.23</ele>
      </trkpt>
      <trkpt lat="42.80901" lon="-109.27999">
        <ele>3255.42</ele>
      </trkpt>
      <trkpt lat="42.80899" lon="-109.27993">
        <ele>3255.85</ele>
      </trkpt>
      <trkpt lat="42.80897" lon="-109.27989">
        <ele>3255.78</ele>
      </trkpt>
      <trkpt lat="42.80891" lon="-109.2798">
        <ele>3255.39</ele>
      </trkpt>
      <trkpt lat="42.80889" lon="-109.27974">
        <ele>3255.82</ele>
      </trkpt>
      <trkpt lat="42.80888" lon="-109.27968">
        <ele>3255.9</ele>
      </trkpt>
      <trkpt lat="42.80887" lon="-109.27962">
        <ele>3255.9</ele>
      </trkpt>
      <trkpt lat="42.80887" lon="-109.27961">
        <ele>3256.01</ele>
      </trkpt>
      <trkpt lat="42.80893" lon="-109.27946">
        <ele>3257.0</ele>
      </trkpt>
      <trkpt lat="42.80896" lon="-109.2794">
        <ele>3257.0</ele>
      </trkpt>
      <trkpt lat="42.809" lon="-109.27936">
        <ele>3257.2</ele>
      </trkpt>
      <trkpt lat="42.809" lon="-109.27935">
        <ele>3257.2</ele>
      </trkpt>
      <trkpt lat="42.80904" lon="-109.27931">
        <ele>3257.63</ele>
      </trkpt>
      <trkpt lat="42.80906" lon="-109.27925">
        <ele>3257.86</ele>
      </trkpt>
      <trkpt lat="42.80907" lon="-109.27919">
        <ele>3257.99</ele>
      </trkpt>
      <trkpt lat="42.80908" lon="-109.27913">
        <ele>3258.0</ele>
      </trkpt>
      <trkpt lat="42.8091" lon="-109.279">
        <ele>3258.0</ele>
      </trkpt>
      <trkpt lat="42.80912" lon="-109.27893">
        <ele>3258.0</ele>
      </trkpt>
      <trkpt lat="42.80913" lon="-109.27887">
        <ele>3258.0</ele>
      </trkpt>
      <trkpt lat="42.80916" lon="-109.27882">
        <ele>3258.0</ele>
      </trkpt>
      <trkpt lat="42.80918" lon="-109.27868">
        <ele>3259.0</ele>
      </trkpt>
      <trkpt lat="42.80919" lon="-109.27862">
        <ele>3259.0</ele>
      </trkpt>
      <trkpt lat="42.8092" lon="-109.27855">
        <ele>3259.0</ele>
      </trkpt>
      <trkpt lat="42.80921" lon="-109.27848">
        <ele>3259.0</ele>
      </trkpt>
      <trkpt lat="42.80922" lon="-109.27842">
        <ele>3259.06</ele>
      </trkpt>
      <trkpt lat="42.80922" lon="-109.27842">
        <ele>3259.06</ele>
      </trkpt>
      <trkpt lat="42.80923" lon="-109.27826">
        <ele>3260.0</ele>
      </trkpt>
      <trkpt lat="42.80922" lon="-109.2782">
        <ele>3260.44</ele>
      </trkpt>
      <trkpt lat="42.80921" lon="-109.27813">
        <ele>3261.1</ele>
      </trkpt>
      <trkpt lat="42.80919" lon="-109.27808">
        <ele>3261.55</ele>
      </trkpt>
      <trkpt lat="42.80918" lon="-109.27801">
        <ele>3261.93</ele>
      </trkpt>
      <trkpt lat="42.80917" lon="-109.27797">
        <ele>3262.0</ele>
      </trkpt>
      <trkpt lat="42.80916" lon="-109.27775">
        <ele>3264.02</ele>
      </trkpt>
      <trkpt lat="42.80916" lon="-109.27768">
        <ele>3264.13</ele>
      </trkpt>
      <trkpt lat="42.80917" lon="-109.27764">
        <ele>3264.47</ele>
      </trkpt>
      <trkpt lat="42.80919" lon="-109.2776">
        <ele>3264.69</ele>
      </trkpt>
      <trkpt lat="42.80923" lon="-109.27756">
        <ele>3264.67</ele>
      </trkpt>
      <trkpt lat="42.80927" lon="-109.27753">
        <ele>3264.6</ele>
      </trkpt>
      <trkpt lat="42.80931" lon="-109.2775">
        <ele>3264.45</ele>
      </trkpt>
      <trkpt lat="42.80934" lon="-109.27745">
        <ele>3264.6</ele>
      </trkpt>
      <trkpt lat="42.80935" lon="-109.2774">
        <ele>3265.0</ele>
      </trkpt>
      <trkpt lat="42.80936" lon="-109.27733">
        <ele>3264.99</ele>
      </trkpt>
      <trkpt lat="42.80939" lon="-109.27728">
        <ele>3265.38</ele>
      </trkpt>
      <trkpt lat="42.80941" lon="-109.27723">
        <ele>3265.92</ele>
      </trkpt>
      <trkpt lat="42.80944" lon="-109.27717">
        <ele>3266.56</ele>
      </trkpt>
      <trkpt lat="42.80945" lon="-109.27712">
        <ele>3267.04</ele>
      </trkpt>
      <trkpt lat="42.80949" lon="-109.27701">
        <ele>3267.8</ele>
      </trkpt>
      <trkpt lat="42.80952" lon="-109.27696">
        <ele>3268.02</ele>
      </trkpt>
      <trkpt lat="42.80954" lon="-109.2769">
        <ele>3268.48</ele>
      </trkpt>
      <trkpt lat="42.80957" lon="-109.27685">
        <ele>3269.02</ele>
      </trkpt>
      <trkpt lat="42.80958" lon="-109.27681">
        <ele>3269.45</ele>
      </trkpt>
      <trkpt lat="42.80966" lon="-109.27665">
        <ele>3270.18</ele>
      </trkpt>
      <trkpt lat="42.80969" lon="-109.2766">
        <ele>3270.72</ele>
      </trkpt>
      <trkpt lat="42.80971" lon="-109.27655">
        <ele>3271.03</ele>
      </trkpt>
      <trkpt lat="42.80971" lon="-109.27653">
        <ele>3271.06</ele>
      </trkpt>
      <trkpt lat="42.80971" lon="-109.27636">
        <ele>3272.4</ele>
      </trkpt>
      <trkpt lat="42.80974" lon="-109.27631">
        <ele>3272.66</ele>
      </trkpt>
      <trkpt lat="42.80976" lon="-109.27625">
        <ele>3272.8</ele>
      </trkpt>
      <trkpt lat="42.80975" lon="-109.27618">
        <ele>3273.18</ele>
      </trkpt>
      <trkpt lat="42.80975" lon="-109.27613">
        <ele>3273.56</ele>
      </trkpt>
      <trkpt lat="42.80978" lon="-109.27596">
        <ele>3275.01</ele>
      </trkpt>
      <trkpt lat="42.8098" lon="-109.2759">
        <ele>3275.44</ele>
      </trkpt>
      <trkpt lat="42.80984" lon="-109.27585">
        <ele>3275.55</ele>
      </trkpt>
      <trkpt lat="42.80987" lon="-109.27581">
        <ele>3275.81</ele>
      </trkpt>
      <trkpt lat="42.80991" lon="-109.27578">
        <ele>3276.14</ele>
      </trkpt>
      <trkpt lat="42.80992" lon="-109.27577">
        <ele>3276.27</ele>
      </trkpt>
      <trkpt lat="42.81001" lon="-109.27568">
        <ele>3276.55</ele>
      </trkpt>
      <trkpt lat="42.81004" lon="-109.27563">
        <ele>3276.76</ele>
      </trkpt>
      <trkpt lat="42.81006" lon="-109.27557">
        <ele>3277.2</ele>
      </trkpt>
      <trkpt lat="42.81006" lon="-109.27551">
        <ele>3277.84</ele>
      </trkpt>
      <trkpt lat="42.81008" lon="-109.27546">
        <ele>3278.17</ele>
      </trkpt>
      <trkpt lat="42.8101" lon="-109.27539">
        <ele>3278.79</ele>
      </trkpt>
      <trkpt lat="42.8101" lon="-109.27537">
        <ele>3279.01</ele>
      </trkpt>
      <trkpt lat="42.81014" lon="-109.27523">
        <ele>3281.26</ele>
      </trkpt>
      <trkpt lat="42.81014" lon="-109.27516">
        <ele>3281.64</ele>
      </trkpt>
      <trkpt lat="42.81016" lon="-109.2751">
        <ele>3281.98</ele>
      </trkpt>
      <trkpt lat="42.81019" lon="-109.27505">
        <ele>3282.46</ele>
      </trkpt>
      <trkpt lat="42.81021" lon="-109.27501">
        <ele>3282.89</ele>
      </trkpt>
      <trkpt lat="42.81027" lon="-109.27488">
        <ele>3284.02</ele>
      </trkpt>
      <trkpt lat="42.81029" lon="-109.27482">
        <ele>3283.99</ele>
      </trkpt>
      <trkpt lat="42.8103" lon="-109.27475">
        <ele>3284.53</ele>
      </trkpt>
      <trkpt lat="42.81033" lon="-109.27469">
        <ele>3284.78</ele>
      </trkpt>
      <trkpt lat="42.81036" lon="-109.27464">
        <ele>3285.0</ele>
      </trkpt>
      <trkpt lat="42.81038" lon="-109.27463">
        <ele>3284.89</ele>
      </trkpt>
      <trkpt lat="42.81044" lon="-109.27454">
        <ele>3285.22</ele>
      </trkpt>
      <trkpt lat="42.81048" lon="-109.2745">
        <ele>3284.82</ele>
      </trkpt>
      <trkpt lat="42.81051" lon="-109.27445">
        <ele>3284.49</ele>
      </trkpt>
      <trkpt lat="42.81051" lon="-109.27439">
        <ele>3285.08</ele>
      </trkpt>
      <trkpt lat="42.8105" lon="-109.27432">
        <ele>3285.94</ele>
      </trkpt>
      <trkpt lat="42.81049" lon="-109.27429">
        <ele>3286.38</ele>
      </trkpt>
      <trkpt lat="42.8105" lon="-109.274">
        <ele>3288.8</ele>
      </trkpt>
      <trkpt lat="42.81052" lon="-109.27394">
        <ele>3289.17</ele>
      </trkpt>
      <trkpt lat="42.81055" lon="-109.27388">
        <ele>3289.25</ele>
      </trkpt>
      <trkpt lat="42.81057" lon="-109.27383">
        <ele>3290.17</ele>
      </trkpt>
      <trkpt lat="42.8106" lon="-109.27377">
        <ele>3290.8</ele>
      </trkpt>
      <trkpt lat="42.81064" lon="-109.27374">
        <ele>3290.7</ele>
      </trkpt>
      <trkpt lat="42.81064" lon="-109.27373">
        <ele>3290.8</ele>
      </trkpt>
      <trkpt lat="42.81077" lon="-109.27363">
        <ele>3290.8</ele>
      </trkpt>
      <trkpt lat="42.8108" lon="-109.27359">
        <ele>3291.23</ele>
      </trkpt>
      <trkpt lat="42.81085" lon="-109.27357">
        <ele>3291.26</ele>
      </trkpt>
      <trkpt lat="42.81089" lon="-109.27355">
        <ele>3291.05</ele>
      </trkpt>
      <trkpt lat="42.81093" lon="-109.27352">
        <ele>3290.98</ele>
      </trkpt>
      <trkpt lat="42.81098" lon="-109.27349">
        <ele>3291.31</ele>
      </trkpt>
      <trkpt lat="42.81099" lon="-109.27348">
        <ele>3291.42</ele>
      </trkpt>
      <trkpt lat="42.81107" lon="-109.27341">
        <ele>3292.63</ele>
      </trkpt>
      <trkpt lat="42.81113" lon="-109.27332">
        <ele>3293.67</ele>
      </trkpt>
      <trkpt lat="42.81116" lon="-109.27327">
        <ele>3295.06</ele>
      </trkpt>
      <trkpt lat="42.8112" lon="-109.27322">
        <ele>3296.19</ele>
      </trkpt>
      <trkpt lat="42.81124" lon="-109.27318">
        <ele>3297.57</ele>
      </trkpt>
      <trkpt lat="42.81125" lon="-109.27311">
        <ele>3298.41</ele>
      </trkpt>
      <trkpt lat="42.81128" lon="-109.27302">
        <ele>3299.84</ele>
      </trkpt>
      <trkpt lat="42.81132" lon="-109.27293">
        <ele>3302.57</ele>
      </trkpt>
      <trkpt lat="42.81136" lon="-109.2729">
        <ele>3303.22</ele>
      </trkpt>
      <trkpt lat="42.81141" lon="-109.27277">
        <ele>3306.17</ele>
      </trkpt>
      <trkpt lat="42.81145" lon="-109.2727">
        <ele>3307.68</ele>
      </trkpt>
      <trkpt lat="42.81149" lon="-109.27265">
        <ele>3308.79</ele>
      </trkpt>
      <trkpt lat="42.81151" lon="-109.2726">
        <ele>3310.12</ele>
      </trkpt>
      <trkpt lat="42.81153" lon="-109.27253">
        <ele>3311.88</ele>
      </trkpt>
      <trkpt lat="42.81155" lon="-109.27245">
        <ele>3313.82</ele>
      </trkpt>
      <trkpt lat="42.81158" lon="-109.27238">
        <ele>3315.7</ele>
      </trkpt>
      <trkpt lat="42.8116" lon="-109.2723">
        <ele>3317.48</ele>
      </trkpt>
      <trkpt lat="42.81161" lon="-109.27228">
        <ele>3317.91</ele>
      </trkpt>
      <trkpt lat="42.81164" lon="-109.27223">
        <ele>3319.28</ele>
      </trkpt>
      <trkpt lat="42.81169" lon="-109.27221">
        <ele>3320.42</ele>
      </trkpt>
      <trkpt lat="42.81173" lon="-109.27224">
        <ele>3320.43</ele>
      </trkpt>
      <trkpt lat="42.81178" lon="-109.27225">
        <ele>3320.86</ele>
      </trkpt>
      <trkpt lat="42.81182" lon="-109.27223">
        <ele>3321.52</ele>
      </trkpt>
      <trkpt lat="42.81186" lon="-109.2722">
        <ele>3322.48</ele>
      </trkpt>
      <trkpt lat="42.81188" lon="-109.27219">
        <ele>3322.7</ele>
      </trkpt>
      <trkpt lat="42.81191" lon="-109.27218">
        <ele>3322.91</ele>
      </trkpt>
      <trkpt lat="42.81195" lon="-109.27214">
        <ele>3323.78</ele>
      </trkpt>
      <trkpt lat="42.81198" lon="-109.27209">
        <ele>3325.28</ele>
      </trkpt>
      <trkpt lat="42.81201" lon="-109.27204">
        <ele>3326.9</ele>
      </trkpt>
      <trkpt lat="42.81205" lon="-109.27199">
        <ele>3327.95</ele>
      </trkpt>
      <trkpt lat="42.81209" lon="-109.27196">
        <ele>3328.57</ele>
      </trkpt>
      <trkpt lat="42.8121" lon="-109.27196">
        <ele>3328.55</ele>
      </trkpt>
      <trkpt lat="42.81216" lon="-109.27187">
        <ele>3330.61</ele>
      </trkpt>
      <trkpt lat="42.8122" lon="-109.27183">
        <ele>3331.71</ele>
      </trkpt>
      <trkpt lat="42.81224" lon="-109.27179">
        <ele>3332.68</ele>
      </trkpt>
      <trkpt lat="42.81228" lon="-109.27176">
        <ele>3332.73</ele>
      </trkpt>
      <trkpt lat="42.81228" lon="-109.27175">
        <ele>3333.01</ele>
      </trkpt>
      <trkpt lat="42.81242" lon="-109.27161">
        <ele>3333.95</ele>
      </trkpt>
      <trkpt lat="42.81246" lon="-109.27157">
        <ele>3333.95</ele>
      </trkpt>
      <trkpt lat="42.81249" lon="-109.27152">
        <ele>3334.38</ele>
      </trkpt>
      <trkpt lat="42.81251" lon="-109.27146">
        <ele>3335.25</ele>
      </trkpt>
      <trkpt lat="42.81252" lon="-109.2714">
        <ele>3336.33</ele>
      </trkpt>
      <trkpt lat="42.81252" lon="-109.27133">
        <ele>3337.84</ele>
      </trkpt>
      <trkpt lat="42.81252" lon="-109.27129">
        <ele>3338.65</ele>
      </trkpt>
      <trkpt lat="42.8126" lon="-109.27103">
        <ele>3340.8</ele>
      </trkpt>
      <trkpt lat="42.81263" lon="-109.27098">
        <ele>3341.01</ele>
      </trkpt>
      <trkpt lat="42.81265" lon="-109.27093">
        <ele>3341.34</ele>
      </trkpt>
      <trkpt lat="42.81268" lon="-109.27088">
        <ele>3341.55</ele>
      </trkpt>
      <trkpt lat="42.81268" lon="-109.27087">
        <ele>3341.66</ele>
      </trkpt>
      <trkpt lat="42.81285" lon="-109.27058">
        <ele>3342.79</ele>
      </trkpt>
      <trkpt lat="42.81288" lon="-109.27052">
        <ele>3343.38</ele>
      </trkpt>
      <trkpt lat="42.81288" lon="-109.27051">
        <ele>3343.49</ele>
      </trkpt>
      <trkpt lat="42.81301" lon="-109.27023">
        <ele>3346.0</ele>
      </trkpt>
      <trkpt lat="42.81305" lon="-109.27018">
        <ele>3346.06</ele>
      </trkpt>
      <trkpt lat="42.81308" lon="-109.27013">
        <ele>3346.7</ele>
      </trkpt>
      <trkpt lat="42.81312" lon="-109.27008">
        <ele>3347.14</ele>
      </trkpt>
      <trkpt lat="42.81315" lon="-109.27004">
        <ele>3347.59</ele>
      </trkpt>
      <trkpt lat="42.81319" lon="-109.27001">
        <ele>3348.34</ele>
      </trkpt>
      <trkpt lat="42.8132" lon="-109.27">
        <ele>3348.56</ele>
      </trkpt>
      <trkpt lat="42.81326" lon="-109.26996">
        <ele>3349.09</ele>
      </trkpt>
      <trkpt lat="42.81347" lon="-109.26976">
        <ele>3351.79</ele>
      </trkpt>
      <trkpt lat="42.81383" lon="-109.26942">
        <ele>3362.52</ele>
      </trkpt>
      <trkpt lat="42.81385" lon="-109.26928">
        <ele>3366.71</ele>
      </trkpt>
      <trkpt lat="42.8139" lon="-109.26926">
        <ele>3368.22</ele>
      </trkpt>
      <trkpt lat="42.8139" lon="-109.26919">
        <ele>3369.83</ele>
      </trkpt>
      <trkpt lat="42.81388" lon="-109.26912">
        <ele>3370.77</ele>
      </trkpt>
      <trkpt lat="42.81388" lon="-109.26908">
        <ele>3371.59</ele>
      </trkpt>
      <trkpt lat="42.81387" lon="-109.2689">
        <ele>3373.27</ele>
      </trkpt>
      <trkpt lat="42.81388" lon="-109.26884">
        <ele>3374.19</ele>
      </trkpt>
      <trkpt lat="42.81389" lon="-109.26878">
        <ele>3375.04</ele>
      </trkpt>
      <trkpt lat="42.8139" lon="-109.26871">
        <ele>3375.47</ele>
      </trkpt>
      <trkpt lat="42.81391" lon="-109.26868">
        <ele>3375.91</ele>
      </trkpt>
      <trkpt lat="42.81394" lon="-109.26859">
        <ele>3377.21</ele>
      </trkpt>
      <trkpt lat="42.81397" lon="-109.26855">
        <ele>3378.5</ele>
      </trkpt>
      <trkpt lat="42.814" lon="-109.26849">
        <ele>3379.8</ele>
      </trkpt>
      <trkpt lat="42.81403" lon="-109.26844">
        <ele>3381.1</ele>
      </trkpt>
      <trkpt lat="42.81406" lon="-109.2684">
        <ele>3382.39</ele>
      </trkpt>
      <trkpt lat="42.81409" lon="-109.26838">
        <ele>3383.77</ele>
      </trkpt>
      <trkpt lat="42.81412" lon="-109.26838">
        <ele>3385.23</ele>
      </trkpt>
      <trkpt lat="42.81415" lon="-109.26833">
        <ele>3386.24</ele>
      </trkpt>
      <trkpt lat="42.81418" lon="-109.26828">
        <ele>3387.06</ele>
      </trkpt>
      <trkpt lat="42.81422" lon="-109.26824">
        <ele>3388.3</ele>
      </trkpt>
      <trkpt lat="42.81425" lon="-109.26822">
        <ele>3389.38</ele>
      </trkpt>
      <trkpt lat="42.81431" lon="-109.26821">
        <ele>3392.23</ele>
      </trkpt>
      <trkpt lat="42.81435" lon="-109.26818">
        <ele>3393.6</ele>
      </trkpt>
      <trkpt lat="42.81435" lon="-109.26818">
        <ele>3393.6</ele>
      </trkpt>
      <trkpt lat="42.81439" lon="-109.2682">
        <ele>3396.59</ele>
      </trkpt>
      <trkpt lat="42.81444" lon="-109.26818">
        <ele>3399.4</ele>
      </trkpt>
      <trkpt lat="42.81444" lon="-109.26818">
        <ele>3399.4</ele>
      </trkpt>
      <trkpt lat="42.81449" lon="-109.26816">
        <ele>3401.16</ele>
      </trkpt>
      <trkpt lat="42.81452" lon="-109.26811">
        <ele>3401.44</ele>
      </trkpt>
      <trkpt lat="42.81456" lon="-109.26807">
        <ele>3402.02</ele>
      </trkpt>
      <trkpt lat="42.81456" lon="-109.26807">
        <ele>3402.02</ele>
      </trkpt>
      <trkpt lat="42.81462" lon="-109.26801">
        <ele>3402.76</ele>
      </trkpt>
      <trkpt lat="42.81463" lon="-109.268">
        <ele>3402.81</ele>
      </trkpt>
      <trkpt lat="42.81465" lon="-109.26798">
        <ele>3402.99</ele>
      </trkpt>
      <trkpt lat="42.81466" lon="-109.26797">
        <ele>3403.11</ele>
      </trkpt>
      <trkpt lat="42.81468" lon="-109.26794">
        <ele>3403.38</ele>
      </trkpt>
      <trkpt lat="42.81476" lon="-109.26771">
        <ele>3405.07</ele>
      </trkpt>
      <trkpt lat="42.81477" lon="-109.26756">
        <ele>3405.72</ele>
      </trkpt>
      <trkpt lat="42.8148" lon="-109.26751">
        <ele>3406.66</ele>
      </trkpt>
      <trkpt lat="42.81483" lon="-109.26747">
        <ele>3407.44</ele>
      </trkpt>
      <trkpt lat="42.81486" lon="-109.26742">
        <ele>3408.04</ele>
      </trkpt>
      <trkpt lat="42.81488" lon="-109.26736">
        <ele>3408.26</ele>
      </trkpt>
      <trkpt lat="42.81492" lon="-109.26731">
        <ele>3409.36</ele>
      </trkpt>
      <trkpt lat="42.81492" lon="-109.26731">
        <ele>3409.36</ele>
      </trkpt>
      <trkpt lat="42.815" lon="-109.26715">
        <ele>3409.44</ele>
      </trkpt>
      <trkpt lat="42.81504" lon="-109.2671">
        <ele>3409.84</ele>
      </trkpt>
      <trkpt lat="42.81507" lon="-109.26706">
        <ele>3409.95</ele>
      </trkpt>
      <trkpt lat="42.8151" lon="-109.26701">
        <ele>3409.92</ele>
      </trkpt>
      <trkpt lat="42.81513" lon="-109.26696">
        <ele>3410.04</ele>
      </trkpt>
      <trkpt lat="42.81523" lon="-109.26687">
        <ele>3411.65</ele>
      </trkpt>
      <trkpt lat="42.81527" lon="-109.26683">
        <ele>3412.51</ele>
      </trkpt>
      <trkpt lat="42.8153" lon="-109.2668">
        <ele>3413.27</ele>
      </trkpt>
      <trkpt lat="42.81534" lon="-109.26676">
        <ele>3414.03</ele>
      </trkpt>
      <trkpt lat="42.81539" lon="-109.26672">
        <ele>3415.21</ele>
      </trkpt>
      <trkpt lat="42.8154" lon="-109.26671">
        <ele>3415.54</ele>
      </trkpt>
      <trkpt lat="42.81548" lon="-109.26658">
        <ele>3416.47</ele>
      </trkpt>
      <trkpt lat="42.81552" lon="-109.26654">
        <ele>3418.12</ele>
      </trkpt>
      <trkpt lat="42.81556" lon="-109.2665">
        <ele>3419.16</ele>
      </trkpt>
      <trkpt lat="42.8156" lon="-109.26648">
        <ele>3421.78</ele>
      </trkpt>
      <trkpt lat="42.81562" lon="-109.26648">
        <ele>3423.5</ele>
      </trkpt>
      <trkpt lat="42.81568" lon="-109.26642">
        <ele>3424.63</ele>
      </trkpt>
      <trkpt lat="42.81572" lon="-109.26638">
        <ele>3425.25</ele>
      </trkpt>
      <trkpt lat="42.81575" lon="-109.26635">
        <ele>3425.56</ele>
      </trkpt>
      <trkpt lat="42.81575" lon="-109.26635">
        <ele>3425.56</ele>
      </trkpt>
      <trkpt lat="42.8158" lon="-109.2663">
        <ele>3425.05</ele>
      </trkpt>
      <trkpt lat="42.81596" lon="-109.26617">
        <ele>3427.94</ele>
      </trkpt>
      <trkpt lat="42.81608" lon="-109.26605">
        <ele>3433.78</ele>
      </trkpt>
      <trkpt lat="42.81611" lon="-109.26604">
        <ele>3435.62</ele>
      </trkpt>
      <trkpt lat="42.81615" lon="-109.26601">
        <ele>3436.5</ele>
      </trkpt>
      <trkpt lat="42.81619" lon="-109.26598">
        <ele>3437.58</ele>
      </trkpt>
      <trkpt lat="42.81621" lon="-109.26592">
        <ele>3437.2</ele>
      </trkpt>
      <trkpt lat="42.81622" lon="-109.26587">
        <ele>3437.42</ele>
      </trkpt>
      <trkpt lat="42.81628" lon="-109.26567">
        <ele>3439.72</ele>
      </trkpt>
      <trkpt lat="42.81631" lon="-109.26562">
        <ele>3441.27</ele>
      </trkpt>
      <trkpt lat="42.81633" lon="-109.26556">
        <ele>3443.25</ele>
      </trkpt>
      <trkpt lat="42.81633" lon="-109.2655">
        <ele>3445.76</ele>
      </trkpt>
      <trkpt lat="42.81632" lon="-109.26548">
        <ele>3446.52</ele>
      </trkpt>
      <trkpt lat="42.8163" lon="-109.26542">
        <ele>3447.99</ele>
      </trkpt>
      <trkpt lat="42.81626" lon="-109.26538">
        <ele>3448.01</ele>
      </trkpt>
      <trkpt lat="42.81625" lon="-109.26536">
        <ele>3448.17</ele>
      </trkpt>
      <trkpt lat="42.81626" lon="-109.26532">
        <ele>3449.09</ele>
      </trkpt>
      <trkpt lat="42.8163" lon="-109.26529">
        <ele>3450.82</ele>
      </trkpt>
      <trkpt lat="42.81635" lon="-109.26527">
        <ele>3452.24</ele>
      </trkpt>
      <trkpt lat="42.81639" lon="-109.26523">
        <ele>3453.53</ele>
      </trkpt>
      <trkpt lat="42.8164" lon="-109.26521">
        <ele>3453.94</ele>
      </trkpt>
      <trkpt lat="42.81645" lon="-109.26516">
        <ele>3455.59</ele>
      </trkpt>
      <trkpt lat="42.8165" lon="-109.26513">
        <ele>3457.03</ele>
      </trkpt>
      <trkpt lat="42.81653" lon="-109.26509">
        <ele>3458.63</ele>
      </trkpt>
      <trkpt lat="42.81655" lon="-109.26502">
        <ele>3460.79</ele>
      </trkpt>
      <trkpt lat="42.81654" lon="-109.26499">
        <ele>3461.0</ele>
      </trkpt>
      <trkpt lat="42.81657" lon="-109.26493">
        <ele>3462.62</ele>
      </trkpt>
      <trkpt lat="42.81658" lon="-109.26487">
        <ele>3463.94</ele>
      </trkpt>
      <trkpt lat="42.81659" lon="-109.2648">
        <ele>3465.37</ele>
      </trkpt>
      <trkpt lat="42.81661" lon="-109.26474">
        <ele>3466.09</ele>
      </trkpt>
      <trkpt lat="42.81661" lon="-109.26468">
        <ele>3466.34</ele>
      </trkpt>
      <trkpt lat="42.81662" lon="-109.26463">
        <ele>3466.98</ele>
      </trkpt>
      <trkpt lat="42.81672" lon="-109.2646">
        <ele>3471.23</ele>
      </trkpt>
      <trkpt lat="42.81677" lon="-109.26461">
        <ele>3472.66</ele>
      </trkpt>
      <trkpt lat="42.81682" lon="-109.26462">
        <ele>3473.52</ele>
      </trkpt>
      <trkpt lat="42.81686" lon="-109.26463">
        <ele>3474.17</ele>
      </trkpt>
      <trkpt lat="42.81691" lon="-109.26465">
        <ele>3474.82</ele>
      </trkpt>
      <trkpt lat="42.81693" lon="-109.26467">
        <ele>3474.82</ele>
      </trkpt>
      <trkpt lat="42.81703" lon="-109.26472">
        <ele>3474.99</ele>
      </trkpt>
      <trkpt lat="42.81708" lon="-109.26474">
        <ele>3475.45</ele>
      </trkpt>
      <trkpt lat="42.81713" lon="-109.26474">
        <ele>3476.43</ele>
      </trkpt>
      <trkpt lat="42.81717" lon="-109.26472">
        <ele>3477.49</ele>
      </trkpt>
      <trkpt lat="42.81722" lon="-109.2647">
        <ele>3478.69</ele>
      </trkpt>
      <trkpt lat="42.81722" lon="-109.2647">
        <ele>3478.69</ele>
      </trkpt>
      <trkpt lat="42.81737" lon="-109.2647">
        <ele>3482.51</ele>
      </trkpt>
      <trkpt lat="42.81741" lon="-109.26468">
        <ele>3484.42</ele>
      </trkpt>
      <trkpt lat="42.81745" lon="-109.26465">
        <ele>3486.26</ele>
      </trkpt>
      <trkpt lat="42.81748" lon="-109.2646">
        <ele>3488.21</ele>
      </trkpt>
      <trkpt lat="42.8175" lon="-109.26455">
        <ele>3489.72</ele>
      </trkpt>
      <trkpt lat="42.81754" lon="-109.2645">
        <ele>3491.26</ele>
      </trkpt>
      <trkpt lat="42.81754" lon="-109.2645">
        <ele>3491.26</ele>
      </trkpt>
      <trkpt lat="42.81763" lon="-109.26448">
        <ele>3493.11</ele>
      </trkpt>
      <trkpt lat="42.81768" lon="-109.26446">
        <ele>3494.4</ele>
      </trkpt>
      <trkpt lat="42.81772" lon="-109.26444">
        <ele>3495.47</ele>
      </trkpt>
      <trkpt lat="42.81776" lon="-109.26441">
        <ele>3496.55</ele>
      </trkpt>
      <trkpt lat="42.8178" lon="-109.26437">
        <ele>3497.85</ele>
      </trkpt>
      <trkpt lat="42.81784" lon="-109.26434">
        <ele>3498.93</ele>
      </trkpt>
      <trkpt lat="42.81785" lon="-109.26433">
        <ele>3499.25</ele>
      </trkpt>
      <trkpt lat="42.81796" lon="-109.2642">
        <ele>3501.0</ele>
      </trkpt>
      <trkpt lat="42.818" lon="-109.26416">
        <ele>3501.04</ele>
      </trkpt>
      <trkpt lat="42.81804" lon="-109.26411">
        <ele>3501.1</ele>
      </trkpt>
      <trkpt lat="42.81807" lon="-109.26407">
        <ele>3501.04</ele>
      </trkpt>
      <trkpt lat="42.81811" lon="-109.26402">
        <ele>3501.24</ele>
      </trkpt>
      <trkpt lat="42.81812" lon="-109.264">
        <ele>3501.24</ele>
      </trkpt>
      <trkpt lat="42.8182" lon="-109.26383">
        <ele>3501.28</ele>
      </trkpt>
      <trkpt lat="42.81823" lon="-109.26378">
        <ele>3501.29</ele>
      </trkpt>
      <trkpt lat="42.81827" lon="-109.26375">
        <ele>3501.18</ele>
      </trkpt>
      <trkpt lat="42.81831" lon="-109.26371">
        <ele>3501.18</ele>
      </trkpt>
      <trkpt lat="42.81833" lon="-109.26366">
        <ele>3501.51</ele>
      </trkpt>
      <trkpt lat="42.81837" lon="-109.26362">
        <ele>3501.55</ele>
      </trkpt>
      <trkpt lat="42.81842" lon="-109.2636">
        <ele>3501.3</ele>
      </trkpt>
      <trkpt lat="42.81843" lon="-109.2636">
        <ele>3501.24</ele>
      </trkpt>
      <trkpt lat="42.81853" lon="-109.26349">
        <ele>3503.43</ele>
      </trkpt>
      <trkpt lat="42.81856" lon="-109.26344">
        <ele>3504.3</ele>
      </trkpt>
      <trkpt lat="42.81859" lon="-109.26339">
        <ele>3505.55</ele>
      </trkpt>
      <trkpt lat="42.81862" lon="-109.26334">
        <ele>3506.96</ele>
      </trkpt>
      <trkpt lat="42.81865" lon="-109.26329">
        <ele>3507.89</ele>
      </trkpt>
      <trkpt lat="42.81869" lon="-109.26324">
        <ele>3508.85</ele>
      </trkpt>
      <trkpt lat="42.8187" lon="-109.26322">
        <ele>3508.96</ele>
      </trkpt>
      <trkpt lat="42.81873" lon="-109.26318">
        <ele>3509.47</ele>
      </trkpt>
      <trkpt lat="42.81873" lon="-109.26312">
        <ele>3509.79</ele>
      </trkpt>
      <trkpt lat="42.81874" lon="-109.26305">
        <ele>3510.39</ele>
      </trkpt>
      <trkpt lat="42.81875" lon="-109.26299">
        <ele>3510.5</ele>
      </trkpt>
      <trkpt lat="42.81877" lon="-109.26293">
        <ele>3510.82</ele>
      </trkpt>
      <trkpt lat="42.8188" lon="-109.26288">
        <ele>3511.04</ele>
      </trkpt>
      <trkpt lat="42.8188" lon="-109.26287">
        <ele>3511.04</ele>
      </trkpt>
      <trkpt lat="42.81891" lon="-109.2627">
        <ele>3512.46</ele>
      </trkpt>
      <trkpt lat="42.81896" lon="-109.26267">
        <ele>3513.54</ele>
      </trkpt>
      <trkpt lat="42.819" lon="-109.26264">
        <ele>3514.5</ele>
      </trkpt>
      <trkpt lat="42.81903" lon="-109.26259">
        <ele>3515.05</ele>
      </trkpt>
      <trkpt lat="42.81906" lon="-109.26254">
        <ele>3515.7</ele>
      </trkpt>
      <trkpt lat="42.81908" lon="-109.26248">
        <ele>3516.39</ele>
      </trkpt>
      <trkpt lat="42.81911" lon="-109.26245">
        <ele>3517.49</ele>
      </trkpt>
      <trkpt lat="42.81916" lon="-109.26239">
        <ele>3519.04</ele>
      </trkpt>
      <trkpt lat="42.8192" lon="-109.26234">
        <ele>3520.19</ele>
      </trkpt>
      <trkpt lat="42.81922" lon="-109.26229">
        <ele>3520.58</ele>
      </trkpt>
      <trkpt lat="42.81924" lon="-109.26223">
        <ele>3520.79</ele>
      </trkpt>
      <trkpt lat="42.81926" lon="-109.26217">
        <ele>3521.57</ele>
      </trkpt>
      <trkpt lat="42.81927" lon="-109.26215">
        <ele>3521.83</ele>
      </trkpt>
      <trkpt lat="42.81934" lon="-109.26206">
        <ele>3522.66</ele>
      </trkpt>
      <trkpt lat="42.81938" lon="-109.26202">
        <ele>3523.18</ele>
      </trkpt>
      <trkpt lat="42.81941" lon="-109.26198">
        <ele>3523.62</ele>
      </trkpt>
      <trkpt lat="42.81944" lon="-109.26193">
        <ele>3524.16</ele>
      </trkpt>
      <trkpt lat="42.81948" lon="-109.26189">
        <ele>3524.59</ele>
      </trkpt>
      <trkpt lat="42.81948" lon="-109.26188">
        <ele>3524.7</ele>
      </trkpt>
      <trkpt lat="42.81957" lon="-109.26177">
        <ele>3526.81</ele>
      </trkpt>
      <trkpt lat="42.81963" lon="-109.26168">
        <ele>3529.58</ele>
      </trkpt>
      <trkpt lat="42.81984" lon="-109.26147">
        <ele>3536.49</ele>
      </trkpt>
      <trkpt lat="42.81994" lon="-109.26128">
        <ele>3539.0</ele>
      </trkpt>
      <trkpt lat="42.81997" lon="-109.26119">
        <ele>3539.0</ele>
      </trkpt>
      <trkpt lat="42.81997" lon="-109.26104">
        <ele>3537.96</ele>
      </trkpt>
      <trkpt lat="42.82003" lon="-109.26089">
        <ele>3533.06</ele>
      </trkpt>
      <trkpt lat="42.82002" lon="-109.26078">
        <ele>3530.08</ele>
      </trkpt>
      <trkpt lat="42.82002" lon="-109.26072">
        <ele>3528.69</ele>
      </trkpt>
      <trkpt lat="42.82001" lon="-109.26066">
        <ele>3527.82</ele>
      </trkpt>
      <trkpt lat="42.81999" lon="-109.2606">
        <ele>3527.28</ele>
      </trkpt>
      <trkpt lat="42.81998" lon="-109.26056">
        <ele>3526.74</ele>
      </trkpt>
      <trkpt lat="42.82" lon="-109.26051">
        <ele>3525.02</ele>
      </trkpt>
      <trkpt lat="42.82003" lon="-109.26046">
        <ele>3522.62</ele>
      </trkpt>
      <trkpt lat="42.82004" lon="-109.26042">
        <ele>3521.08</ele>
      </trkpt>
      <trkpt lat="42.82009" lon="-109.26033">
        <ele>3517.21</ele>
      </trkpt>
      <trkpt lat="42.82009" lon="-109.26032">
        <ele>3517.0</ele>
      </trkpt>
      <trkpt lat="42.82008" lon="-109.26028">
        <ele>3516.46</ele>
      </trkpt>
      <trkpt lat="42.82007" lon="-109.26022">
        <ele>3515.33</ele>
      </trkpt>
      <trkpt lat="42.82008" lon="-109.26015">
        <ele>3513.51</ele>
      </trkpt>
      <trkpt lat="42.82008" lon="-109.26012">
        <ele>3512.86</ele>
      </trkpt>
      <trkpt lat="42.82006" lon="-109.26003">
        <ele>3510.44</ele>
      </trkpt>
      <trkpt lat="42.82006" lon="-109.26003">
        <ele>3510.44</ele>
      </trkpt>
      <trkpt lat="42.82007" lon="-109.25998">
        <ele>3508.6</ele>
      </trkpt>
      <trkpt lat="42.82008" lon="-109.25992">
        <ele>3506.54</ele>
      </trkpt>
      <trkpt lat="42.82011" lon="-109.25989">
        <ele>3505.1</ele>
      </trkpt>
      <trkpt lat="42.82012" lon="-109.25981">
        <ele>3502.55</ele>
      </trkpt>
      <trkpt lat="42.82011" lon="-109.25975">
        <ele>3500.71</ele>
      </trkpt>
      <trkpt lat="42.8201" lon="-109.25972">
        <ele>3499.85</ele>
      </trkpt>
      <trkpt lat="42.82011" lon="-109.25969">
        <ele>3498.77</ele>
      </trkpt>
      <trkpt lat="42.82012" lon="-109.25968">
        <ele>3498.34</ele>
      </trkpt>
      <trkpt lat="42.82015" lon="-109.25967">
        <ele>3497.69</ele>
      </trkpt>
      <trkpt lat="42.82013" lon="-109.25961">
        <ele>3495.96</ele>
      </trkpt>
      <trkpt lat="42.8201" lon="-109.25957">
        <ele>3494.99</ele>
      </trkpt>
      <trkpt lat="42.8201" lon="-109.25957">
        <ele>3494.99</ele>
      </trkpt>
      <trkpt lat="42.82002" lon="-109.25948">
        <ele>3492.15</ele>
      </trkpt>
      <trkpt lat="42.81997" lon="-109.25944">
        <ele>3490.86</ele>
      </trkpt>
      <trkpt lat="42.81994" lon="-109.25941">
        <ele>3489.88</ele>
      </trkpt>
      <trkpt lat="42.81989" lon="-109.25938">
        <ele>3489.1</ele>
      </trkpt>
      <trkpt lat="42.81986" lon="-109.25934">
        <ele>3488.06</ele>
      </trkpt>
      <trkpt lat="42.81984" lon="-109.25928">
        <ele>3485.84</ele>
      </trkpt>
      <trkpt lat="42.81982" lon="-109.25924">
        <ele>3484.38</ele>
      </trkpt>
      <trkpt lat="42.81975" lon="-109.25913">
        <ele>3480.81</ele>
      </trkpt>
      <trkpt lat="42.81972" lon="-109.25908">
        <ele>3479.19</ele>
      </trkpt>
      <trkpt lat="42.81971" lon="-109.25902">
        <ele>3477.83</ele>
      </trkpt>
      <trkpt lat="42.8197" lon="-109.25895">
        <ele>3476.32</ele>
      </trkpt>
      <trkpt lat="42.81969" lon="-109.25888">
        <ele>3474.9</ele>
      </trkpt>
      <trkpt lat="42.81968" lon="-109.25882">
        <ele>3474.26</ele>
      </trkpt>
      <trkpt lat="42.81968" lon="-109.25882">
        <ele>3474.26</ele>
      </trkpt>
      <trkpt lat="42.81969" lon="-109.25871">
        <ele>3472.46</ele>
      </trkpt>
      <trkpt lat="42.81972" lon="-109.25866">
        <ele>3471.55</ele>
      </trkpt>
      <trkpt lat="42.81973" lon="-109.2586">
        <ele>3470.8</ele>
      </trkpt>
      <trkpt lat="42.81974" lon="-109.25855">
        <ele>3470.15</ele>
      </trkpt>
      <trkpt lat="42.81976" lon="-109.2585">
        <ele>3469.19</ele>
      </trkpt>
      <trkpt lat="42.81976" lon="-109.25836">
        <ele>3466.46</ele>
      </trkpt>
      <trkpt lat="42.81979" lon="-109.25831">
        <ele>3465.56</ele>
      </trkpt>
      <trkpt lat="42.81982" lon="-109.25826">
        <ele>3464.4</ele>
      </trkpt>
      <trkpt lat="42.81985" lon="-109.25823">
        <ele>3463.84</ele>
      </trkpt>
      <trkpt lat="42.81986" lon="-109.25824">
        <ele>3463.99</ele>
      </trkpt>
      <trkpt lat="42.81989" lon="-109.25829">
        <ele>3464.63</ele>
      </trkpt>
      <trkpt lat="42.81992" lon="-109.25833">
        <ele>3464.96</ele>
      </trkpt>
      <trkpt lat="42.81994" lon="-109.25835">
        <ele>3465.3</ele>
      </trkpt>
      <trkpt lat="42.81997" lon="-109.25835">
        <ele>3465.24</ele>
      </trkpt>
      <trkpt lat="42.81998" lon="-109.25833">
        <ele>3464.94</ele>
      </trkpt>
      <trkpt lat="42.81998" lon="-109.2583">
        <ele>3464.36</ele>
      </trkpt>
      <trkpt lat="42.81999" lon="-109.25828">
        <ele>3463.91</ele>
      </trkpt>
      <trkpt lat="42.82" lon="-109.25826">
        <ele>3463.42</ele>
      </trkpt>
      <trkpt lat="42.82004" lon="-109.25824">
        <ele>3462.55</ele>
      </trkpt>
      <trkpt lat="42.82007" lon="-109.2582">
        <ele>3461.03</ele>
      </trkpt>
      <trkpt lat="42.82015" lon="-109.25811">
        <ele>3457.14</ele>
      </trkpt>
      <trkpt lat="42.82017" lon="-109.25806">
        <ele>3455.31</ele>
      </trkpt>
      <trkpt lat="42.82018" lon="-109.258">
        <ele>3453.86</ele>
      </trkpt>
      <trkpt lat="42.8202" lon="-109.25794">
        <ele>3452.14</ele>
      </trkpt>
      <trkpt lat="42.82024" lon="-109.25791">
        <ele>3451.03</ele>
      </trkpt>
      <trkpt lat="42.82029" lon="-109.25789">
        <ele>3450.29</ele>
      </trkpt>
      <trkpt lat="42.8203" lon="-109.25788">
        <ele>3449.97</ele>
      </trkpt>
      <trkpt lat="42.82035" lon="-109.25783">
        <ele>3448.01</ele>
      </trkpt>
      <trkpt lat="42.82038" lon="-109.25778">
        <ele>3445.86</ele>
      </trkpt>
      <trkpt lat="42.8204" lon="-109.25774">
        <ele>3444.54</ele>
      </trkpt>
      <trkpt lat="42.82044" lon="-109.2577">
        <ele>3442.82</ele>
      </trkpt>
      <trkpt lat="42.82045" lon="-109.2577">
        <ele>3442.6</ele>
      </trkpt>
      <trkpt lat="42.82047" lon="-109.25768">
        <ele>3441.79</ele>
      </trkpt>
      <trkpt lat="42.82047" lon="-109.25766">
        <ele>3441.58</ele>
      </trkpt>
      <trkpt lat="42.82047" lon="-109.25764">
        <ele>3441.36</ele>
      </trkpt>
      <trkpt lat="42.82043" lon="-109.25759">
        <ele>3441.32</ele>
      </trkpt>
      <trkpt lat="42.82039" lon="-109.25756">
        <ele>3441.16</ele>
      </trkpt>
      <trkpt lat="42.82036" lon="-109.25751">
        <ele>3440.22</ele>
      </trkpt>
      <trkpt lat="42.82036" lon="-109.2575">
        <ele>3440.0</ele>
      </trkpt>
      <trkpt lat="42.82033" lon="-109.25737">
        <ele>3436.8</ele>
      </trkpt>
      <trkpt lat="42.82032" lon="-109.25731">
        <ele>3435.96</ele>
      </trkpt>
      <trkpt lat="42.82029" lon="-109.25725">
        <ele>3435.24</ele>
      </trkpt>
      <trkpt lat="42.82026" lon="-109.25722">
        <ele>3435.55</ele>
      </trkpt>
      <trkpt lat="42.82022" lon="-109.25717">
        <ele>3436.31</ele>
      </trkpt>
      <trkpt lat="42.8202" lon="-109.25713">
        <ele>3436.52</ele>
      </trkpt>
      <trkpt lat="42.82018" lon="-109.25704">
        <ele>3436.2</ele>
      </trkpt>
      <trkpt lat="42.82016" lon="-109.25698">
        <ele>3436.2</ele>
      </trkpt>
      <trkpt lat="42.82014" lon="-109.25691">
        <ele>3436.09</ele>
      </trkpt>
      <trkpt lat="42.82014" lon="-109.25684">
        <ele>3435.34</ele>
      </trkpt>
      <trkpt lat="42.82014" lon="-109.25677">
        <ele>3434.58</ele>
      </trkpt>
      <trkpt lat="42.82014" lon="-109.25674">
        <ele>3434.26</ele>
      </trkpt>
      <trkpt lat="42.82012" lon="-109.25665">
        <ele>3433.81</ele>
      </trkpt>
      <trkpt lat="42.82013" lon="-109.25658">
        <ele>3432.29</ele>
      </trkpt>
      <trkpt lat="42.82013" lon="-109.25654">
        <ele>3431.46</ele>
      </trkpt>
      <trkpt lat="42.82014" lon="-109.25648">
        <ele>3429.94</ele>
      </trkpt>
      <trkpt lat="42.82015" lon="-109.25647">
        <ele>3429.44</ele>
      </trkpt>
      <trkpt lat="42.82017" lon="-109.25645">
        <ele>3428.36</ele>
      </trkpt>
      <trkpt lat="42.82018" lon="-109.25645">
        <ele>3428.11</ele>
      </trkpt>
      <trkpt lat="42.82021" lon="-109.25645">
        <ele>3426.55</ele>
      </trkpt>
      <trkpt lat="42.82023" lon="-109.25648">
        <ele>3426.52</ele>
      </trkpt>
      <trkpt lat="42.82026" lon="-109.2565">
        <ele>3425.52</ele>
      </trkpt>
      <trkpt lat="42.82027" lon="-109.2565">
        <ele>3425.0</ele>
      </trkpt>
      <trkpt lat="42.82027" lon="-109.25648">
        <ele>3424.36</ele>
      </trkpt>
      <trkpt lat="42.82028" lon="-109.25642">
        <ele>3421.24</ele>
      </trkpt>
      <trkpt lat="42.82031" lon="-109.25636">
        <ele>3417.78</ele>
      </trkpt>
      <trkpt lat="42.82031" lon="-109.25636">
        <ele>3417.78</ele>
      </trkpt>
      <trkpt lat="42.82031" lon="-109.25636">
        <ele>3417.78</ele>
      </trkpt>
      <trkpt lat="42.82031" lon="-109.25627">
        <ele>3415.49</ele>
      </trkpt>
      <trkpt lat="42.82036" lon="-109.25622">
        <ele>3413.42</ele>
      </trkpt>
      <trkpt lat="42.82036" lon="-109.25617">
        <ele>3412.86</ele>
      </trkpt>
      <trkpt lat="42.82029" lon="-109.25585">
        <ele>3409.92</ele>
      </trkpt>
      <trkpt lat="42.82032" lon="-109.2557">
        <ele>3406.95</ele>
      </trkpt>
      <trkpt lat="42.82029" lon="-109.25558">
        <ele>3405.9</ele>
      </trkpt>
      <trkpt lat="42.82027" lon="-109.2555">
        <ele>3405.05</ele>
      </trkpt>
      <trkpt lat="42.82022" lon="-109.2553">
        <ele>3403.64</ele>
      </trkpt>
      <trkpt lat="42.82023" lon="-109.25518">
        <ele>3400.95</ele>
      </trkpt>
      <trkpt lat="42.82026" lon="-109.25513">
        <ele>3399.67</ele>
      </trkpt>
      <trkpt lat="42.82027" lon="-109.25503">
        <ele>3397.73</ele>
      </trkpt>
      <trkpt lat="42.82027" lon="-109.25486">
        <ele>3395.02</ele>
      </trkpt>
      <trkpt lat="42.82029" lon="-109.25473">
        <ele>3392.95</ele>
      </trkpt>
      <trkpt lat="42.82033" lon="-109.2546">
        <ele>3389.8</ele>
      </trkpt>
      <trkpt lat="42.82039" lon="-109.25457">
        <ele>3388.5</ele>
      </trkpt>
      <trkpt lat="42.82051" lon="-109.25465">
        <ele>3388.2</ele>
      </trkpt>
      <trkpt lat="42.82063" lon="-109.25456">
        <ele>3384.64</ele>
      </trkpt>
      <trkpt lat="42.82068" lon="-109.25442">
        <ele>3381.87</ele>
      </trkpt>
      <trkpt lat="42.82068" lon="-109.25421">
        <ele>3378.25</ele>
      </trkpt>
      <trkpt lat="42.82073" lon="-109.25407">
        <ele>3374.14</ele>
      </trkpt>
      <trkpt lat="42.82075" lon="-109.25388">
        <ele>3369.61</ele>
      </trkpt>
      <trkpt lat="42.82077" lon="-109.25386">
        <ele>3368.74</ele>
      </trkpt>
      <trkpt lat="42.82078" lon="-109.25386">
        <ele>3368.53</ele>
      </trkpt>
      <trkpt lat="42.82079" lon="-109.25388">
        <ele>3368.74</ele>
      </trkpt>
      <trkpt lat="42.82082" lon="-109.25393">
        <ele>3369.18</ele>
      </trkpt>
      <trkpt lat="42.82084" lon="-109.25398">
        <ele>3369.75</ele>
      </trkpt>
      <trkpt lat="42.82087" lon="-109.25401">
        <ele>3369.24</ele>
      </trkpt>
      <trkpt lat="42.82089" lon="-109.254">
        <ele>3368.49</ele>
      </trkpt>
      <trkpt lat="42.82092" lon="-109.25395">
        <ele>3366.51</ele>
      </trkpt>
      <trkpt lat="42.82094" lon="-109.25389">
        <ele>3364.72</ele>
      </trkpt>
      <trkpt lat="42.82095" lon="-109.25387">
        <ele>3364.07</ele>
      </trkpt>
      <trkpt lat="42.82101" lon="-109.25387">
        <ele>3362.78</ele>
      </trkpt>
      <trkpt lat="42.82102" lon="-109.25386">
        <ele>3362.33</ele>
      </trkpt>
      <trkpt lat="42.82103" lon="-109.25383">
        <ele>3361.36</ele>
      </trkpt>
      <trkpt lat="42.82104" lon="-109.25377">
        <ele>3359.74</ele>
      </trkpt>
      <trkpt lat="42.82106" lon="-109.25371">
        <ele>3357.79</ele>
      </trkpt>
      <trkpt lat="42.82107" lon="-109.25371">
        <ele>3357.47</ele>
      </trkpt>
      <trkpt lat="42.82111" lon="-109.25362">
        <ele>3355.13</ele>
      </trkpt>
      <trkpt lat="42.82112" lon="-109.25356">
        <ele>3354.26</ele>
      </trkpt>
      <trkpt lat="42.82112" lon="-109.2535">
        <ele>3353.61</ele>
      </trkpt>
      <trkpt lat="42.82116" lon="-109.25345">
        <ele>3352.2</ele>
      </trkpt>
      <trkpt lat="42.8212" lon="-109.25333">
        <ele>3350.04</ele>
      </trkpt>
      <trkpt lat="42.8213" lon="-109.25328">
        <ele>3347.34</ele>
      </trkpt>
      <trkpt lat="42.82138" lon="-109.25307">
        <ele>3344.35</ele>
      </trkpt>
      <trkpt lat="42.8214" lon="-109.25295">
        <ele>3342.5</ele>
      </trkpt>
      <trkpt lat="42.82137" lon="-109.25285">
        <ele>3342.19</ele>
      </trkpt>
      <trkpt lat="42.82138" lon="-109.25278">
        <ele>3341.22</ele>
      </trkpt>
      <trkpt lat="42.82143" lon="-109.25275">
        <ele>3339.37</ele>
      </trkpt>
      <trkpt lat="42.82149" lon="-109.25263">
        <ele>3335.53</ele>
      </trkpt>
      <trkpt lat="42.82152" lon="-109.25235">
        <ele>3329.55</ele>
      </trkpt>
      <trkpt lat="42.82154" lon="-109.25229">
        <ele>3328.47</ele>
      </trkpt>
      <trkpt lat="42.82156" lon="-109.25223">
        <ele>3327.39</ele>
      </trkpt>
      <trkpt lat="42.82157" lon="-109.25216">
        <ele>3326.42</ele>
      </trkpt>
      <trkpt lat="42.82156" lon="-109.2521">
        <ele>3325.71</ele>
      </trkpt>
      <trkpt lat="42.82156" lon="-109.25208">
        <ele>3325.31</ele>
      </trkpt>
      <trkpt lat="42.82159" lon="-109.25201">
        <ele>3323.36</ele>
      </trkpt>
      <trkpt lat="42.82159" lon="-109.25196">
        <ele>3322.82</ele>
      </trkpt>
      <trkpt lat="42.82158" lon="-109.25186">
        <ele>3321.9</ele>
      </trkpt>
      <trkpt lat="42.82162" lon="-109.25176">
        <ele>3319.52</ele>
      </trkpt>
      <trkpt lat="42.82168" lon="-109.25174">
        <ele>3317.5</ele>
      </trkpt>
      <trkpt lat="42.82173" lon="-109.25178">
        <ele>3316.86</ele>
      </trkpt>
      <trkpt lat="42.8218" lon="-109.25176">
        <ele>3315.13</ele>
      </trkpt>
      <trkpt lat="42.82183" lon="-109.25172">
        <ele>3314.05</ele>
      </trkpt>
      <trkpt lat="42.82182" lon="-109.25154">
        <ele>3313.1</ele>
      </trkpt>
      <trkpt lat="42.82186" lon="-109.25148">
        <ele>3311.81</ele>
      </trkpt>
      <trkpt lat="42.8219" lon="-109.25149">
        <ele>3311.0</ele>
      </trkpt>
      <trkpt lat="42.82194" lon="-109.25157">
        <ele>3310.14</ele>
      </trkpt>
      <trkpt lat="42.82199" lon="-109.2516">
        <ele>3309.3</ele>
      </trkpt>
      <trkpt lat="42.82209" lon="-109.25152">
        <ele>3306.27</ele>
      </trkpt>
      <trkpt lat="42.82209" lon="-109.25152">
        <ele>3306.27</ele>
      </trkpt>
      <trkpt lat="42.82213" lon="-109.25146">
        <ele>3304.76</ele>
      </trkpt>
      <trkpt lat="42.82217" lon="-109.25136">
        <ele>3302.38</ele>
      </trkpt>
      <trkpt lat="42.82222" lon="-109.25137">
        <ele>3300.87</ele>
      </trkpt>
      <trkpt lat="42.82228" lon="-109.25133">
        <ele>3298.89</ele>
      </trkpt>
      <trkpt lat="42.82229" lon="-109.25125">
        <ele>3298.17</ele>
      </trkpt>
      <trkpt lat="42.82225" lon="-109.25107">
        <ele>3298.27</ele>
      </trkpt>
      <trkpt lat="42.82223" lon="-109.25097">
        <ele>3298.27</ele>
      </trkpt>
      <trkpt lat="42.82226" lon="-109.25088">
        <ele>3297.18</ele>
      </trkpt>
      <trkpt lat="42.82235" lon="-109.25081">
        <ele>3294.7</ele>
      </trkpt>
      <trkpt lat="42.82238" lon="-109.25072">
        <ele>3293.59</ele>
      </trkpt>
      <trkpt lat="42.8224" lon="-109.2506">
        <ele>3292.64</ele>
      </trkpt>
      <trkpt lat="42.82234" lon="-109.25036">
        <ele>3293.37</ele>
      </trkpt>
      <trkpt lat="42.82238" lon="-109.24951">
        <ele>3291.3</ele>
      </trkpt>
      <trkpt lat="42.8224" lon="-109.24946">
        <ele>3291.08</ele>
      </trkpt>
      <trkpt lat="42.82247" lon="-109.24936">
        <ele>3289.65</ele>
      </trkpt>
      <trkpt lat="42.82249" lon="-109.24929">
        <ele>3289.14</ele>
      </trkpt>
      <trkpt lat="42.82252" lon="-109.24925">
        <ele>3288.49</ele>
      </trkpt>
      <trkpt lat="42.82254" lon="-109.24915">
        <ele>3287.57</ele>
      </trkpt>
      <trkpt lat="42.82258" lon="-109.24893">
        <ele>3286.58</ele>
      </trkpt>
      <trkpt lat="42.82257" lon="-109.24879">
        <ele>3286.24</ele>
      </trkpt>
      <trkpt lat="42.82255" lon="-109.2487">
        <ele>3286.44</ele>
      </trkpt>
      <trkpt lat="42.82255" lon="-109.24849">
        <ele>3285.32</ele>
      </trkpt>
      <trkpt lat="42.82258" lon="-109.2484">
        <ele>3285.0</ele>
      </trkpt>
      <trkpt lat="42.82258" lon="-109.24825">
        <ele>3284.1</ele>
      </trkpt>
      <trkpt lat="42.8226" lon="-109.24816">
        <ele>3284.08</ele>
      </trkpt>
      <trkpt lat="42.8226" lon="-109.24813">
        <ele>3284.06</ele>
      </trkpt>
      <trkpt lat="42.8226" lon="-109.24799">
        <ele>3284.0</ele>
      </trkpt>
      <trkpt lat="42.82256" lon="-109.24794">
        <ele>3283.91</ele>
      </trkpt>
      <trkpt lat="42.82254" lon="-109.24788">
        <ele>3283.49</ele>
      </trkpt>
      <trkpt lat="42.82253" lon="-109.24782">
        <ele>3283.15</ele>
      </trkpt>
      <trkpt lat="42.82252" lon="-109.24776">
        <ele>3283.0</ele>
      </trkpt>
      <trkpt lat="42.82252" lon="-109.24769">
        <ele>3283.0</ele>
      </trkpt>
      <trkpt lat="42.82254" lon="-109.24762">
        <ele>3282.6</ele>
      </trkpt>
      <trkpt lat="42.82256" lon="-109.24757">
        <ele>3282.49</ele>
      </trkpt>
      <trkpt lat="42.82261" lon="-109.24744">
        <ele>3282.07</ele>
      </trkpt>
      <trkpt lat="42.82262" lon="-109.24737">
        <ele>3282.0</ele>
      </trkpt>
      <trkpt lat="42.82262" lon="-109.24731">
        <ele>3282.0</ele>
      </trkpt>
      <trkpt lat="42.82262" lon="-109.24725">
        <ele>3282.0</ele>
      </trkpt>
      <trkpt lat="42.82265" lon="-109.24719">
        <ele>3282.0</ele>
      </trkpt>
      <trkpt lat="42.82266" lon="-109.24712">
        <ele>3282.0</ele>
      </trkpt>
      <trkpt lat="42.82267" lon="-109.2471">
        <ele>3282.0</ele>
      </trkpt>
      <trkpt lat="42.82272" lon="-109.24706">
        <ele>3282.38</ele>
      </trkpt>
      <trkpt lat="42.82275" lon="-109.247">
        <ele>3282.7</ele>
      </trkpt>
      <trkpt lat="42.82275" lon="-109.24698">
        <ele>3282.7</ele>
      </trkpt>
      <trkpt lat="42.82285" lon="-109.24687">
        <ele>3283.0</ele>
      </trkpt>
      <trkpt lat="42.82288" lon="-109.24682">
        <ele>3283.0</ele>
      </trkpt>
      <trkpt lat="42.8229" lon="-109.24679">
        <ele>3283.0</ele>
      </trkpt>
      <trkpt lat="42.82294" lon="-109.24674">
        <ele>3283.0</ele>
      </trkpt>
      <trkpt lat="42.82303" lon="-109.24662">
        <ele>3283.36</ele>
      </trkpt>
      <trkpt lat="42.82308" lon="-109.24655">
        <ele>3283.26</ele>
      </trkpt>
      <trkpt lat="42.82316" lon="-109.24612">
        <ele>3283.13</ele>
      </trkpt>
      <trkpt lat="42.82313" lon="-109.246">
        <ele>3283.0</ele>
      </trkpt>
      <trkpt lat="42.82315" lon="-109.24588">
        <ele>3283.0</ele>
      </trkpt>
      <trkpt lat="42.82311" lon="-109.24558">
        <ele>3283.0</ele>
      </trkpt>
      <trkpt lat="42.82312" lon="-109.24544">
        <ele>3283.0</ele>
      </trkpt>
      <trkpt lat="42.82316" lon="-109.24525">
        <ele>3283.0</ele>
      </trkpt>
      <trkpt lat="42.82317" lon="-109.24519">
        <ele>3283.0</ele>
      </trkpt>
      <trkpt lat="42.82317" lon="-109.24512">
        <ele>3283.0</ele>
      </trkpt>
      <trkpt lat="42.82318" lon="-109.24504">
        <ele>3283.0</ele>
      </trkpt>
      <trkpt lat="42.82318" lon="-109.24498">
        <ele>3282.86</ele>
      </trkpt>
      <trkpt lat="42.82318" lon="-109.24491">
        <ele>3282.36</ele>
      </trkpt>
      <trkpt lat="42.82317" lon="-109.24485">
        <ele>3282.24</ele>
      </trkpt>
      <trkpt lat="42.82315" lon="-109.24479">
        <ele>3282.02</ele>
      </trkpt>
      <trkpt lat="42.82313" lon="-109.24473">
        <ele>3282.0</ele>
      </trkpt>
      <trkpt lat="42.82313" lon="-109.24466">
        <ele>3282.0</ele>
      </trkpt>
      <trkpt lat="42.82312" lon="-109.2446">
        <ele>3282.0</ele>
      </trkpt>
      <trkpt lat="42.82312" lon="-109.24456">
        <ele>3282.0</ele>
      </trkpt>
      <trkpt lat="42.82312" lon="-109.24447">
        <ele>3282.0</ele>
      </trkpt>
      <trkpt lat="42.82314" lon="-109.24442">
        <ele>3282.0</ele>
      </trkpt>
      <trkpt lat="42.82318" lon="-109.24428">
        <ele>3282.0</ele>
      </trkpt>
      <trkpt lat="42.8232" lon="-109.24424">
        <ele>3282.0</ele>
      </trkpt>
      <trkpt lat="42.82333" lon="-109.24383">
        <ele>3282.0</ele>
      </trkpt>
      <trkpt lat="42.82338" lon="-109.24339">
        <ele>3281.5</ele>
      </trkpt>
      <trkpt lat="42.82337" lon="-109.24315">
        <ele>3279.82</ele>
      </trkpt>
      <trkpt lat="42.82346" lon="-109.24288">
        <ele>3276.51</ele>
      </trkpt>
      <trkpt lat="42.82348" lon="-109.24279">
        <ele>3274.85</ele>
      </trkpt>
      <trkpt lat="42.82346" lon="-109.24273">
        <ele>3273.53</ele>
      </trkpt>
      <trkpt lat="42.82338" lon="-109.24269">
        <ele>3271.58</ele>
      </trkpt>
      <trkpt lat="42.82337" lon="-109.24262">
        <ele>3270.69</ele>
      </trkpt>
      <trkpt lat="42.82339" lon="-109.24253">
        <ele>3269.67</ele>
      </trkpt>
      <trkpt lat="42.82338" lon="-109.24248">
        <ele>3268.79</ele>
      </trkpt>
      <trkpt lat="42.82332" lon="-109.24244">
        <ele>3267.21</ele>
      </trkpt>
      <trkpt lat="42.82331" lon="-109.24235">
        <ele>3265.97</ele>
      </trkpt>
      <trkpt lat="42.82334" lon="-109.24224">
        <ele>3265.28</ele>
      </trkpt>
      <trkpt lat="42.8233" lon="-109.24212">
        <ele>3262.54</ele>
      </trkpt>
      <trkpt lat="42.8233" lon="-109.24164">
        <ele>3255.81</ele>
      </trkpt>
      <trkpt lat="42.82332" lon="-109.24153">
        <ele>3254.31</ele>
      </trkpt>
      <trkpt lat="42.82343" lon="-109.2414">
        <ele>3253.28</ele>
      </trkpt>
      <trkpt lat="42.82346" lon="-109.24133">
        <ele>3252.73</ele>
      </trkpt>
      <trkpt lat="42.82344" lon="-109.24113">
        <ele>3250.36</ele>
      </trkpt>
      <trkpt lat="42.82336" lon="-109.24098">
        <ele>3247.46</ele>
      </trkpt>
      <trkpt lat="42.82337" lon="-109.24091">
        <ele>3246.22</ele>
      </trkpt>
      <trkpt lat="42.82335" lon="-109.24084">
        <ele>3245.25</ele>
      </trkpt>
      <trkpt lat="42.82325" lon="-109.24077">
        <ele>3243.42</ele>
      </trkpt>
      <trkpt lat="42.82323" lon="-109.24071">
        <ele>3242.14</ele>
      </trkpt>
      <trkpt lat="42.82317" lon="-109.24069">
        <ele>3240.79</ele>
      </trkpt>
      <trkpt lat="42.82306" lon="-109.24072">
        <ele>3238.87</ele>
      </trkpt>
      <trkpt lat="42.82301" lon="-109.24067">
        <ele>3237.25</ele>
      </trkpt>
      <trkpt lat="42.823" lon="-109.24061">
        <ele>3236.39</ele>
      </trkpt>
      <trkpt lat="42.82298" lon="-109.24056">
        <ele>3235.42</ele>
      </trkpt>
      <trkpt lat="42.82294" lon="-109.24053">
        <ele>3234.23</ele>
      </trkpt>
      <trkpt lat="42.82289" lon="-109.24057">
        <ele>3233.58</ele>
      </trkpt>
      <trkpt lat="42.82278" lon="-109.2406">
        <ele>3231.02</ele>
      </trkpt>
      <trkpt lat="42.82269" lon="-109.2407">
        <ele>3229.3</ele>
      </trkpt>
      <trkpt lat="42.82262" lon="-109.24075">
        <ele>3227.28</ele>
      </trkpt>
      <trkpt lat="42.82254" lon="-109.24069">
        <ele>3222.63</ele>
      </trkpt>
      <trkpt lat="42.82241" lon="-109.24071">
        <ele>3216.8</ele>
      </trkpt>
      <trkpt lat="42.82233" lon="-109.24076">
        <ele>3214.07</ele>
      </trkpt>
      <trkpt lat="42.82225" lon="-109.24088">
        <ele>3212.7</ele>
      </trkpt>
      <trkpt lat="42.82221" lon="-109.24102">
        <ele>3213.49</ele>
      </trkpt>
      <trkpt lat="42.82217" lon="-109.24116">
        <ele>3213.27</ele>
      </trkpt>
      <trkpt lat="42.82217" lon="-109.24117">
        <ele>3213.38</ele>
      </trkpt>
      <trkpt lat="42.82202" lon="-109.24137">
        <ele>3209.24</ele>
      </trkpt>
      <trkpt lat="42.82198" lon="-109.24137">
        <ele>3207.95</ele>
      </trkpt>
      <trkpt lat="42.82194" lon="-109.2413">
        <ele>3205.94</ele>
      </trkpt>
      <trkpt lat="42.82189" lon="-109.2413">
        <ele>3204.86</ele>
      </trkpt>
      <trkpt lat="42.82178" lon="-109.24135">
        <ele>3203.03</ele>
      </trkpt>
      <trkpt lat="42.8217" lon="-109.24136">
        <ele>3201.85</ele>
      </trkpt>
      <trkpt lat="42.82167" lon="-109.24131">
        <ele>3200.36</ele>
      </trkpt>
      <trkpt lat="42.8217" lon="-109.24125">
        <ele>3199.72</ele>
      </trkpt>
      <trkpt lat="42.82169" lon="-109.24116">
        <ele>3197.56</ele>
      </trkpt>
      <trkpt lat="42.82172" lon="-109.24093">
        <ele>3193.65</ele>
      </trkpt>
      <trkpt lat="42.82188" lon="-109.24064">
        <ele>3193.52</ele>
      </trkpt>
      <trkpt lat="42.82197" lon="-109.24024">
        <ele>3190.57</ele>
      </trkpt>
      <trkpt lat="42.82203" lon="-109.2397">
        <ele>3185.76</ele>
      </trkpt>
      <trkpt lat="42.8221" lon="-109.23942">
        <ele>3179.71</ele>
      </trkpt>
      <trkpt lat="42.82208" lon="-109.2393">
        <ele>3176.32</ele>
      </trkpt>
      <trkpt lat="42.82202" lon="-109.23926">
        <ele>3175.02</ele>
      </trkpt>
      <trkpt lat="42.82194" lon="-109.23923">
        <ele>3174.37</ele>
      </trkpt>
      <trkpt lat="42.8219" lon="-109.23918">
        <ele>3173.29</ele>
      </trkpt>
      <trkpt lat="42.8219" lon="-109.23918">
        <ele>3173.29</ele>
      </trkpt>
      <trkpt lat="42.82189" lon="-109.23908">
        <ele>3171.51</ele>
      </trkpt>
      <trkpt lat="42.82191" lon="-109.23905">
        <ele>3171.11</ele>
      </trkpt>
      <trkpt lat="42.82196" lon="-109.239">
        <ele>3170.4</ele>
      </trkpt>
      <trkpt lat="42.82197" lon="-109.23895">
        <ele>3169.32</ele>
      </trkpt>
      <trkpt lat="42.82194" lon="-109.23888">
        <ele>3167.76</ele>
      </trkpt>
      <trkpt lat="42.82194" lon="-109.23883">
        <ele>3166.68</ele>
      </trkpt>
      <trkpt lat="42.82204" lon="-109.23874">
        <ele>3165.8</ele>
      </trkpt>
      <trkpt lat="42.82211" lon="-109.23872">
        <ele>3166.0</ele>
      </trkpt>
      <trkpt lat="42.82217" lon="-109.23866">
        <ele>3165.26</ele>
      </trkpt>
      <trkpt lat="42.82226" lon="-109.23862">
        <ele>3165.14</ele>
      </trkpt>
      <trkpt lat="42.82242" lon="-109.2386">
        <ele>3166.02</ele>
      </trkpt>
      <trkpt lat="42.82254" lon="-109.23855">
        <ele>3166.92</ele>
      </trkpt>
      <trkpt lat="42.82263" lon="-109.23855">
        <ele>3168.08</ele>
      </trkpt>
      <trkpt lat="42.82273" lon="-109.23849">
        <ele>3168.18</ele>
      </trkpt>
      <trkpt lat="42.82273" lon="-109.23848">
        <ele>3168.07</ele>
      </trkpt>
      <trkpt lat="42.82291" lon="-109.23832">
        <ele>3168.2</ele>
      </trkpt>
      <trkpt lat="42.82299" lon="-109.23811">
        <ele>3166.88</ele>
      </trkpt>
      <trkpt lat="42.82305" lon="-109.23801">
        <ele>3166.42</ele>
      </trkpt>
      <trkpt lat="42.82315" lon="-109.23785">
        <ele>3165.82</ele>
      </trkpt>
      <trkpt lat="42.82323" lon="-109.23774">
        <ele>3166.36</ele>
      </trkpt>
      <trkpt lat="42.82348" lon="-109.2376">
        <ele>3167.08</ele>
      </trkpt>
      <trkpt lat="42.82356" lon="-109.2375">
        <ele>3167.0</ele>
      </trkpt>
      <trkpt lat="42.82363" lon="-109.23743">
        <ele>3167.05</ele>
      </trkpt>
      <trkpt lat="42.8239" lon="-109.23738">
        <ele>3167.7</ele>
      </trkpt>
      <trkpt lat="42.82411" lon="-109.2374">
        <ele>3168.0</ele>
      </trkpt>
      <trkpt lat="42.82426" lon="-109.2374">
        <ele>3168.91</ele>
      </trkpt>
      <trkpt lat="42.82433" lon="-109.23736">
        <ele>3168.12</ele>
      </trkpt>
      <trkpt lat="42.82442" lon="-109.23739">
        <ele>3167.86</ele>
      </trkpt>
      <trkpt lat="42.82493" lon="-109.23738">
        <ele>3166.7</ele>
      </trkpt>
      <trkpt lat="42.82504" lon="-109.23745">
        <ele>3166.77</ele>
      </trkpt>
      <trkpt lat="42.82537" lon="-109.23746">
        <ele>3166.57</ele>
      </trkpt>
      <trkpt lat="42.82556" lon="-109.2374">
        <ele>3165.92</ele>
      </trkpt>
      <trkpt lat="42.82585" lon="-109.23739">
        <ele>3165.81</ele>
      </trkpt>
      <trkpt lat="42.82612" lon="-109.23729">
        <ele>3164.73</ele>
      </trkpt>
      <trkpt lat="42.82625" lon="-109.23713">
        <ele>3163.0</ele>
      </trkpt>
      <trkpt lat="42.82643" lon="-109.2371">
        <ele>3164.0</ele>
      </trkpt>
      <trkpt lat="42.8265" lon="-109.23708">
        <ele>3164.2</ele>
      </trkpt>
      <trkpt lat="42.82656" lon="-109.23702">
        <ele>3164.85</ele>
      </trkpt>
      <trkpt lat="42.8267" lon="-109.23693">
        <ele>3165.36</ele>
      </trkpt>
      <trkpt lat="42.82684" lon="-109.23667">
        <ele>3166.0</ele>
      </trkpt>
      <trkpt lat="42.82684" lon="-109.23663">
        <ele>3166.0</ele>
      </trkpt>
      <trkpt lat="42.82693" lon="-109.23635">
        <ele>3167.35</ele>
      </trkpt>
      <trkpt lat="42.82702" lon="-109.23613">
        <ele>3168.65</ele>
      </trkpt>
      <trkpt lat="42.82708" lon="-109.23604">
        <ele>3169.36</ele>
      </trkpt>
      <trkpt lat="42.82734" lon="-109.23484">
        <ele>3171.0</ele>
      </trkpt>
      <trkpt lat="42.82737" lon="-109.23451">
        <ele>3171.0</ele>
      </trkpt>
      <trkpt lat="42.82723" lon="-109.23408">
        <ele>3171.08</ele>
      </trkpt>
      <trkpt lat="42.82722" lon="-109.23396">
        <ele>3171.0</ele>
      </trkpt>
      <trkpt lat="42.8272" lon="-109.23387">
        <ele>3171.16</ele>
      </trkpt>
      <trkpt lat="42.82712" lon="-109.23368">
        <ele>3170.9</ele>
      </trkpt>
      <trkpt lat="42.82707" lon="-109.23339">
        <ele>3170.61</ele>
      </trkpt>
      <trkpt lat="42.8271" lon="-109.23328">
        <ele>3171.0</ele>
      </trkpt>
      <trkpt lat="42.82718" lon="-109.23308">
        <ele>3171.54</ele>
      </trkpt>
      <trkpt lat="42.8272" lon="-109.23302">
        <ele>3171.76</ele>
      </trkpt>
      <trkpt lat="42.82727" lon="-109.23285">
        <ele>3172.0</ele>
      </trkpt>
      <trkpt lat="42.82732" lon="-109.23274">
        <ele>3172.0</ele>
      </trkpt>
      <trkpt lat="42.82734" lon="-109.23265">
        <ele>3172.0</ele>
      </trkpt>
      <trkpt lat="42.82737" lon="-109.23261">
        <ele>3172.0</ele>
      </trkpt>
      <trkpt lat="42.82739" lon="-109.2325">
        <ele>3172.0</ele>
      </trkpt>
      <trkpt lat="42.82755" lon="-109.23236">
        <ele>3173.0</ele>
      </trkpt>
      <trkpt lat="42.82757" lon="-109.23226">
        <ele>3173.0</ele>
      </trkpt>
      <trkpt lat="42.82762" lon="-109.23218">
        <ele>3173.3</ele>
      </trkpt>
      <trkpt lat="42.82764" lon="-109.23193">
        <ele>3174.0</ele>
      </trkpt>
      <trkpt lat="42.82778" lon="-109.2316">
        <ele>3175.02</ele>
      </trkpt>
      <trkpt lat="42.82779" lon="-109.23152">
        <ele>3174.55</ele>
      </trkpt>
      <trkpt lat="42.82783" lon="-109.2314">
        <ele>3174.56</ele>
      </trkpt>
      <trkpt lat="42.82785" lon="-109.23134">
        <ele>3174.78</ele>
      </trkpt>
      <trkpt lat="42.82786" lon="-109.23128">
        <ele>3174.73</ele>
      </trkpt>
      <trkpt lat="42.82788" lon="-109.23122">
        <ele>3174.28</ele>
      </trkpt>
      <trkpt lat="42.8279" lon="-109.23118">
        <ele>3174.32</ele>
      </trkpt>
      <trkpt lat="42.82792" lon="-109.23105">
        <ele>3173.88</ele>
      </trkpt>
      <trkpt lat="42.82794" lon="-109.23099">
        <ele>3173.52</ele>
      </trkpt>
      <trkpt lat="42.82796" lon="-109.23093">
        <ele>3173.04</ele>
      </trkpt>
      <trkpt lat="42.82799" lon="-109.23088">
        <ele>3173.44</ele>
      </trkpt>
      <trkpt lat="42.82801" lon="-109.23085">
        <ele>3173.6</ele>
      </trkpt>
      <trkpt lat="42.82805" lon="-109.23079">
        <ele>3173.47</ele>
      </trkpt>
      <trkpt lat="42.82807" lon="-109.23073">
        <ele>3173.04</ele>
      </trkpt>
      <trkpt lat="42.82809" lon="-109.23067">
        <ele>3172.61</ele>
      </trkpt>
      <trkpt lat="42.82811" lon="-109.23061">
        <ele>3172.18</ele>
      </trkpt>
      <trkpt lat="42.82814" lon="-109.23055">
        <ele>3171.91</ele>
      </trkpt>
      <trkpt lat="42.82815" lon="-109.23052">
        <ele>3172.03</ele>
      </trkpt>
      <trkpt lat="42.82817" lon="-109.23042">
        <ele>3171.77</ele>
      </trkpt>
      <trkpt lat="42.82819" lon="-109.23036">
        <ele>3171.4</ele>
      </trkpt>
      <trkpt lat="42.82821" lon="-109.2303">
        <ele>3171.16</ele>
      </trkpt>
      <trkpt lat="42.82824" lon="-109.23025">
        <ele>3171.0</ele>
      </trkpt>
      <trkpt lat="42.82824" lon="-109.23024">
        <ele>3171.0</ele>
      </trkpt>
      <trkpt lat="42.82827" lon="-109.23008">
        <ele>3170.91</ele>
      </trkpt>
      <trkpt lat="42.8283" lon="-109.23002">
        <ele>3170.72</ele>
      </trkpt>
      <trkpt lat="42.82832" lon="-109.22997">
        <ele>3170.86</ele>
      </trkpt>
      <trkpt lat="42.82834" lon="-109.22991">
        <ele>3171.0</ele>
      </trkpt>
      <trkpt lat="42.82836" lon="-109.22984">
        <ele>3170.48</ele>
      </trkpt>
      <trkpt lat="42.82836" lon="-109.22982">
        <ele>3170.33</ele>
      </trkpt>
      <trkpt lat="42.82838" lon="-109.22971">
        <ele>3170.0</ele>
      </trkpt>
      <trkpt lat="42.8284" lon="-109.22965">
        <ele>3170.0</ele>
      </trkpt>
      <trkpt lat="42.82842" lon="-109.22961">
        <ele>3170.0</ele>
      </trkpt>
      <trkpt lat="42.8285" lon="-109.22947">
        <ele>3170.0</ele>
      </trkpt>
      <trkpt lat="42.82856" lon="-109.2294">
        <ele>3170.0</ele>
      </trkpt>
      <trkpt lat="42.82862" lon="-109.22936">
        <ele>3170.01</ele>
      </trkpt>
      <trkpt lat="42.82866" lon="-109.22929">
        <ele>3170.0</ele>
      </trkpt>
      <trkpt lat="42.82873" lon="-109.22923">
        <ele>3170.0</ele>
      </trkpt>
      <trkpt lat="42.82879" lon="-109.22911">
        <ele>3170.0</ele>
      </trkpt>
      <trkpt lat="42.82892" lon="-109.22891">
        <ele>3170.0</ele>
      </trkpt>
      <trkpt lat="42.82898" lon="-109.22886">
        <ele>3170.0</ele>
      </trkpt>
      <trkpt lat="42.82902" lon="-109.22882">
        <ele>3170.0</ele>
      </trkpt>
      <trkpt lat="42.82907" lon="-109.2288">
        <ele>3170.0</ele>
      </trkpt>
      <trkpt lat="42.82911" lon="-109.22879">
        <ele>3170.0</ele>
      </trkpt>
      <trkpt lat="42.82915" lon="-109.22876">
        <ele>3170.0</ele>
      </trkpt>
      <trkpt lat="42.82922" lon="-109.22866">
        <ele>3170.0</ele>
      </trkpt>
      <trkpt lat="42.82925" lon="-109.22861">
        <ele>3170.0</ele>
      </trkpt>
      <trkpt lat="42.82927" lon="-109.22856">
        <ele>3170.0</ele>
      </trkpt>
      <trkpt lat="42.82929" lon="-109.2285">
        <ele>3170.0</ele>
      </trkpt>
      <trkpt lat="42.8293" lon="-109.22845">
        <ele>3170.0</ele>
      </trkpt>
      <trkpt lat="42.82932" lon="-109.22835">
        <ele>3170.0</ele>
      </trkpt>
      <trkpt lat="42.82935" lon="-109.22831">
        <ele>3170.0</ele>
      </trkpt>
      <trkpt lat="42.82939" lon="-109.22827">
        <ele>3170.0</ele>
      </trkpt>
      <trkpt lat="42.82943" lon="-109.22824">
        <ele>3170.0</ele>
      </trkpt>
      <trkpt lat="42.82947" lon="-109.22821">
        <ele>3170.0</ele>
      </trkpt>
      <trkpt lat="42.82949" lon="-109.2282">
        <ele>3170.0</ele>
      </trkpt>
      <trkpt lat="42.82952" lon="-109.22816">
        <ele>3170.0</ele>
      </trkpt>
      <trkpt lat="42.82954" lon="-109.22812">
        <ele>3170.0</ele>
      </trkpt>
      <trkpt lat="42.82955" lon="-109.22808">
        <ele>3170.0</ele>
      </trkpt>
      <trkpt lat="42.82965" lon="-109.22795">
        <ele>3170.19</ele>
      </trkpt>
      <trkpt lat="42.82969" lon="-109.2279">
        <ele>3170.21</ele>
      </trkpt>
      <trkpt lat="42.82972" lon="-109.22786">
        <ele>3170.0</ele>
      </trkpt>
      <trkpt lat="42.82974" lon="-109.22782">
        <ele>3170.19</ele>
      </trkpt>
      <trkpt lat="42.82977" lon="-109.22776">
        <ele>3170.42</ele>
      </trkpt>
      <trkpt lat="42.82981" lon="-109.22771">
        <ele>3170.25</ele>
      </trkpt>
      <trkpt lat="42.82984" lon="-109.22767">
        <ele>3170.27</ele>
      </trkpt>
      <trkpt lat="42.82988" lon="-109.22762">
        <ele>3170.7</ele>
      </trkpt>
      <trkpt lat="42.82989" lon="-109.22761">
        <ele>3170.81</ele>
      </trkpt>
      <trkpt lat="42.82999" lon="-109.22755">
        <ele>3170.95</ele>
      </trkpt>
      <trkpt lat="42.83004" lon="-109.22752">
        <ele>3171.0</ele>
      </trkpt>
      <trkpt lat="42.83008" lon="-109.22749">
        <ele>3170.99</ele>
      </trkpt>
      <trkpt lat="42.83012" lon="-109.22745">
        <ele>3171.0</ele>
      </trkpt>
      <trkpt lat="42.83013" lon="-109.22744">
        <ele>3171.0</ele>
      </trkpt>
      <trkpt lat="42.83021" lon="-109.22735">
        <ele>3171.0</ele>
      </trkpt>
      <trkpt lat="42.83025" lon="-109.22731">
        <ele>3171.0</ele>
      </trkpt>
      <trkpt lat="42.8303" lon="-109.22728">
        <ele>3171.0</ele>
      </trkpt>
      <trkpt lat="42.83032" lon="-109.22726">
        <ele>3171.0</ele>
      </trkpt>
      <trkpt lat="42.83046" lon="-109.22724">
        <ele>3171.0</ele>
      </trkpt>
      <trkpt lat="42.8305" lon="-109.22722">
        <ele>3171.0</ele>
      </trkpt>
      <trkpt lat="42.83054" lon="-109.22718">
        <ele>3171.0</ele>
      </trkpt>
      <trkpt lat="42.83058" lon="-109.22714">
        <ele>3171.0</ele>
      </trkpt>
      <trkpt lat="42.83063" lon="-109.22712">
        <ele>3171.0</ele>
      </trkpt>
      <trkpt lat="42.83065" lon="-109.22711">
        <ele>3171.0</ele>
      </trkpt>
      <trkpt lat="42.83071" lon="-109.22709">
        <ele>3171.0</ele>
      </trkpt>
      <trkpt lat="42.83074" lon="-109.22705">
        <ele>3171.0</ele>
      </trkpt>
      <trkpt lat="42.83077" lon="-109.22701">
        <ele>3171.0</ele>
      </trkpt>
      <trkpt lat="42.8308" lon="-109.22696">
        <ele>3171.0</ele>
      </trkpt>
      <trkpt lat="42.83082" lon="-109.22694">
        <ele>3170.96</ele>
      </trkpt>
      <trkpt lat="42.83085" lon="-109.22687">
        <ele>3170.2</ele>
      </trkpt>
      <trkpt lat="42.83089" lon="-109.22683">
        <ele>3170.0</ele>
      </trkpt>
      <trkpt lat="42.83092" lon="-109.22678">
        <ele>3170.0</ele>
      </trkpt>
      <trkpt lat="42.83092" lon="-109.22677">
        <ele>3170.0</ele>
      </trkpt>
      <trkpt lat="42.83096" lon="-109.22662">
        <ele>3170.0</ele>
      </trkpt>
      <trkpt lat="42.83098" lon="-109.22659">
        <ele>3170.0</ele>
      </trkpt>
      <trkpt lat="42.83099" lon="-109.22657">
        <ele>3170.01</ele>
      </trkpt>
      <trkpt lat="42.83102" lon="-109.22645">
        <ele>3170.0</ele>
      </trkpt>
      <trkpt lat="42.83113" lon="-109.22636">
        <ele>3169.69</ele>
      </trkpt>
      <trkpt lat="42.83118" lon="-109.22628">
        <ele>3169.0</ele>
      </trkpt>
      <trkpt lat="42.83126" lon="-109.22619">
        <ele>3168.85</ele>
      </trkpt>
      <trkpt lat="42.83129" lon="-109.22608">
        <ele>3167.69</ele>
      </trkpt>
      <trkpt lat="42.8314" lon="-109.22596">
        <ele>3166.25</ele>
      </trkpt>
      <trkpt lat="42.83141" lon="-109.22572">
        <ele>3163.6</ele>
      </trkpt>
      <trkpt lat="42.83149" lon="-109.22555">
        <ele>3161.85</ele>
      </trkpt>
      <trkpt lat="42.83146" lon="-109.22541">
        <ele>3160.43</ele>
      </trkpt>
      <trkpt lat="42.83146" lon="-109.22535">
        <ele>3159.78</ele>
      </trkpt>
      <trkpt lat="42.8315" lon="-109.22531">
        <ele>3159.35</ele>
      </trkpt>
      <trkpt lat="42.83153" lon="-109.22526">
        <ele>3158.81</ele>
      </trkpt>
      <trkpt lat="42.83154" lon="-109.2252">
        <ele>3158.16</ele>
      </trkpt>
      <trkpt lat="42.83153" lon="-109.22513">
        <ele>3157.4</ele>
      </trkpt>
      <trkpt lat="42.83153" lon="-109.22513">
        <ele>3157.4</ele>
      </trkpt>
      <trkpt lat="42.83153" lon="-109.22493">
        <ele>3155.24</ele>
      </trkpt>
      <trkpt lat="42.83151" lon="-109.22487">
        <ele>3154.6</ele>
      </trkpt>
      <trkpt lat="42.83151" lon="-109.2248">
        <ele>3153.84</ele>
      </trkpt>
      <trkpt lat="42.83152" lon="-109.22473">
        <ele>3153.08</ele>
      </trkpt>
      <trkpt lat="42.83152" lon="-109.22471">
        <ele>3152.87</ele>
      </trkpt>
      <trkpt lat="42.83151" lon="-109.22467">
        <ele>3152.44</ele>
      </trkpt>
      <trkpt lat="42.83149" lon="-109.22461">
        <ele>3151.79</ele>
      </trkpt>
      <trkpt lat="42.83144" lon="-109.22459">
        <ele>3152.02</ele>
      </trkpt>
      <trkpt lat="42.8314" lon="-109.22455">
        <ele>3152.02</ele>
      </trkpt>
      <trkpt lat="42.8314" lon="-109.22454">
        <ele>3151.91</ele>
      </trkpt>
      <trkpt lat="42.83141" lon="-109.22451">
        <ele>3151.55</ele>
      </trkpt>
      <trkpt lat="42.83144" lon="-109.22446">
        <ele>3151.08</ele>
      </trkpt>
      <trkpt lat="42.83147" lon="-109.22442">
        <ele>3150.74</ele>
      </trkpt>
      <trkpt lat="42.83151" lon="-109.22438">
        <ele>3150.0</ele>
      </trkpt>
      <trkpt lat="42.83152" lon="-109.22438">
        <ele>3149.89</ele>
      </trkpt>
      <trkpt lat="42.83159" lon="-109.22434">
        <ele>3148.87</ele>
      </trkpt>
      <trkpt lat="42.83163" lon="-109.2243">
        <ele>3148.44</ele>
      </trkpt>
      <trkpt lat="42.83167" lon="-109.22428">
        <ele>3148.22</ele>
      </trkpt>
      <trkpt lat="42.83171" lon="-109.22426">
        <ele>3148.01</ele>
      </trkpt>
      <trkpt lat="42.83173" lon="-109.22423">
        <ele>3147.68</ele>
      </trkpt>
      <trkpt lat="42.83173" lon="-109.22419">
        <ele>3147.25</ele>
      </trkpt>
      <trkpt lat="42.8317" lon="-109.22413">
        <ele>3146.46</ele>
      </trkpt>
      <trkpt lat="42.83167" lon="-109.22409">
        <ele>3146.14</ele>
      </trkpt>
      <trkpt lat="42.83164" lon="-109.22404">
        <ele>3145.37</ele>
      </trkpt>
      <trkpt lat="42.8316" lon="-109.224">
        <ele>3144.98</ele>
      </trkpt>
      <trkpt lat="42.83157" lon="-109.22396">
        <ele>3144.77</ele>
      </trkpt>
      <trkpt lat="42.83154" lon="-109.2239">
        <ele>3144.12</ele>
      </trkpt>
      <trkpt lat="42.83154" lon="-109.22388">
        <ele>3143.9</ele>
      </trkpt>
      <trkpt lat="42.83152" lon="-109.22362">
        <ele>3141.21</ele>
      </trkpt>
      <trkpt lat="42.83151" lon="-109.22356">
        <ele>3141.0</ele>
      </trkpt>
      <trkpt lat="42.83153" lon="-109.2235">
        <ele>3140.28</ele>
      </trkpt>
      <trkpt lat="42.83157" lon="-109.22345">
        <ele>3139.3</ele>
      </trkpt>
      <trkpt lat="42.83159" lon="-109.22344">
        <ele>3138.95</ele>
      </trkpt>
      <trkpt lat="42.83166" lon="-109.22339">
        <ele>3137.71</ele>
      </trkpt>
      <trkpt lat="42.83169" lon="-109.22334">
        <ele>3136.32</ele>
      </trkpt>
      <trkpt lat="42.83169" lon="-109.22327">
        <ele>3136.24</ele>
      </trkpt>
      <trkpt lat="42.83168" lon="-109.22321">
        <ele>3136.28</ele>
      </trkpt>
      <trkpt lat="42.83167" lon="-109.22315">
        <ele>3135.95</ele>
      </trkpt>
      <trkpt lat="42.83166" lon="-109.22313">
        <ele>3136.13</ele>
      </trkpt>
      <trkpt lat="42.83167" lon="-109.22296">
        <ele>3134.9</ele>
      </trkpt>
      <trkpt lat="42.83169" lon="-109.22291">
        <ele>3133.92</ele>
      </trkpt>
      <trkpt lat="42.83173" lon="-109.22288">
        <ele>3132.74</ele>
      </trkpt>
      <trkpt lat="42.83177" lon="-109.22285">
        <ele>3131.55</ele>
      </trkpt>
      <trkpt lat="42.83179" lon="-109.22284">
        <ele>3131.01</ele>
      </trkpt>
      <trkpt lat="42.83185" lon="-109.22281">
        <ele>3129.39</ele>
      </trkpt>
      <trkpt lat="42.83187" lon="-109.22276">
        <ele>3128.92</ele>
      </trkpt>
      <trkpt lat="42.83186" lon="-109.22269">
        <ele>3128.83</ele>
      </trkpt>
      <trkpt lat="42.83186" lon="-109.22262">
        <ele>3128.12</ele>
      </trkpt>
      <trkpt lat="42.83188" lon="-109.22257">
        <ele>3127.39</ele>
      </trkpt>
      <trkpt lat="42.8319" lon="-109.22252">
        <ele>3126.96</ele>
      </trkpt>
      <trkpt lat="42.83189" lon="-109.22224">
        <ele>3127.51</ele>
      </trkpt>
      <trkpt lat="42.83192" lon="-109.22219">
        <ele>3127.36</ele>
      </trkpt>
      <trkpt lat="42.83195" lon="-109.22214">
        <ele>3126.87</ele>
      </trkpt>
      <trkpt lat="42.83197" lon="-109.22209">
        <ele>3126.57</ele>
      </trkpt>
      <trkpt lat="42.83198" lon="-109.22203">
        <ele>3126.66</ele>
      </trkpt>
      <trkpt lat="42.83201" lon="-109.22197">
        <ele>3126.5</ele>
      </trkpt>
      <trkpt lat="42.83203" lon="-109.22191">
        <ele>3126.15</ele>
      </trkpt>
      <trkpt lat="42.83212" lon="-109.22185">
        <ele>3124.21</ele>
      </trkpt>
      <trkpt lat="42.83215" lon="-109.2218">
        <ele>3123.24</ele>
      </trkpt>
      <trkpt lat="42.83215" lon="-109.2218">
        <ele>3123.24</ele>
      </trkpt>
      <trkpt lat="42.83217" lon="-109.22168">
        <ele>3122.69</ele>
      </trkpt>
      <trkpt lat="42.83216" lon="-109.22152">
        <ele>3122.34</ele>
      </trkpt>
      <trkpt lat="42.83219" lon="-109.22143">
        <ele>3121.7</ele>
      </trkpt>
      <trkpt lat="42.83229" lon="-109.22139">
        <ele>3119.54</ele>
      </trkpt>
      <trkpt lat="42.83263" lon="-109.22107">
        <ele>3115.23</ele>
      </trkpt>
      <trkpt lat="42.83269" lon="-109.22096">
        <ele>3114.53</ele>
      </trkpt>
      <trkpt lat="42.83301" lon="-109.22078">
        <ele>3106.05</ele>
      </trkpt>
      <trkpt lat="42.83308" lon="-109.22066">
        <ele>3104.44</ele>
      </trkpt>
      <trkpt lat="42.83316" lon="-109.22062">
        <ele>3102.53</ele>
      </trkpt>
      <trkpt lat="42.83324" lon="-109.22048">
        <ele>3100.84</ele>
      </trkpt>
      <trkpt lat="42.83333" lon="-109.22043">
        <ele>3098.45</ele>
      </trkpt>
      <trkpt lat="42.83339" lon="-109.22041">
        <ele>3096.39</ele>
      </trkpt>
      <trkpt lat="42.83349" lon="-109.22047">
        <ele>3092.98</ele>
      </trkpt>
      <trkpt lat="42.83364" lon="-109.2204">
        <ele>3090.42</ele>
      </trkpt>
      <trkpt lat="42.83391" lon="-109.22">
        <ele>3084.77</ele>
      </trkpt>
      <trkpt lat="42.83404" lon="-109.21999">
        <ele>3084.35</ele>
      </trkpt>
      <trkpt lat="42.83406" lon="-109.21996">
        <ele>3083.62</ele>
      </trkpt>
      <trkpt lat="42.83406" lon="-109.21988">
        <ele>3081.5</ele>
      </trkpt>
      <trkpt lat="42.83418" lon="-109.21971">
        <ele>3077.99</ele>
      </trkpt>
      <trkpt lat="42.83427" lon="-109.21967">
        <ele>3077.87</ele>
      </trkpt>
      <trkpt lat="42.83432" lon="-109.21946">
        <ele>3074.8</ele>
      </trkpt>
      <trkpt lat="42.83458" lon="-109.21926">
        <ele>3071.02</ele>
      </trkpt>
      <trkpt lat="42.83469" lon="-109.21924">
        <ele>3071.24</ele>
      </trkpt>
      <trkpt lat="42.83472" lon="-109.2192">
        <ele>3070.7</ele>
      </trkpt>
      <trkpt lat="42.83473" lon="-109.21914">
        <ele>3069.51</ele>
      </trkpt>
      <trkpt lat="42.83476" lon="-109.21909">
        <ele>3068.75</ele>
      </trkpt>
      <trkpt lat="42.83478" lon="-109.21907">
        <ele>3068.54</ele>
      </trkpt>
      <trkpt lat="42.83482" lon="-109.21898">
        <ele>3067.02</ele>
      </trkpt>
      <trkpt lat="42.83483" lon="-109.21895">
        <ele>3066.48</ele>
      </trkpt>
      <trkpt lat="42.83488" lon="-109.21894">
        <ele>3066.81</ele>
      </trkpt>
      <trkpt lat="42.83494" lon="-109.21891">
        <ele>3066.46</ele>
      </trkpt>
      <trkpt lat="42.83502" lon="-109.21881">
        <ele>3065.18</ele>
      </trkpt>
      <trkpt lat="42.83502" lon="-109.21881">
        <ele>3065.18</ele>
      </trkpt>
      <trkpt lat="42.83508" lon="-109.21871">
        <ele>3063.94</ele>
      </trkpt>
      <trkpt lat="42.83512" lon="-109.21867">
        <ele>3063.38</ele>
      </trkpt>
      <trkpt lat="42.83517" lon="-109.21866">
        <ele>3063.45</ele>
      </trkpt>
      <trkpt lat="42.83521" lon="-109.21865">
        <ele>3063.53</ele>
      </trkpt>
      <trkpt lat="42.83526" lon="-109.21865">
        <ele>3063.76</ele>
      </trkpt>
      <trkpt lat="42.83526" lon="-109.21865">
        <ele>3063.76</ele>
      </trkpt>
      <trkpt lat="42.83545" lon="-109.21866">
        <ele>3064.12</ele>
      </trkpt>
      <trkpt lat="42.8355" lon="-109.21866">
        <ele>3064.06</ele>
      </trkpt>
      <trkpt lat="42.83555" lon="-109.21866">
        <ele>3064.06</ele>
      </trkpt>
      <trkpt lat="42.8356" lon="-109.21866">
        <ele>3064.06</ele>
      </trkpt>
      <trkpt lat="42.83561" lon="-109.21866">
        <ele>3064.06</ele>
      </trkpt>
      <trkpt lat="42.83568" lon="-109.21868">
        <ele>3064.23</ele>
      </trkpt>
      <trkpt lat="42.83573" lon="-109.21869">
        <ele>3063.95</ele>
      </trkpt>
      <trkpt lat="42.83577" lon="-109.21872">
        <ele>3064.3</ele>
      </trkpt>
      <trkpt lat="42.83581" lon="-109.21875">
        <ele>3064.63</ele>
      </trkpt>
      <trkpt lat="42.83585" lon="-109.21877">
        <ele>3064.72</ele>
      </trkpt>
      <trkpt lat="42.8359" lon="-109.21877">
        <ele>3064.72</ele>
      </trkpt>
      <trkpt lat="42.83595" lon="-109.21876">
        <ele>3064.35</ele>
      </trkpt>
      <trkpt lat="42.83595" lon="-109.21876">
        <ele>3064.35</ele>
      </trkpt>
      <trkpt lat="42.83601" lon="-109.2187">
        <ele>3063.05</ele>
      </trkpt>
      <trkpt lat="42.83605" lon="-109.21867">
        <ele>3062.51</ele>
      </trkpt>
      <trkpt lat="42.83606" lon="-109.21861">
        <ele>3061.53</ele>
      </trkpt>
      <trkpt lat="42.8361" lon="-109.21856">
        <ele>3060.5</ele>
      </trkpt>
      <trkpt lat="42.8361" lon="-109.21856">
        <ele>3060.5</ele>
      </trkpt>
      <trkpt lat="42.83617" lon="-109.21856">
        <ele>3060.1</ele>
      </trkpt>
      <trkpt lat="42.83622" lon="-109.21858">
        <ele>3060.15</ele>
      </trkpt>
      <trkpt lat="42.83626" lon="-109.2186">
        <ele>3060.15</ele>
      </trkpt>
      <trkpt lat="42.83631" lon="-109.21863">
        <ele>3060.09</ele>
      </trkpt>
      <trkpt lat="42.83632" lon="-109.21864">
        <ele>3060.14</ele>
      </trkpt>
      <trkpt lat="42.8364" lon="-109.21866">
        <ele>3059.94</ele>
      </trkpt>
      <trkpt lat="42.83645" lon="-109.21866">
        <ele>3059.4</ele>
      </trkpt>
      <trkpt lat="42.8365" lon="-109.21864">
        <ele>3058.56</ele>
      </trkpt>
      <trkpt lat="42.83653" lon="-109.21862">
        <ele>3058.14</ele>
      </trkpt>
      <trkpt lat="42.83657" lon="-109.21864">
        <ele>3058.33</ele>
      </trkpt>
      <trkpt lat="42.8366" lon="-109.21868">
        <ele>3058.67</ele>
      </trkpt>
      <trkpt lat="42.83664" lon="-109.21871">
        <ele>3059.07</ele>
      </trkpt>
      <trkpt lat="42.83666" lon="-109.21872">
        <ele>3059.18</ele>
      </trkpt>
      <trkpt lat="42.83671" lon="-109.21867">
        <ele>3057.97</ele>
      </trkpt>
      <trkpt lat="42.83682" lon="-109.2185">
        <ele>3054.67</ele>
      </trkpt>
      <trkpt lat="42.83688" lon="-109.21851">
        <ele>3054.54</ele>
      </trkpt>
      <trkpt lat="42.83694" lon="-109.21853">
        <ele>3054.29</ele>
      </trkpt>
      <trkpt lat="42.83703" lon="-109.2185">
        <ele>3053.8</ele>
      </trkpt>
      <trkpt lat="42.83726" lon="-109.21854">
        <ele>3053.37</ele>
      </trkpt>
      <trkpt lat="42.83739" lon="-109.21853">
        <ele>3053.12</ele>
      </trkpt>
      <trkpt lat="42.83752" lon="-109.21849">
        <ele>3052.48</ele>
      </trkpt>
      <trkpt lat="42.83764" lon="-109.21854">
        <ele>3052.23</ele>
      </trkpt>
      <trkpt lat="42.83775" lon="-109.21851">
        <ele>3051.91</ele>
      </trkpt>
      <trkpt lat="42.83779" lon="-109.21851">
        <ele>3051.78</ele>
      </trkpt>
      <trkpt lat="42.83793" lon="-109.21842">
        <ele>3049.96</ele>
      </trkpt>
      <trkpt lat="42.83804" lon="-109.21837">
        <ele>3049.07</ele>
      </trkpt>
      <trkpt lat="42.83817" lon="-109.21845">
        <ele>3049.0</ele>
      </trkpt>
      <trkpt lat="42.83835" lon="-109.21845">
        <ele>3048.26</ele>
      </trkpt>
      <trkpt lat="42.83847" lon="-109.2185">
        <ele>3048.42</ele>
      </trkpt>
      <trkpt lat="42.83854" lon="-109.21851">
        <ele>3048.21</ele>
      </trkpt>
      <trkpt lat="42.83871" lon="-109.21861">
        <ele>3049.07</ele>
      </trkpt>
      <trkpt lat="42.83883" lon="-109.21866">
        <ele>3050.36</ele>
      </trkpt>
      <trkpt lat="42.83895" lon="-109.21867">
        <ele>3051.42</ele>
      </trkpt>
      <trkpt lat="42.83904" lon="-109.21864">
        <ele>3051.31</ele>
      </trkpt>
      <trkpt lat="42.83909" lon="-109.2186">
        <ele>3050.73</ele>
      </trkpt>
      <trkpt lat="42.83919" lon="-109.21852">
        <ele>3049.75</ele>
      </trkpt>
      <trkpt lat="42.83927" lon="-109.21851">
        <ele>3048.99</ele>
      </trkpt>
      <trkpt lat="42.83932" lon="-109.2185">
        <ele>3048.87</ele>
      </trkpt>
      <trkpt lat="42.83937" lon="-109.21848">
        <ele>3048.47</ele>
      </trkpt>
      <trkpt lat="42.8394" lon="-109.21843">
        <ele>3048.02</ele>
      </trkpt>
      <trkpt lat="42.83944" lon="-109.21839">
        <ele>3047.63</ele>
      </trkpt>
      <trkpt lat="42.83944" lon="-109.21839">
        <ele>3047.63</ele>
      </trkpt>
      <trkpt lat="42.83949" lon="-109.21837">
        <ele>3047.4</ele>
      </trkpt>
      <trkpt lat="42.83953" lon="-109.21841">
        <ele>3047.83</ele>
      </trkpt>
      <trkpt lat="42.83957" lon="-109.21843">
        <ele>3048.0</ele>
      </trkpt>
      <trkpt lat="42.8396" lon="-109.21843">
        <ele>3048.0</ele>
      </trkpt>
      <trkpt lat="42.83967" lon="-109.21837">
        <ele>3047.22</ele>
      </trkpt>
      <trkpt lat="42.83971" lon="-109.21834">
        <ele>3047.01</ele>
      </trkpt>
      <trkpt lat="42.83976" lon="-109.21833">
        <ele>3046.96</ele>
      </trkpt>
      <trkpt lat="42.83978" lon="-109.21832">
        <ele>3046.86</ele>
      </trkpt>
      <trkpt lat="42.83992" lon="-109.21828">
        <ele>3046.0</ele>
      </trkpt>
      <trkpt lat="42.83996" lon="-109.21824">
        <ele>3045.99</ele>
      </trkpt>
      <trkpt lat="42.83998" lon="-109.21818">
        <ele>3045.34</ele>
      </trkpt>
      <trkpt lat="42.84001" lon="-109.21814">
        <ele>3044.81</ele>
      </trkpt>
      <trkpt lat="42.84006" lon="-109.21813">
        <ele>3044.28</ele>
      </trkpt>
      <trkpt lat="42.84006" lon="-109.21812">
        <ele>3044.24</ele>
      </trkpt>
      <trkpt lat="42.84013" lon="-109.21806">
        <ele>3044.0</ele>
      </trkpt>
      <trkpt lat="42.84016" lon="-109.21801">
        <ele>3044.0</ele>
      </trkpt>
      <trkpt lat="42.84019" lon="-109.21797">
        <ele>3044.0</ele>
      </trkpt>
      <trkpt lat="42.84022" lon="-109.21791">
        <ele>3043.78</ele>
      </trkpt>
      <trkpt lat="42.84022" lon="-109.2179">
        <ele>3043.74</ele>
      </trkpt>
      <trkpt lat="42.84029" lon="-109.21777">
        <ele>3043.0</ele>
      </trkpt>
      <trkpt lat="42.84032" lon="-109.21771">
        <ele>3043.0</ele>
      </trkpt>
      <trkpt lat="42.84033" lon="-109.21765">
        <ele>3042.62</ele>
      </trkpt>
      <trkpt lat="42.84035" lon="-109.21759">
        <ele>3042.0</ele>
      </trkpt>
      <trkpt lat="42.84038" lon="-109.21753">
        <ele>3042.0</ele>
      </trkpt>
      <trkpt lat="42.8404" lon="-109.21749">
        <ele>3041.89</ele>
      </trkpt>
      <trkpt lat="42.84046" lon="-109.21742">
        <ele>3041.14</ele>
      </trkpt>
      <trkpt lat="42.84049" lon="-109.21737">
        <ele>3041.0</ele>
      </trkpt>
      <trkpt lat="42.84052" lon="-109.21732">
        <ele>3041.0</ele>
      </trkpt>
      <trkpt lat="42.84056" lon="-109.21727">
        <ele>3041.0</ele>
      </trkpt>
      <trkpt lat="42.84056" lon="-109.21727">
        <ele>3041.0</ele>
      </trkpt>
      <trkpt lat="42.8407" lon="-109.21713">
        <ele>3040.0</ele>
      </trkpt>
      <trkpt lat="42.84074" lon="-109.2171">
        <ele>3040.0</ele>
      </trkpt>
      <trkpt lat="42.84079" lon="-109.21707">
        <ele>3039.66</ele>
      </trkpt>
      <trkpt lat="42.8408" lon="-109.21707">
        <ele>3039.59</ele>
      </trkpt>
      <trkpt lat="42.84092" lon="-109.21703">
        <ele>3039.0</ele>
      </trkpt>
      <trkpt lat="42.84096" lon="-109.21701">
        <ele>3039.0</ele>
      </trkpt>
      <trkpt lat="42.841" lon="-109.21696">
        <ele>3039.0</ele>
      </trkpt>
      <trkpt lat="42.84102" lon="-109.21692">
        <ele>3038.72</ele>
      </trkpt>
      <trkpt lat="42.84106" lon="-109.21675">
        <ele>3037.9</ele>
      </trkpt>
      <trkpt lat="42.84105" lon="-109.21673">
        <ele>3037.68</ele>
      </trkpt>
      <trkpt lat="42.84097" lon="-109.21672">
        <ele>3037.58</ele>
      </trkpt>
      <trkpt lat="42.84092" lon="-109.21671">
        <ele>3037.5</ele>
      </trkpt>
      <trkpt lat="42.84087" lon="-109.21671">
        <ele>3037.79</ele>
      </trkpt>
      <trkpt lat="42.84083" lon="-109.21672">
        <ele>3038.0</ele>
      </trkpt>
      <trkpt lat="42.84079" lon="-109.21675">
        <ele>3038.0</ele>
      </trkpt>
      <trkpt lat="42.84078" lon="-109.21675">
        <ele>3038.0</ele>
      </trkpt>
      <trkpt lat="42.84076" lon="-109.21673">
        <ele>3038.0</ele>
      </trkpt>
      <trkpt lat="42.84074" lon="-109.21667">
        <ele>3038.0</ele>
      </trkpt>
      <trkpt lat="42.84072" lon="-109.2166">
        <ele>3038.0</ele>
      </trkpt>
      <trkpt lat="42.84071" lon="-109.21656">
        <ele>3038.2</ele>
      </trkpt>
      <trkpt lat="42.84071" lon="-109.21641">
        <ele>3040.1</ele>
      </trkpt>
      <trkpt lat="42.8407" lon="-109.21635">
        <ele>3041.1</ele>
      </trkpt>
      <trkpt lat="42.84066" lon="-109.21631">
        <ele>3041.83</ele>
      </trkpt>
      <trkpt lat="42.84061" lon="-109.21631">
        <ele>3041.85</ele>
      </trkpt>
      <trkpt lat="42.84056" lon="-109.21629">
        <ele>3042.13</ele>
      </trkpt>
      <trkpt lat="42.84054" lon="-109.21624">
        <ele>3043.28</ele>
      </trkpt>
      <trkpt lat="42.84051" lon="-109.2162">
        <ele>3044.04</ele>
      </trkpt>
      <trkpt lat="42.84038" lon="-109.21618">
        <ele>3044.26</ele>
      </trkpt>
      <trkpt lat="42.84034" lon="-109.21619">
        <ele>3044.15</ele>
      </trkpt>
      <trkpt lat="42.84029" lon="-109.21618">
        <ele>3044.26</ele>
      </trkpt>
      <trkpt lat="42.84025" lon="-109.21613">
        <ele>3045.1</ele>
      </trkpt>
      <trkpt lat="42.84023" lon="-109.21611">
        <ele>3045.53</ele>
      </trkpt>
      <trkpt lat="42.84016" lon="-109.21599">
        <ele>3047.31</ele>
      </trkpt>
      <trkpt lat="42.84012" lon="-109.21595">
        <ele>3047.74</ele>
      </trkpt>
      <trkpt lat="42.84007" lon="-109.21595">
        <ele>3047.92</ele>
      </trkpt>
      <trkpt lat="42.84004" lon="-109.21595">
        <ele>3048.16</ele>
      </trkpt>
      <trkpt lat="42.84003" lon="-109.21585">
        <ele>3049.5</ele>
      </trkpt>
      <trkpt lat="42.84001" lon="-109.2158">
        <ele>3050.21</ele>
      </trkpt>
      <trkpt lat="42.84" lon="-109.21577">
        <ele>3050.68</ele>
      </trkpt>
      <trkpt lat="42.83997" lon="-109.21572">
        <ele>3051.55</ele>
      </trkpt>
      <trkpt lat="42.83993" lon="-109.2157">
        <ele>3052.2</ele>
      </trkpt>
      <trkpt lat="42.83987" lon="-109.2157">
        <ele>3052.62</ele>
      </trkpt>
      <trkpt lat="42.83983" lon="-109.21568">
        <ele>3053.2</ele>
      </trkpt>
      <trkpt lat="42.83978" lon="-109.21567">
        <ele>3053.82</ele>
      </trkpt>
      <trkpt lat="42.83975" lon="-109.21566">
        <ele>3054.35</ele>
      </trkpt>
      <trkpt lat="42.83967" lon="-109.21562">
        <ele>3055.78</ele>
      </trkpt>
      <trkpt lat="42.83953" lon="-109.21559">
        <ele>3056.88</ele>
      </trkpt>
      <trkpt lat="42.83934" lon="-109.21554">
        <ele>3058.34</ele>
      </trkpt>
      <trkpt lat="42.83917" lon="-109.21545">
        <ele>3060.28</ele>
      </trkpt>
      <trkpt lat="42.83885" lon="-109.21539">
        <ele>3062.36</ele>
      </trkpt>
      <trkpt lat="42.83834" lon="-109.21519">
        <ele>3067.84</ele>
      </trkpt>
      <trkpt lat="42.83811" lon="-109.21501">
        <ele>3071.37</ele>
      </trkpt>
      <trkpt lat="42.83797" lon="-109.21489">
        <ele>3073.19</ele>
      </trkpt>
      <trkpt lat="42.83791" lon="-109.21482">
        <ele>3073.91</ele>
      </trkpt>
      <trkpt lat="42.83787" lon="-109.21478">
        <ele>3074.37</ele>
      </trkpt>
      <trkpt lat="42.83783" lon="-109.21474">
        <ele>3074.72</ele>
      </trkpt>
      <trkpt lat="42.8378" lon="-109.21469">
        <ele>3075.0</ele>
      </trkpt>
      <trkpt lat="42.83779" lon="-109.21463">
        <ele>3075.0</ele>
      </trkpt>
      <trkpt lat="42.8378" lon="-109.21457">
        <ele>3075.64</ele>
      </trkpt>
      <trkpt lat="42.83781" lon="-109.2145">
        <ele>3076.0</ele>
      </trkpt>
      <trkpt lat="42.83783" lon="-109.21444">
        <ele>3076.05</ele>
      </trkpt>
      <trkpt lat="42.83785" lon="-109.21438">
        <ele>3076.7</ele>
      </trkpt>
      <trkpt lat="42.83788" lon="-109.21432">
        <ele>3077.34</ele>
      </trkpt>
      <trkpt lat="42.83788" lon="-109.21429">
        <ele>3077.67</ele>
      </trkpt>
      <trkpt lat="42.83793" lon="-109.2141">
        <ele>3078.72</ele>
      </trkpt>
      <trkpt lat="42.83793" lon="-109.21403">
        <ele>3079.31</ele>
      </trkpt>
      <trkpt lat="42.83793" lon="-109.21397">
        <ele>3079.69</ele>
      </trkpt>
      <trkpt lat="42.83793" lon="-109.2139">
        <ele>3079.96</ele>
      </trkpt>
      <trkpt lat="42.83792" lon="-109.21383">
        <ele>3080.64</ele>
      </trkpt>
      <trkpt lat="42.83792" lon="-109.21377">
        <ele>3081.15</ele>
      </trkpt>
      <trkpt lat="42.83794" lon="-109.21371">
        <ele>3081.7</ele>
      </trkpt>
      <trkpt lat="42.83794" lon="-109.21371">
        <ele>3081.7</ele>
      </trkpt>
      <trkpt lat="42.83793" lon="-109.21349">
        <ele>3083.31</ele>
      </trkpt>
      <trkpt lat="42.83795" lon="-109.21343">
        <ele>3083.96</ele>
      </trkpt>
      <trkpt lat="42.83794" lon="-109.21336">
        <ele>3084.54</ele>
      </trkpt>
      <trkpt lat="42.83793" lon="-109.21333">
        <ele>3084.66</ele>
      </trkpt>
      <trkpt lat="42.83793" lon="-109.21329">
        <ele>3084.81</ele>
      </trkpt>
      <trkpt lat="42.83794" lon="-109.21326">
        <ele>3084.95</ele>
      </trkpt>
      <trkpt lat="42.83795" lon="-109.21325">
        <ele>3084.99</ele>
      </trkpt>
      <trkpt lat="42.838" lon="-109.21325">
        <ele>3085.36</ele>
      </trkpt>
      <trkpt lat="42.83804" lon="-109.21323">
        <ele>3085.95</ele>
      </trkpt>
      <trkpt lat="42.83805" lon="-109.21317">
        <ele>3086.7</ele>
      </trkpt>
      <trkpt lat="42.83802" lon="-109.21312">
        <ele>3087.04</ele>
      </trkpt>
      <trkpt lat="42.83799" lon="-109.21308">
        <ele>3087.55</ele>
      </trkpt>
      <trkpt lat="42.83794" lon="-109.21304">
        <ele>3087.92</ele>
      </trkpt>
      <trkpt lat="42.8379" lon="-109.21302">
        <ele>3087.7</ele>
      </trkpt>
      <trkpt lat="42.83786" lon="-109.21301">
        <ele>3087.38</ele>
      </trkpt>
      <trkpt lat="42.83781" lon="-109.21299">
        <ele>3087.06</ele>
      </trkpt>
      <trkpt lat="42.83778" lon="-109.21296">
        <ele>3087.09</ele>
      </trkpt>
      <trkpt lat="42.83757" lon="-109.21278">
        <ele>3087.97</ele>
      </trkpt>
      <trkpt lat="42.83752" lon="-109.21275">
        <ele>3088.36</ele>
      </trkpt>
      <trkpt lat="42.83749" lon="-109.2127">
        <ele>3088.73</ele>
      </trkpt>
      <trkpt lat="42.83748" lon="-109.21269">
        <ele>3088.73</ele>
      </trkpt>
      <trkpt lat="42.83743" lon="-109.21262">
        <ele>3089.48</ele>
      </trkpt>
      <trkpt lat="42.83739" lon="-109.21258">
        <ele>3089.79</ele>
      </trkpt>
      <trkpt lat="42.83735" lon="-109.21257">
        <ele>3089.16</ele>
      </trkpt>
      <trkpt lat="42.8373" lon="-109.21256">
        <ele>3088.65</ele>
      </trkpt>
      <trkpt lat="42.83725" lon="-109.21253">
        <ele>3088.88</ele>
      </trkpt>
      <trkpt lat="42.83721" lon="-109.21249">
        <ele>3089.08</ele>
      </trkpt>
      <trkpt lat="42.83721" lon="-109.21249">
        <ele>3089.08</ele>
      </trkpt>
      <trkpt lat="42.83705" lon="-109.21229">
        <ele>3091.68</ele>
      </trkpt>
      <trkpt lat="42.83702" lon="-109.21225">
        <ele>3092.34</ele>
      </trkpt>
      <trkpt lat="42.83698" lon="-109.21222">
        <ele>3093.03</ele>
      </trkpt>
      <trkpt lat="42.83693" lon="-109.21218">
        <ele>3093.37</ele>
      </trkpt>
      <trkpt lat="42.83689" lon="-109.21215">
        <ele>3093.65</ele>
      </trkpt>
      <trkpt lat="42.83689" lon="-109.21215">
        <ele>3093.65</ele>
      </trkpt>
      <trkpt lat="42.83682" lon="-109.21209">
        <ele>3094.86</ele>
      </trkpt>
      <trkpt lat="42.83678" lon="-109.21207">
        <ele>3095.29</ele>
      </trkpt>
      <trkpt lat="42.83673" lon="-109.21206">
        <ele>3095.19</ele>
      </trkpt>
      <trkpt lat="42.83671" lon="-109.21205">
        <ele>3095.19</ele>
      </trkpt>
      <trkpt lat="42.83671" lon="-109.212">
        <ele>3096.27</ele>
      </trkpt>
      <trkpt lat="42.83676" lon="-109.21198">
        <ele>3097.23</ele>
      </trkpt>
      <trkpt lat="42.83681" lon="-109.21198">
        <ele>3097.23</ele>
      </trkpt>
      <trkpt lat="42.83686" lon="-109.21198">
        <ele>3097.23</ele>
      </trkpt>
      <trkpt lat="42.83691" lon="-109.21198">
        <ele>3097.23</ele>
      </trkpt>
      <trkpt lat="42.83695" lon="-109.21197">
        <ele>3097.51</ele>
      </trkpt>
      <trkpt lat="42.83702" lon="-109.21193">
        <ele>3099.13</ele>
      </trkpt>
      <trkpt lat="42.83707" lon="-109.2119">
        <ele>3099.96</ele>
      </trkpt>
      <trkpt lat="42.83711" lon="-109.21187">
        <ele>3100.61</ele>
      </trkpt>
      <trkpt lat="42.83716" lon="-109.21185">
        <ele>3101.04</ele>
      </trkpt>
      <trkpt lat="42.83721" lon="-109.21182">
        <ele>3101.69</ele>
      </trkpt>
      <trkpt lat="42.83726" lon="-109.21181">
        <ele>3102.31</ele>
      </trkpt>
      <trkpt lat="42.83731" lon="-109.2118">
        <ele>3103.07</ele>
      </trkpt>
      <trkpt lat="42.83731" lon="-109.2118">
        <ele>3103.07</ele>
      </trkpt>
      <trkpt lat="42.83741" lon="-109.21174">
        <ele>3104.44</ele>
      </trkpt>
      <trkpt lat="42.83745" lon="-109.2117">
        <ele>3105.74</ele>
      </trkpt>
      <trkpt lat="42.8375" lon="-109.21167">
        <ele>3106.93</ele>
      </trkpt>
      <trkpt lat="42.83754" lon="-109.21165">
        <ele>3107.26</ele>
      </trkpt>
      <trkpt lat="42.83758" lon="-109.21161">
        <ele>3108.14</ele>
      </trkpt>
      <trkpt lat="42.83763" lon="-109.21159">
        <ele>3108.73</ele>
      </trkpt>
      <trkpt lat="42.83767" lon="-109.21157">
        <ele>3109.08</ele>
      </trkpt>
      <trkpt lat="42.83768" lon="-109.21157">
        <ele>3109.09</ele>
      </trkpt>
      <trkpt lat="42.83777" lon="-109.21152">
        <ele>3111.08</ele>
      </trkpt>
      <trkpt lat="42.83782" lon="-109.21148">
        <ele>3112.02</ele>
      </trkpt>
      <trkpt lat="42.83787" lon="-109.21145">
        <ele>3112.68</ele>
      </trkpt>
      <trkpt lat="42.83791" lon="-109.21143">
        <ele>3113.11</ele>
      </trkpt>
      <trkpt lat="42.83796" lon="-109.21141">
        <ele>3113.54</ele>
      </trkpt>
      <trkpt lat="42.838" lon="-109.2114">
        <ele>3113.81</ele>
      </trkpt>
      <trkpt lat="42.83806" lon="-109.21139">
        <ele>3113.99</ele>
      </trkpt>
      <trkpt lat="42.83807" lon="-109.21139">
        <ele>3113.99</ele>
      </trkpt>
      <trkpt lat="42.83821" lon="-109.21136">
        <ele>3114.62</ele>
      </trkpt>
      <trkpt lat="42.83826" lon="-109.21135">
        <ele>3114.84</ele>
      </trkpt>
      <trkpt lat="42.83831" lon="-109.21134">
        <ele>3115.06</ele>
      </trkpt>
      <trkpt lat="42.83836" lon="-109.21133">
        <ele>3115.09</ele>
      </trkpt>
      <trkpt lat="42.8384" lon="-109.21129">
        <ele>3115.4</ele>
      </trkpt>
      <trkpt lat="42.83844" lon="-109.21126">
        <ele>3115.78</ele>
      </trkpt>
      <trkpt lat="42.83844" lon="-109.21126">
        <ele>3115.78</ele>
      </trkpt>
      <trkpt lat="42.83859" lon="-109.21121">
        <ele>3116.86</ele>
      </trkpt>
      <trkpt lat="42.83864" lon="-109.21119">
        <ele>3116.88</ele>
      </trkpt>
      <trkpt lat="42.83868" lon="-109.21117">
        <ele>3116.89</ele>
      </trkpt>
      <trkpt lat="42.83873" lon="-109.21115">
        <ele>3117.16</ele>
      </trkpt>
      <trkpt lat="42.83878" lon="-109.21114">
        <ele>3117.38</ele>
      </trkpt>
      <trkpt lat="42.83883" lon="-109.21113">
        <ele>3117.59</ele>
      </trkpt>
      <trkpt lat="42.83887" lon="-109.21112">
        <ele>3117.81</ele>
      </trkpt>
      <trkpt lat="42.83901" lon="-109.21104">
        <ele>3118.77</ele>
      </trkpt>
      <trkpt lat="42.83906" lon="-109.21102">
        <ele>3118.98</ele>
      </trkpt>
      <trkpt lat="42.8391" lon="-109.211">
        <ele>3119.4</ele>
      </trkpt>
      <trkpt lat="42.83915" lon="-109.21098">
        <ele>3119.83</ele>
      </trkpt>
      <trkpt lat="42.8392" lon="-109.21097">
        <ele>3120.05</ele>
      </trkpt>
      <trkpt lat="42.83924" lon="-109.21095">
        <ele>3120.48</ele>
      </trkpt>
      <trkpt lat="42.83928" lon="-109.21092">
        <ele>3121.06</ele>
      </trkpt>
      <trkpt lat="42.8393" lon="-109.21091">
        <ele>3121.17</ele>
      </trkpt>
      <trkpt lat="42.83946" lon="-109.21079">
        <ele>3122.86</ele>
      </trkpt>
      <trkpt lat="42.83949" lon="-109.21074">
        <ele>3123.52</ele>
      </trkpt>
      <trkpt lat="42.83952" lon="-109.21069">
        <ele>3124.18</ele>
      </trkpt>
      <trkpt lat="42.83956" lon="-109.21064">
        <ele>3125.15</ele>
      </trkpt>
      <trkpt lat="42.83959" lon="-109.21061">
        <ele>3125.59</ele>
      </trkpt>
      <trkpt lat="42.83964" lon="-109.21057">
        <ele>3125.83</ele>
      </trkpt>
      <trkpt lat="42.83965" lon="-109.21056">
        <ele>3125.94</ele>
      </trkpt>
      <trkpt lat="42.83976" lon="-109.21047">
        <ele>3126.89</ele>
      </trkpt>
      <trkpt lat="42.83981" lon="-109.21044">
        <ele>3127.26</ele>
      </trkpt>
      <trkpt lat="42.83985" lon="-109.21043">
        <ele>3127.11</ele>
      </trkpt>
      <trkpt lat="42.8399" lon="-109.21041">
        <ele>3127.18</ele>
      </trkpt>
      <trkpt lat="42.83994" lon="-109.21038">
        <ele>3127.44</ele>
      </trkpt>
      <trkpt lat="42.83999" lon="-109.21035">
        <ele>3127.55</ele>
      </trkpt>
      <trkpt lat="42.84002" lon="-109.21032">
        <ele>3128.09</ele>
      </trkpt>
      <trkpt lat="42.84" lon="-109.21031">
        <ele>3128.3</ele>
      </trkpt>
      <trkpt lat="42.83995" lon="-109.21032">
        <ele>3128.63</ele>
      </trkpt>
      <trkpt lat="42.8399" lon="-109.21031">
        <ele>3129.3</ele>
      </trkpt>
      <trkpt lat="42.83986" lon="-109.21027">
        <ele>3130.17</ele>
      </trkpt>
      <trkpt lat="42.83982" lon="-109.21025">
        <ele>3130.6</ele>
      </trkpt>
      <trkpt lat="42.83977" lon="-109.21022">
        <ele>3131.43</ele>
      </trkpt>
      <trkpt lat="42.83973" lon="-109.21021">
        <ele>3131.71</ele>
      </trkpt>
      <trkpt lat="42.83972" lon="-109.21021">
        <ele>3131.75</ele>
      </trkpt>
      <trkpt lat="42.83959" lon="-109.21017">
        <ele>3133.23</ele>
      </trkpt>
      <trkpt lat="42.83954" lon="-109.21015">
        <ele>3133.75</ele>
      </trkpt>
      <trkpt lat="42.8395" lon="-109.21013">
        <ele>3134.35</ele>
      </trkpt>
      <trkpt lat="42.83945" lon="-109.21012">
        <ele>3134.69</ele>
      </trkpt>
      <trkpt lat="42.8394" lon="-109.21011">
        <ele>3135.2</ele>
      </trkpt>
      <trkpt lat="42.83935" lon="-109.2101">
        <ele>3135.84</ele>
      </trkpt>
      <trkpt lat="42.83932" lon="-109.21009">
        <ele>3136.06</ele>
      </trkpt>
      <trkpt lat="42.83924" lon="-109.21008">
        <ele>3136.48</ele>
      </trkpt>
      <trkpt lat="42.8392" lon="-109.21003">
        <ele>3137.99</ele>
      </trkpt>
      <trkpt lat="42.83916" lon="-109.21001">
        <ele>3138.78</ele>
      </trkpt>
      <trkpt lat="42.83911" lon="-109.21001">
        <ele>3138.78</ele>
      </trkpt>
      <trkpt lat="42.83907" lon="-109.21001">
        <ele>3138.82</ele>
      </trkpt>
      <trkpt lat="42.83904" lon="-109.21001">
        <ele>3139.11</ele>
      </trkpt>
      <trkpt lat="42.83894" lon="-109.20998">
        <ele>3140.43</ele>
      </trkpt>
      <trkpt lat="42.83889" lon="-109.20998">
        <ele>3140.43</ele>
      </trkpt>
      <trkpt lat="42.83884" lon="-109.20996">
        <ele>3141.09</ele>
      </trkpt>
      <trkpt lat="42.8388" lon="-109.20995">
        <ele>3141.6</ele>
      </trkpt>
      <trkpt lat="42.83875" lon="-109.20994">
        <ele>3141.94</ele>
      </trkpt>
      <trkpt lat="42.83871" lon="-109.20994">
        <ele>3141.94</ele>
      </trkpt>
      <trkpt lat="42.8386" lon="-109.20994">
        <ele>3142.37</ele>
      </trkpt>
      <trkpt lat="42.83841" lon="-109.20992">
        <ele>3143.73</ele>
      </trkpt>
      <trkpt lat="42.83816" lon="-109.20982">
        <ele>3146.89</ele>
      </trkpt>
      <trkpt lat="42.83792" lon="-109.20965">
        <ele>3148.78</ele>
      </trkpt>
      <trkpt lat="42.83779" lon="-109.20952">
        <ele>3150.0</ele>
      </trkpt>
      <trkpt lat="42.83767" lon="-109.20947">
        <ele>3150.72</ele>
      </trkpt>
      <trkpt lat="42.83735" lon="-109.20924">
        <ele>3155.83</ele>
      </trkpt>
      <trkpt lat="42.83716" lon="-109.20915">
        <ele>3158.85</ele>
      </trkpt>
      <trkpt lat="42.83704" lon="-109.20909">
        <ele>3160.8</ele>
      </trkpt>
      <trkpt lat="42.83699" lon="-109.20906">
        <ele>3161.0</ele>
      </trkpt>
      <trkpt lat="42.83695" lon="-109.20904">
        <ele>3161.0</ele>
      </trkpt>
      <trkpt lat="42.8369" lon="-109.20902">
        <ele>3161.28</ele>
      </trkpt>
      <trkpt lat="42.83688" lon="-109.209">
        <ele>3161.56</ele>
      </trkpt>
      <trkpt lat="42.83677" lon="-109.20895">
        <ele>3163.18</ele>
      </trkpt>
      <trkpt lat="42.83673" lon="-109.2089">
        <ele>3164.51</ele>
      </trkpt>
      <trkpt lat="42.83669" lon="-109.20886">
        <ele>3165.5</ele>
      </trkpt>
      <trkpt lat="42.83666" lon="-109.20881">
        <ele>3166.14</ele>
      </trkpt>
      <trkpt lat="42.83665" lon="-109.20878">
        <ele>3166.36</ele>
      </trkpt>
      <trkpt lat="42.83661" lon="-109.20867">
        <ele>3166.86</ele>
      </trkpt>
      <trkpt lat="42.83659" lon="-109.20861">
        <ele>3166.64</ele>
      </trkpt>
      <trkpt lat="42.83657" lon="-109.20855">
        <ele>3166.43</ele>
      </trkpt>
      <trkpt lat="42.83655" lon="-109.20849">
        <ele>3166.52</ele>
      </trkpt>
      <trkpt lat="42.83655" lon="-109.20849">
        <ele>3166.52</ele>
      </trkpt>
      <trkpt lat="42.83652" lon="-109.20839">
        <ele>3166.78</ele>
      </trkpt>
      <trkpt lat="42.8365" lon="-109.20833">
        <ele>3166.6</ele>
      </trkpt>
      <trkpt lat="42.83648" lon="-109.20827">
        <ele>3167.03</ele>
      </trkpt>
      <trkpt lat="42.83644" lon="-109.20822">
        <ele>3167.9</ele>
      </trkpt>
      <trkpt lat="42.83644" lon="-109.20821">
        <ele>3167.9</ele>
      </trkpt>
      <trkpt lat="42.83636" lon="-109.20809">
        <ele>3169.62</ele>
      </trkpt>
      <trkpt lat="42.83632" lon="-109.20805">
        <ele>3170.49</ele>
      </trkpt>
      <trkpt lat="42.83628" lon="-109.20802">
        <ele>3171.35</ele>
      </trkpt>
      <trkpt lat="42.83625" lon="-109.20797">
        <ele>3172.0</ele>
      </trkpt>
      <trkpt lat="42.83622" lon="-109.20791">
        <ele>3172.65</ele>
      </trkpt>
      <trkpt lat="42.83621" lon="-109.20785">
        <ele>3172.86</ele>
      </trkpt>
      <trkpt lat="42.83621" lon="-109.2078">
        <ele>3172.86</ele>
      </trkpt>
      <trkpt lat="42.83619" lon="-109.20772">
        <ele>3172.62</ele>
      </trkpt>
      <trkpt lat="42.83616" lon="-109.20766">
        <ele>3172.94</ele>
      </trkpt>
      <trkpt lat="42.83613" lon="-109.20761">
        <ele>3173.59</ele>
      </trkpt>
      <trkpt lat="42.83611" lon="-109.20755">
        <ele>3173.56</ele>
      </trkpt>
      <trkpt lat="42.83609" lon="-109.20747">
        <ele>3173.46</ele>
      </trkpt>
      <trkpt lat="42.83608" lon="-109.2074">
        <ele>3173.59</ele>
      </trkpt>
      <trkpt lat="42.83607" lon="-109.20734">
        <ele>3173.16</ele>
      </trkpt>
      <trkpt lat="42.83607" lon="-109.20734">
        <ele>3173.16</ele>
      </trkpt>
      <trkpt lat="42.83607" lon="-109.20724">
        <ele>3172.89</ele>
      </trkpt>
      <trkpt lat="42.83606" lon="-109.20716">
        <ele>3172.43</ele>
      </trkpt>
      <trkpt lat="42.83604" lon="-109.2071">
        <ele>3172.54</ele>
      </trkpt>
      <trkpt lat="42.83604" lon="-109.20703">
        <ele>3172.46</ele>
      </trkpt>
      <trkpt lat="42.83604" lon="-109.20696">
        <ele>3171.7</ele>
      </trkpt>
      <trkpt lat="42.83605" lon="-109.2069">
        <ele>3171.0</ele>
      </trkpt>
      <trkpt lat="42.83606" lon="-109.2069">
        <ele>3170.84</ele>
      </trkpt>
      <trkpt lat="42.83607" lon="-109.20686">
        <ele>3170.48</ele>
      </trkpt>
      <trkpt lat="42.83607" lon="-109.20679">
        <ele>3170.07</ele>
      </trkpt>
      <trkpt lat="42.83609" lon="-109.20673">
        <ele>3169.14</ele>
      </trkpt>
      <trkpt lat="42.83609" lon="-109.20667">
        <ele>3168.49</ele>
      </trkpt>
      <trkpt lat="42.83609" lon="-109.2066">
        <ele>3168.46</ele>
      </trkpt>
      <trkpt lat="42.83607" lon="-109.20654">
        <ele>3168.52</ele>
      </trkpt>
      <trkpt lat="42.83605" lon="-109.20648">
        <ele>3168.31</ele>
      </trkpt>
      <trkpt lat="42.83604" lon="-109.20643">
        <ele>3168.11</ele>
      </trkpt>
      <trkpt lat="42.83608" lon="-109.20625">
        <ele>3166.5</ele>
      </trkpt>
      <trkpt lat="42.8361" lon="-109.2062">
        <ele>3166.08</ele>
      </trkpt>
      <trkpt lat="42.83614" lon="-109.20616">
        <ele>3164.9</ele>
      </trkpt>
      <trkpt lat="42.83618" lon="-109.20612">
        <ele>3163.61</ele>
      </trkpt>
      <trkpt lat="42.83621" lon="-109.20608">
        <ele>3162.93</ele>
      </trkpt>
      <trkpt lat="42.83623" lon="-109.20603">
        <ele>3162.72</ele>
      </trkpt>
      <trkpt lat="42.83631" lon="-109.20597">
        <ele>3161.7</ele>
      </trkpt>
      <trkpt lat="42.83635" lon="-109.20594">
        <ele>3160.84</ele>
      </trkpt>
      <trkpt lat="42.83638" lon="-109.2059">
        <ele>3160.45</ele>
      </trkpt>
      <trkpt lat="42.8364" lon="-109.20584">
        <ele>3160.81</ele>
      </trkpt>
      <trkpt lat="42.83642" lon="-109.20578">
        <ele>3161.43</ele>
      </trkpt>
      <trkpt lat="42.83645" lon="-109.20574">
        <ele>3162.01</ele>
      </trkpt>
      <trkpt lat="42.83649" lon="-109.2057">
        <ele>3162.48</ele>
      </trkpt>
      <trkpt lat="42.83653" lon="-109.20565">
        <ele>3163.49</ele>
      </trkpt>
      <trkpt lat="42.83658" lon="-109.20562">
        <ele>3164.41</ele>
      </trkpt>
      <trkpt lat="42.83663" lon="-109.20561">
        <ele>3165.37</ele>
      </trkpt>
      <trkpt lat="42.83667" lon="-109.20559">
        <ele>3166.07</ele>
      </trkpt>
      <trkpt lat="42.83668" lon="-109.20558">
        <ele>3166.29</ele>
      </trkpt>
      <trkpt lat="42.83675" lon="-109.20551">
        <ele>3167.85</ele>
      </trkpt>
      <trkpt lat="42.83678" lon="-109.20546">
        <ele>3168.0</ele>
      </trkpt>
      <trkpt lat="42.83681" lon="-109.2054">
        <ele>3168.0</ele>
      </trkpt>
      <trkpt lat="42.83681" lon="-109.20534">
        <ele>3168.0</ele>
      </trkpt>
      <trkpt lat="42.83679" lon="-109.20528">
        <ele>3168.0</ele>
      </trkpt>
      <trkpt lat="42.83676" lon="-109.20524">
        <ele>3168.0</ele>
      </trkpt>
      <trkpt lat="42.8367" lon="-109.2051">
        <ele>3168.92</ele>
      </trkpt>
      <trkpt lat="42.83669" lon="-109.20504">
        <ele>3169.14</ele>
      </trkpt>
      <trkpt lat="42.83668" lon="-109.20497">
        <ele>3169.47</ele>
      </trkpt>
      <trkpt lat="42.83666" lon="-109.20491">
        <ele>3169.97</ele>
      </trkpt>
      <trkpt lat="42.83663" lon="-109.20486">
        <ele>3170.31</ele>
      </trkpt>
      <trkpt lat="42.83662" lon="-109.20479">
        <ele>3170.63</ele>
      </trkpt>
      <trkpt lat="42.83661" lon="-109.20473">
        <ele>3170.95</ele>
      </trkpt>
      <trkpt lat="42.83661" lon="-109.20473">
        <ele>3170.95</ele>
      </trkpt>
      <trkpt lat="42.83658" lon="-109.20457">
        <ele>3172.71</ele>
      </trkpt>
      <trkpt lat="42.83658" lon="-109.2045">
        <ele>3173.46</ele>
      </trkpt>
      <trkpt lat="42.83661" lon="-109.20445">
        <ele>3174.33</ele>
      </trkpt>
      <trkpt lat="42.83666" lon="-109.20442">
        <ele>3175.17</ele>
      </trkpt>
      <trkpt lat="42.83671" lon="-109.20442">
        <ele>3175.73</ele>
      </trkpt>
      <trkpt lat="42.83675" lon="-109.20444">
        <ele>3175.95</ele>
      </trkpt>
      <trkpt lat="42.83681" lon="-109.20451">
        <ele>3176.0</ele>
      </trkpt>
      <trkpt lat="42.83683" lon="-109.20457">
        <ele>3175.32</ele>
      </trkpt>
      <trkpt lat="42.83685" lon="-109.20463">
        <ele>3174.95</ele>
      </trkpt>
      <trkpt lat="42.83687" lon="-109.20469">
        <ele>3173.89</ele>
      </trkpt>
      <trkpt lat="42.8369" lon="-109.20474">
        <ele>3173.33</ele>
      </trkpt>
      <trkpt lat="42.83693" lon="-109.20479">
        <ele>3173.11</ele>
      </trkpt>
      <trkpt lat="42.83696" lon="-109.20483">
        <ele>3172.98</ele>
      </trkpt>
      <trkpt lat="42.83701" lon="-109.20485">
        <ele>3173.06</ele>
      </trkpt>
      <trkpt lat="42.83705" lon="-109.20487">
        <ele>3172.89</ele>
      </trkpt>
      <trkpt lat="42.83708" lon="-109.20488">
        <ele>3172.92</ele>
      </trkpt>
      <trkpt lat="42.83717" lon="-109.20487">
        <ele>3173.4</ele>
      </trkpt>
      <trkpt lat="42.83722" lon="-109.20488">
        <ele>3173.3</ele>
      </trkpt>
      <trkpt lat="42.83726" lon="-109.2049">
        <ele>3173.49</ele>
      </trkpt>
      <trkpt lat="42.83731" lon="-109.20491">
        <ele>3173.89</ele>
      </trkpt>
      <trkpt lat="42.83736" lon="-109.2049">
        <ele>3174.08</ele>
      </trkpt>
      <trkpt lat="42.8374" lon="-109.20488">
        <ele>3174.3</ele>
      </trkpt>
      <trkpt lat="42.83744" lon="-109.20484">
        <ele>3175.08</ele>
      </trkpt>
      <trkpt lat="42.83746" lon="-109.20478">
        <ele>3176.11</ele>
      </trkpt>
      <trkpt lat="42.83746" lon="-109.20474">
        <ele>3176.73</ele>
      </trkpt>
      <trkpt lat="42.83745" lon="-109.20467">
        <ele>3177.56</ele>
      </trkpt>
      <trkpt lat="42.83741" lon="-109.20463">
        <ele>3178.0</ele>
      </trkpt>
      <trkpt lat="42.83736" lon="-109.20461">
        <ele>3178.21</ele>
      </trkpt>
      <trkpt lat="42.83732" lon="-109.20459">
        <ele>3178.43</ele>
      </trkpt>
      <trkpt lat="42.83729" lon="-109.20455">
        <ele>3178.82</ele>
      </trkpt>
      <trkpt lat="42.83725" lon="-109.2045">
        <ele>3179.68</ele>
      </trkpt>
      <trkpt lat="42.83722" lon="-109.20447">
        <ele>3180.45</ele>
      </trkpt>
      <trkpt lat="42.83719" lon="-109.20442">
        <ele>3181.26</ele>
      </trkpt>
      <trkpt lat="42.83716" lon="-109.20437">
        <ele>3181.8</ele>
      </trkpt>
      <trkpt lat="42.83713" lon="-109.20432">
        <ele>3182.69</ele>
      </trkpt>
      <trkpt lat="42.83712" lon="-109.20429">
        <ele>3183.27</ele>
      </trkpt>
      <trkpt lat="42.83712" lon="-109.20421">
        <ele>3183.95</ele>
      </trkpt>
      <trkpt lat="42.83713" lon="-109.20415">
        <ele>3184.18</ele>
      </trkpt>
      <trkpt lat="42.83716" lon="-109.20409">
        <ele>3184.83</ele>
      </trkpt>
      <trkpt lat="42.8372" lon="-109.20407">
        <ele>3185.0</ele>
      </trkpt>
      <trkpt lat="42.83723" lon="-109.20403">
        <ele>3184.92</ele>
      </trkpt>
      <trkpt lat="42.83726" lon="-109.20398">
        <ele>3184.6</ele>
      </trkpt>
      <trkpt lat="42.83729" lon="-109.20393">
        <ele>3184.67</ele>
      </trkpt>
      <trkpt lat="42.83729" lon="-109.20393">
        <ele>3184.67</ele>
      </trkpt>
      <trkpt lat="42.83735" lon="-109.20389">
        <ele>3184.99</ele>
      </trkpt>
      <trkpt lat="42.83739" lon="-109.20387">
        <ele>3185.2</ele>
      </trkpt>
      <trkpt lat="42.83744" lon="-109.20384">
        <ele>3185.53</ele>
      </trkpt>
      <trkpt lat="42.83747" lon="-109.20379">
        <ele>3186.05</ele>
      </trkpt>
      <trkpt lat="42.8375" lon="-109.20374">
        <ele>3186.61</ele>
      </trkpt>
      <trkpt lat="42.83752" lon="-109.20368">
        <ele>3187.42</ele>
      </trkpt>
      <trkpt lat="42.83754" lon="-109.20363">
        <ele>3187.88</ele>
      </trkpt>
      <trkpt lat="42.83755" lon="-109.20357">
        <ele>3188.24</ele>
      </trkpt>
      <trkpt lat="42.83755" lon="-109.2035">
        <ele>3188.65</ele>
      </trkpt>
      <trkpt lat="42.83758" lon="-109.20345">
        <ele>3189.5</ele>
      </trkpt>
      <trkpt lat="42.83762" lon="-109.20337">
        <ele>3190.3</ele>
      </trkpt>
      <trkpt lat="42.83763" lon="-109.20333">
        <ele>3190.42</ele>
      </trkpt>
      <trkpt lat="42.83766" lon="-109.20324">
        <ele>3191.46</ele>
      </trkpt>
      <trkpt lat="42.83772" lon="-109.20308">
        <ele>3192.75</ele>
      </trkpt>
      <trkpt lat="42.83775" lon="-109.20284">
        <ele>3192.3</ele>
      </trkpt>
      <trkpt lat="42.83781" lon="-109.20267">
        <ele>3192.53</ele>
      </trkpt>
      <trkpt lat="42.83785" lon="-109.20263">
        <ele>3192.96</ele>
      </trkpt>
      <trkpt lat="42.83788" lon="-109.20257">
        <ele>3193.18</ele>
      </trkpt>
      <trkpt lat="42.8379" lon="-109.20252">
        <ele>3193.39</ele>
      </trkpt>
      <trkpt lat="42.83793" lon="-109.20246">
        <ele>3193.49</ele>
      </trkpt>
      <trkpt lat="42.83795" lon="-109.2024">
        <ele>3193.65</ele>
      </trkpt>
      <trkpt lat="42.83797" lon="-109.20234">
        <ele>3193.4</ele>
      </trkpt>
      <trkpt lat="42.83798" lon="-109.20231">
        <ele>3193.36</ele>
      </trkpt>
      <trkpt lat="42.83802" lon="-109.20222">
        <ele>3193.62</ele>
      </trkpt>
      <trkpt lat="42.83804" lon="-109.20217">
        <ele>3193.83</ele>
      </trkpt>
      <trkpt lat="42.83807" lon="-109.20212">
        <ele>3194.31</ele>
      </trkpt>
      <trkpt lat="42.8381" lon="-109.20206">
        <ele>3194.96</ele>
      </trkpt>
      <trkpt lat="42.83813" lon="-109.20201">
        <ele>3195.61</ele>
      </trkpt>
      <trkpt lat="42.83814" lon="-109.20195">
        <ele>3195.82</ele>
      </trkpt>
      <trkpt lat="42.83815" lon="-109.20188">
        <ele>3196.04</ele>
      </trkpt>
      <trkpt lat="42.83815" lon="-109.20181">
        <ele>3196.04</ele>
      </trkpt>
      <trkpt lat="42.83815" lon="-109.20176">
        <ele>3196.04</ele>
      </trkpt>
      <trkpt lat="42.8382" lon="-109.20164">
        <ele>3196.96</ele>
      </trkpt>
      <trkpt lat="42.83822" lon="-109.20158">
        <ele>3196.83</ele>
      </trkpt>
      <trkpt lat="42.83825" lon="-109.20153">
        <ele>3197.2</ele>
      </trkpt>
      <trkpt lat="42.83828" lon="-109.20149">
        <ele>3197.85</ele>
      </trkpt>
      <trkpt lat="42.83833" lon="-109.20145">
        <ele>3198.6</ele>
      </trkpt>
      <trkpt lat="42.83837" lon="-109.20142">
        <ele>3198.99</ele>
      </trkpt>
      <trkpt lat="42.83842" lon="-109.20139">
        <ele>3199.87</ele>
      </trkpt>
      <trkpt lat="42.83847" lon="-109.20136">
        <ele>3200.31</ele>
      </trkpt>
      <trkpt lat="42.83848" lon="-109.20136">
        <ele>3200.45</ele>
      </trkpt>
      <trkpt lat="42.83859" lon="-109.20125">
        <ele>3201.27</ele>
      </trkpt>
      <trkpt lat="42.83864" lon="-109.2012">
        <ele>3201.57</ele>
      </trkpt>
      <trkpt lat="42.83868" lon="-109.20117">
        <ele>3201.85</ele>
      </trkpt>
      <trkpt lat="42.83872" lon="-109.20114">
        <ele>3201.75</ele>
      </trkpt>
      <trkpt lat="42.83877" lon="-109.20112">
        <ele>3201.84</ele>
      </trkpt>
      <trkpt lat="42.83882" lon="-109.20112">
        <ele>3202.35</ele>
      </trkpt>
      <trkpt lat="42.83883" lon="-109.20112">
        <ele>3202.46</ele>
      </trkpt>
      <trkpt lat="42.83887" lon="-109.20112">
        <ele>3202.89</ele>
      </trkpt>
      <trkpt lat="42.83892" lon="-109.2011">
        <ele>3203.34</ele>
      </trkpt>
      <trkpt lat="42.83897" lon="-109.20107">
        <ele>3203.88</ele>
      </trkpt>
      <trkpt lat="42.83901" lon="-109.20106">
        <ele>3204.14</ele>
      </trkpt>
      <trkpt lat="42.83906" lon="-109.20105">
        <ele>3204.29</ele>
      </trkpt>
      <trkpt lat="42.8391" lon="-109.20102">
        <ele>3204.3</ele>
      </trkpt>
      <trkpt lat="42.83914" lon="-109.20098">
        <ele>3204.71</ele>
      </trkpt>
      <trkpt lat="42.83918" lon="-109.20094">
        <ele>3205.29</ele>
      </trkpt>
      <trkpt lat="42.83921" lon="-109.20089">
        <ele>3205.94</ele>
      </trkpt>
      <trkpt lat="42.83924" lon="-109.20083">
        <ele>3206.58</ele>
      </trkpt>
      <trkpt lat="42.83925" lon="-109.20081">
        <ele>3206.8</ele>
      </trkpt>
      <trkpt lat="42.83932" lon="-109.20064">
        <ele>3207.63</ele>
      </trkpt>
      <trkpt lat="42.83934" lon="-109.20058">
        <ele>3207.78</ele>
      </trkpt>
      <trkpt lat="42.83937" lon="-109.20053">
        <ele>3207.97</ele>
      </trkpt>
      <trkpt lat="42.83939" lon="-109.20048">
        <ele>3207.93</ele>
      </trkpt>
      <trkpt lat="42.83942" lon="-109.20042">
        <ele>3208.13</ele>
      </trkpt>
      <trkpt lat="42.83943" lon="-109.20036">
        <ele>3207.84</ele>
      </trkpt>
      <trkpt lat="42.83945" lon="-109.2003">
        <ele>3208.12</ele>
      </trkpt>
      <trkpt lat="42.83946" lon="-109.20024">
        <ele>3208.27</ele>
      </trkpt>
      <trkpt lat="42.83946" lon="-109.20023">
        <ele>3208.25</ele>
      </trkpt>
      <trkpt lat="42.83949" lon="-109.20018">
        <ele>3208.49</ele>
      </trkpt>
      <trkpt lat="42.83953" lon="-109.20015">
        <ele>3208.92</ele>
      </trkpt>
      <trkpt lat="42.83954" lon="-109.20014">
        <ele>3209.06</ele>
      </trkpt>
      <trkpt lat="42.83959" lon="-109.20007">
        <ele>3210.14</ele>
      </trkpt>
      <trkpt lat="42.83963" lon="-109.20005">
        <ele>3211.0</ele>
      </trkpt>
      <trkpt lat="42.83968" lon="-109.20004">
        <ele>3211.54</ele>
      </trkpt>
      <trkpt lat="42.83969" lon="-109.20003">
        <ele>3211.65</ele>
      </trkpt>
      <trkpt lat="42.8398" lon="-109.19993">
        <ele>3213.68</ele>
      </trkpt>
      <trkpt lat="42.83984" lon="-109.1999">
        <ele>3214.54</ele>
      </trkpt>
      <trkpt lat="42.83987" lon="-109.19985">
        <ele>3215.19</ele>
      </trkpt>
      <trkpt lat="42.83991" lon="-109.19981">
        <ele>3216.03</ele>
      </trkpt>
      <trkpt lat="42.83994" lon="-109.19977">
        <ele>3216.52</ele>
      </trkpt>
      <trkpt lat="42.83997" lon="-109.19972">
        <ele>3217.34</ele>
      </trkpt>
      <trkpt lat="42.84" lon="-109.19966">
        <ele>3218.0</ele>
      </trkpt>
      <trkpt lat="42.84" lon="-109.19963">
        <ele>3218.0</ele>
      </trkpt>
      <trkpt lat="42.84008" lon="-109.19945">
        <ele>3218.73</ele>
      </trkpt>
      <trkpt lat="42.8401" lon="-109.19939">
        <ele>3219.16</ele>
      </trkpt>
      <trkpt lat="42.84012" lon="-109.19933">
        <ele>3219.59</ele>
      </trkpt>
      <trkpt lat="42.84014" lon="-109.19926">
        <ele>3220.02</ele>
      </trkpt>
      <trkpt lat="42.84015" lon="-109.19921">
        <ele>3220.24</ele>
      </trkpt>
      <trkpt lat="42.84016" lon="-109.19918">
        <ele>3220.46</ele>
      </trkpt>
      <trkpt lat="42.84017" lon="-109.19913">
        <ele>3220.34</ele>
      </trkpt>
      <trkpt lat="42.84021" lon="-109.19894">
        <ele>3220.54</ele>
      </trkpt>
      <trkpt lat="42.84016" lon="-109.19878">
        <ele>3220.9</ele>
      </trkpt>
      <trkpt lat="42.84016" lon="-109.19876">
        <ele>3221.12</ele>
      </trkpt>
      <trkpt lat="42.84014" lon="-109.19857">
        <ele>3223.18</ele>
      </trkpt>
      <trkpt lat="42.84015" lon="-109.19842">
        <ele>3225.3</ele>
      </trkpt>
      <trkpt lat="42.84018" lon="-109.19828">
        <ele>3226.92</ele>
      </trkpt>
      <trkpt lat="42.84018" lon="-109.19811">
        <ele>3228.3</ele>
      </trkpt>
      <trkpt lat="42.84014" lon="-109.19791">
        <ele>3229.6</ele>
      </trkpt>
      <trkpt lat="42.84013" lon="-109.19782">
        <ele>3230.35</ele>
      </trkpt>
      <trkpt lat="42.84011" lon="-109.19776">
        <ele>3230.57</ele>
      </trkpt>
      <trkpt lat="42.84009" lon="-109.1977">
        <ele>3230.81</ele>
      </trkpt>
      <trkpt lat="42.84006" lon="-109.19765">
        <ele>3231.03</ele>
      </trkpt>
      <trkpt lat="42.84003" lon="-109.1976">
        <ele>3231.24</ele>
      </trkpt>
      <trkpt lat="42.84" lon="-109.19756">
        <ele>3231.35</ele>
      </trkpt>
      <trkpt lat="42.83997" lon="-109.1975">
        <ele>3231.35</ele>
      </trkpt>
      <trkpt lat="42.83994" lon="-109.19745">
        <ele>3231.59</ele>
      </trkpt>
      <trkpt lat="42.83992" lon="-109.19739">
        <ele>3232.35</ele>
      </trkpt>
      <trkpt lat="42.83989" lon="-109.19734">
        <ele>3232.49</ele>
      </trkpt>
      <trkpt lat="42.83987" lon="-109.19729">
        <ele>3233.29</ele>
      </trkpt>
      <trkpt lat="42.83983" lon="-109.19724">
        <ele>3233.91</ele>
      </trkpt>
      <trkpt lat="42.83979" lon="-109.19721">
        <ele>3234.22</ele>
      </trkpt>
      <trkpt lat="42.83976" lon="-109.19719">
        <ele>3234.59</ele>
      </trkpt>
      <trkpt lat="42.83962" lon="-109.19707">
        <ele>3236.83</ele>
      </trkpt>
      <trkpt lat="42.83958" lon="-109.19704">
        <ele>3237.37</ele>
      </trkpt>
      <trkpt lat="42.83953" lon="-109.19701">
        <ele>3237.8</ele>
      </trkpt>
      <trkpt lat="42.83949" lon="-109.197">
        <ele>3237.69</ele>
      </trkpt>
      <trkpt lat="42.83944" lon="-109.197">
        <ele>3237.18</ele>
      </trkpt>
      <trkpt lat="42.83939" lon="-109.19699">
        <ele>3237.23</ele>
      </trkpt>
      <trkpt lat="42.83935" lon="-109.19696">
        <ele>3237.66</ele>
      </trkpt>
      <trkpt lat="42.83931" lon="-109.19692">
        <ele>3238.79</ele>
      </trkpt>
      <trkpt lat="42.83931" lon="-109.19692">
        <ele>3238.79</ele>
      </trkpt>
      <trkpt lat="42.83922" lon="-109.19685">
        <ele>3241.06</ele>
      </trkpt>
      <trkpt lat="42.83917" lon="-109.19684">
        <ele>3241.38</ele>
      </trkpt>
      <trkpt lat="42.83913" lon="-109.19683">
        <ele>3241.71</ele>
      </trkpt>
      <trkpt lat="42.83913" lon="-109.19683">
        <ele>3241.71</ele>
      </trkpt>
      <trkpt lat="42.83908" lon="-109.19678">
        <ele>3243.33</ele>
      </trkpt>
      <trkpt lat="42.83886" lon="-109.19662">
        <ele>3247.35</ele>
      </trkpt>
      <trkpt lat="42.83879" lon="-109.19652">
        <ele>3249.71</ele>
      </trkpt>
      <trkpt lat="42.83877" lon="-109.19645">
        <ele>3251.4</ele>
      </trkpt>
      <trkpt lat="42.83874" lon="-109.19641">
        <ele>3251.94</ele>
      </trkpt>
      <trkpt lat="42.83871" lon="-109.19635">
        <ele>3252.91</ele>
      </trkpt>
      <trkpt lat="42.83868" lon="-109.1963">
        <ele>3253.66</ele>
      </trkpt>
      <trkpt lat="42.83866" lon="-109.19624">
        <ele>3254.74</ele>
      </trkpt>
      <trkpt lat="42.83866" lon="-109.19623">
        <ele>3254.96</ele>
      </trkpt>
      <trkpt lat="42.83854" lon="-109.19603">
        <ele>3257.22</ele>
      </trkpt>
      <trkpt lat="42.83851" lon="-109.19597">
        <ele>3257.91</ele>
      </trkpt>
      <trkpt lat="42.83849" lon="-109.19591">
        <ele>3258.85</ele>
      </trkpt>
      <trkpt lat="42.83847" lon="-109.19584">
        <ele>3260.25</ele>
      </trkpt>
      <trkpt lat="42.83845" lon="-109.19578">
        <ele>3261.36</ele>
      </trkpt>
      <trkpt lat="42.83843" lon="-109.19575">
        <ele>3261.79</ele>
      </trkpt>
      <trkpt lat="42.83835" lon="-109.19564">
        <ele>3262.46</ele>
      </trkpt>
      <trkpt lat="42.83833" lon="-109.19558">
        <ele>3262.66</ele>
      </trkpt>
      <trkpt lat="42.83832" lon="-109.19551">
        <ele>3263.7</ele>
      </trkpt>
      <trkpt lat="42.8383" lon="-109.19545">
        <ele>3264.47</ele>
      </trkpt>
      <trkpt lat="42.83827" lon="-109.1954">
        <ele>3264.78</ele>
      </trkpt>
      <trkpt lat="42.83824" lon="-109.19534">
        <ele>3265.31</ele>
      </trkpt>
      <trkpt lat="42.83823" lon="-109.19528">
        <ele>3265.86</ele>
      </trkpt>
      <trkpt lat="42.83823" lon="-109.19527">
        <ele>3266.04</ele>
      </trkpt>
      <trkpt lat="42.83822" lon="-109.19512">
        <ele>3268.26</ele>
      </trkpt>
      <trkpt lat="42.83821" lon="-109.19505">
        <ele>3269.26</ele>
      </trkpt>
      <trkpt lat="42.83819" lon="-109.19498">
        <ele>3270.12</ele>
      </trkpt>
      <trkpt lat="42.83818" lon="-109.19491">
        <ele>3270.66</ele>
      </trkpt>
      <trkpt lat="42.83817" lon="-109.19485">
        <ele>3271.57</ele>
      </trkpt>
      <trkpt lat="42.83816" lon="-109.19478">
        <ele>3272.55</ele>
      </trkpt>
      <trkpt lat="42.83816" lon="-109.19476">
        <ele>3272.8</ele>
      </trkpt>
      <trkpt lat="42.83812" lon="-109.19456">
        <ele>3274.14</ele>
      </trkpt>
      <trkpt lat="42.83811" lon="-109.19447">
        <ele>3274.9</ele>
      </trkpt>
      <trkpt lat="42.8381" lon="-109.19439">
        <ele>3275.55</ele>
      </trkpt>
      <trkpt lat="42.83809" lon="-109.19432">
        <ele>3276.09</ele>
      </trkpt>
      <trkpt lat="42.83809" lon="-109.19428">
        <ele>3276.52</ele>
      </trkpt>
      <trkpt lat="42.83808" lon="-109.19413">
        <ele>3277.92</ele>
      </trkpt>
      <trkpt lat="42.83807" lon="-109.19405">
        <ele>3278.57</ele>
      </trkpt>
      <trkpt lat="42.83807" lon="-109.19403">
        <ele>3278.79</ele>
      </trkpt>
      <trkpt lat="42.83806" lon="-109.19397">
        <ele>3279.22</ele>
      </trkpt>
      <trkpt lat="42.83807" lon="-109.19339">
        <ele>3283.7</ele>
      </trkpt>
      <trkpt lat="42.83807" lon="-109.19334">
        <ele>3284.24</ele>
      </trkpt>
      <trkpt lat="42.8381" lon="-109.19329">
        <ele>3284.96</ele>
      </trkpt>
      <trkpt lat="42.83813" lon="-109.19325">
        <ele>3285.61</ele>
      </trkpt>
      <trkpt lat="42.83816" lon="-109.1932">
        <ele>3286.26</ele>
      </trkpt>
      <trkpt lat="42.83818" lon="-109.19313">
        <ele>3286.76</ele>
      </trkpt>
      <trkpt lat="42.8382" lon="-109.1931">
        <ele>3287.41</ele>
      </trkpt>
      <trkpt lat="42.83826" lon="-109.19298">
        <ele>3289.59</ele>
      </trkpt>
      <trkpt lat="42.83828" lon="-109.19292">
        <ele>3290.54</ele>
      </trkpt>
      <trkpt lat="42.83829" lon="-109.19285">
        <ele>3291.18</ele>
      </trkpt>
      <trkpt lat="42.8383" lon="-109.19279">
        <ele>3291.84</ele>
      </trkpt>
      <trkpt lat="42.8383" lon="-109.19279">
        <ele>3291.84</ele>
      </trkpt>
      <trkpt lat="42.8383" lon="-109.19255">
        <ele>3293.38</ele>
      </trkpt>
      <trkpt lat="42.83829" lon="-109.19248">
        <ele>3293.6</ele>
      </trkpt>
      <trkpt lat="42.83829" lon="-109.19245">
        <ele>3293.6</ele>
      </trkpt>
      <trkpt lat="42.83828" lon="-109.19236">
        <ele>3293.78</ele>
      </trkpt>
      <trkpt lat="42.83829" lon="-109.1921">
        <ele>3295.77</ele>
      </trkpt>
      <trkpt lat="42.83836" lon="-109.19169">
        <ele>3301.9</ele>
      </trkpt>
      <trkpt lat="42.83837" lon="-109.19141">
        <ele>3305.36</ele>
      </trkpt>
      <trkpt lat="42.83833" lon="-109.19114">
        <ele>3306.54</ele>
      </trkpt>
      <trkpt lat="42.83828" lon="-109.19038">
        <ele>3315.53</ele>
      </trkpt>
      <trkpt lat="42.83816" lon="-109.18993">
        <ele>3319.02</ele>
      </trkpt>
      <trkpt lat="42.838" lon="-109.18958">
        <ele>3321.81</ele>
      </trkpt>
      <trkpt lat="42.83779" lon="-109.18908">
        <ele>3331.26</ele>
      </trkpt>
      <trkpt lat="42.83734" lon="-109.18862">
        <ele>3339.06</ele>
      </trkpt>
      <trkpt lat="42.8373" lon="-109.18858">
        <ele>3340.8</ele>
      </trkpt>
      <trkpt lat="42.83726" lon="-109.18853">
        <ele>3343.15</ele>
      </trkpt>
      <trkpt lat="42.83723" lon="-109.18849">
        <ele>3344.68</ele>
      </trkpt>
      <trkpt lat="42.83719" lon="-109.18846">
        <ele>3345.81</ele>
      </trkpt>
      <trkpt lat="42.83717" lon="-109.18846">
        <ele>3345.6</ele>
      </trkpt>
      <trkpt lat="42.837" lon="-109.18844">
        <ele>3344.84</ele>
      </trkpt>
      <trkpt lat="42.83695" lon="-109.18842">
        <ele>3345.38</ele>
      </trkpt>
      <trkpt lat="42.8369" lon="-109.18839">
        <ele>3346.75</ele>
      </trkpt>
      <trkpt lat="42.83688" lon="-109.18837">
        <ele>3347.6</ele>
      </trkpt>
      <trkpt lat="42.83678" lon="-109.18836">
        <ele>3347.62</ele>
      </trkpt>
      <trkpt lat="42.83674" lon="-109.18833">
        <ele>3349.18</ele>
      </trkpt>
      <trkpt lat="42.83669" lon="-109.18831">
        <ele>3350.26</ele>
      </trkpt>
      <trkpt lat="42.83665" lon="-109.18829">
        <ele>3351.16</ele>
      </trkpt>
      <trkpt lat="42.8366" lon="-109.18828">
        <ele>3351.16</ele>
      </trkpt>
      <trkpt lat="42.83658" lon="-109.18827">
        <ele>3351.48</ele>
      </trkpt>
      <trkpt lat="42.83646" lon="-109.18828">
        <ele>3350.78</ele>
      </trkpt>
      <trkpt lat="42.8364" lon="-109.18826">
        <ele>3351.78</ele>
      </trkpt>
      <trkpt lat="42.83636" lon="-109.18824">
        <ele>3352.73</ele>
      </trkpt>
      <trkpt lat="42.83631" lon="-109.18823">
        <ele>3352.73</ele>
      </trkpt>
      <trkpt lat="42.83631" lon="-109.18823">
        <ele>3352.73</ele>
      </trkpt>
      <trkpt lat="42.83621" lon="-109.1882">
        <ele>3353.27</ele>
      </trkpt>
      <trkpt lat="42.83617" lon="-109.18819">
        <ele>3353.18</ele>
      </trkpt>
      <trkpt lat="42.83612" lon="-109.18817">
        <ele>3353.23</ele>
      </trkpt>
      <trkpt lat="42.83608" lon="-109.18814">
        <ele>3354.1</ele>
      </trkpt>
      <trkpt lat="42.83605" lon="-109.18811">
        <ele>3355.4</ele>
      </trkpt>
      <trkpt lat="42.836" lon="-109.18806">
        <ele>3357.37</ele>
      </trkpt>
      <trkpt lat="42.83597" lon="-109.18802">
        <ele>3359.07</ele>
      </trkpt>
      <trkpt lat="42.83593" lon="-109.18798">
        <ele>3360.95</ele>
      </trkpt>
      <trkpt lat="42.83588" lon="-109.18796">
        <ele>3361.17</ele>
      </trkpt>
      <trkpt lat="42.83584" lon="-109.18796">
        <ele>3360.3</ele>
      </trkpt>
      <trkpt lat="42.83579" lon="-109.18795">
        <ele>3360.17</ele>
      </trkpt>
      <trkpt lat="42.83573" lon="-109.18793">
        <ele>3360.38</ele>
      </trkpt>
      <trkpt lat="42.8357" lon="-109.18788">
        <ele>3362.19</ele>
      </trkpt>
      <trkpt lat="42.83566" lon="-109.18785">
        <ele>3363.01</ele>
      </trkpt>
      <trkpt lat="42.83561" lon="-109.18785">
        <ele>3362.38</ele>
      </trkpt>
      <trkpt lat="42.83556" lon="-109.18785">
        <ele>3361.72</ele>
      </trkpt>
      <trkpt lat="42.83553" lon="-109.18785">
        <ele>3361.11</ele>
      </trkpt>
      <trkpt lat="42.83542" lon="-109.1878">
        <ele>3360.0</ele>
      </trkpt>
      <trkpt lat="42.83538" lon="-109.18775">
        <ele>3360.21</ele>
      </trkpt>
      <trkpt lat="42.83535" lon="-109.18771">
        <ele>3360.59</ele>
      </trkpt>
      <trkpt lat="42.83532" lon="-109.18766">
        <ele>3361.18</ele>
      </trkpt>
      <trkpt lat="42.83531" lon="-109.18762">
        <ele>3362.16</ele>
      </trkpt>
      <trkpt lat="42.83528" lon="-109.18754">
        <ele>3363.78</ele>
      </trkpt>
      <trkpt lat="42.83525" lon="-109.18749">
        <ele>3364.42</ele>
      </trkpt>
      <trkpt lat="42.83523" lon="-109.18744">
        <ele>3365.4</ele>
      </trkpt>
      <trkpt lat="42.83521" lon="-109.18738">
        <ele>3366.48</ele>
      </trkpt>
      <trkpt lat="42.83518" lon="-109.18733">
        <ele>3366.5</ele>
      </trkpt>
      <trkpt lat="42.83515" lon="-109.18729">
        <ele>3366.83</ele>
      </trkpt>
      <trkpt lat="42.83515" lon="-109.18729">
        <ele>3366.83</ele>
      </trkpt>
      <trkpt lat="42.83509" lon="-109.18717">
        <ele>3368.61</ele>
      </trkpt>
      <trkpt lat="42.83508" lon="-109.1871">
        <ele>3370.51</ele>
      </trkpt>
      <trkpt lat="42.83505" lon="-109.18706">
        <ele>3370.53</ele>
      </trkpt>
      <trkpt lat="42.83501" lon="-109.18701">
        <ele>3370.28</ele>
      </trkpt>
      <trkpt lat="42.83501" lon="-109.187">
        <ele>3370.59</ele>
      </trkpt>
      <trkpt lat="42.83495" lon="-109.18682">
        <ele>3372.71</ele>
      </trkpt>
      <trkpt lat="42.83493" lon="-109.18677">
        <ele>3373.41</ele>
      </trkpt>
      <trkpt lat="42.83491" lon="-109.18671">
        <ele>3374.15</ele>
      </trkpt>
      <trkpt lat="42.83489" lon="-109.18665">
        <ele>3374.61</ele>
      </trkpt>
      <trkpt lat="42.83488" lon="-109.18665">
        <ele>3374.18</ele>
      </trkpt>
      <trkpt lat="42.83484" lon="-109.18653">
        <ele>3375.04</ele>
      </trkpt>
      <trkpt lat="42.83482" lon="-109.18647">
        <ele>3375.47</ele>
      </trkpt>
      <trkpt lat="42.83481" lon="-109.18641">
        <ele>3376.38</ele>
      </trkpt>
      <trkpt lat="42.83479" lon="-109.18635">
        <ele>3377.04</ele>
      </trkpt>
      <trkpt lat="42.83477" lon="-109.18631">
        <ele>3377.25</ele>
      </trkpt>
      <trkpt lat="42.83474" lon="-109.18622">
        <ele>3378.22</ele>
      </trkpt>
      <trkpt lat="42.83471" lon="-109.18618">
        <ele>3377.89</ele>
      </trkpt>
      <trkpt lat="42.83467" lon="-109.18614">
        <ele>3377.38</ele>
      </trkpt>
      <trkpt lat="42.83463" lon="-109.1861">
        <ele>3377.13</ele>
      </trkpt>
      <trkpt lat="42.83461" lon="-109.18605">
        <ele>3377.24</ele>
      </trkpt>
      <trkpt lat="42.83459" lon="-109.18599">
        <ele>3377.45</ele>
      </trkpt>
      <trkpt lat="42.83458" lon="-109.18597">
        <ele>3377.45</ele>
      </trkpt>
      <trkpt lat="42.83457" lon="-109.1859">
        <ele>3377.99</ele>
      </trkpt>
      <trkpt lat="42.83454" lon="-109.18585">
        <ele>3377.88</ele>
      </trkpt>
      <trkpt lat="42.8345" lon="-109.18581">
        <ele>3377.45</ele>
      </trkpt>
      <trkpt lat="42.83448" lon="-109.18575">
        <ele>3377.67</ele>
      </trkpt>
      <trkpt lat="42.83447" lon="-109.18569">
        <ele>3378.65</ele>
      </trkpt>
      <trkpt lat="42.83447" lon="-109.18553">
        <ele>3381.1</ele>
      </trkpt>
      <trkpt lat="42.83449" lon="-109.18547">
        <ele>3382.83</ele>
      </trkpt>
      <trkpt lat="42.83451" lon="-109.1854">
        <ele>3384.58</ele>
      </trkpt>
      <trkpt lat="42.83451" lon="-109.18536">
        <ele>3385.27</ele>
      </trkpt>
      <trkpt lat="42.8345" lon="-109.18516">
        <ele>3387.47</ele>
      </trkpt>
      <trkpt lat="42.83448" lon="-109.18511">
        <ele>3387.58</ele>
      </trkpt>
      <trkpt lat="42.83445" lon="-109.18506">
        <ele>3387.47</ele>
      </trkpt>
      <trkpt lat="42.83445" lon="-109.18505">
        <ele>3387.58</ele>
      </trkpt>
      <trkpt lat="42.83433" lon="-109.18491">
        <ele>3386.74</ele>
      </trkpt>
      <trkpt lat="42.8343" lon="-109.18487">
        <ele>3387.25</ele>
      </trkpt>
      <trkpt lat="42.83426" lon="-109.18484">
        <ele>3387.46</ele>
      </trkpt>
      <trkpt lat="42.83421" lon="-109.18481">
        <ele>3387.52</ele>
      </trkpt>
      <trkpt lat="42.83421" lon="-109.18481">
        <ele>3387.52</ele>
      </trkpt>
      <trkpt lat="42.83413" lon="-109.18473">
        <ele>3387.52</ele>
      </trkpt>
      <trkpt lat="42.8341" lon="-109.18468">
        <ele>3388.06</ele>
      </trkpt>
      <trkpt lat="42.83407" lon="-109.18462">
        <ele>3389.06</ele>
      </trkpt>
      <trkpt lat="42.83404" lon="-109.18458">
        <ele>3389.17</ele>
      </trkpt>
      <trkpt lat="42.83402" lon="-109.18452">
        <ele>3389.78</ele>
      </trkpt>
      <trkpt lat="42.83401" lon="-109.1845">
        <ele>3390.11</ele>
      </trkpt>
      <trkpt lat="42.834" lon="-109.18442">
        <ele>3391.68</ele>
      </trkpt>
      <trkpt lat="42.83401" lon="-109.18436">
        <ele>3392.85</ele>
      </trkpt>
      <trkpt lat="42.83402" lon="-109.18435">
        <ele>3393.04</ele>
      </trkpt>
      <trkpt lat="42.8341" lon="-109.18427">
        <ele>3395.08</ele>
      </trkpt>
      <trkpt lat="42.83414" lon="-109.18427">
        <ele>3395.56</ele>
      </trkpt>
      <trkpt lat="42.83419" lon="-109.18427">
        <ele>3396.14</ele>
      </trkpt>
      <trkpt lat="42.83419" lon="-109.18427">
        <ele>3396.14</ele>
      </trkpt>
      <trkpt lat="42.83425" lon="-109.18427">
        <ele>3396.78</ele>
      </trkpt>
      <trkpt lat="42.8343" lon="-109.18426">
        <ele>3397.87</ele>
      </trkpt>
      <trkpt lat="42.83434" lon="-109.18424">
        <ele>3398.98</ele>
      </trkpt>
      <trkpt lat="42.83439" lon="-109.18423">
        <ele>3399.86</ele>
      </trkpt>
      <trkpt lat="42.8345" lon="-109.18424">
        <ele>3401.49</ele>
      </trkpt>
      <trkpt lat="42.83455" lon="-109.18427">
        <ele>3402.05</ele>
      </trkpt>
      <trkpt lat="42.83459" lon="-109.18431">
        <ele>3402.05</ele>
      </trkpt>
      <trkpt lat="42.83463" lon="-109.18434">
        <ele>3402.27</ele>
      </trkpt>
      <trkpt lat="42.83465" lon="-109.18435">
        <ele>3402.7</ele>
      </trkpt>
      <trkpt lat="42.83467" lon="-109.18436">
        <ele>3403.18</ele>
      </trkpt>
      <trkpt lat="42.83468" lon="-109.18435">
        <ele>3403.66</ele>
      </trkpt>
      <trkpt lat="42.83468" lon="-109.18433">
        <ele>3403.98</ele>
      </trkpt>
      <trkpt lat="42.83465" lon="-109.18428">
        <ele>3404.04</ele>
      </trkpt>
      <trkpt lat="42.83462" lon="-109.18423">
        <ele>3404.11</ele>
      </trkpt>
      <trkpt lat="42.83459" lon="-109.18419">
        <ele>3403.89</ele>
      </trkpt>
      <trkpt lat="42.83456" lon="-109.18414">
        <ele>3404.07</ele>
      </trkpt>
      <trkpt lat="42.83453" lon="-109.1841">
        <ele>3404.31</ele>
      </trkpt>
      <trkpt lat="42.83448" lon="-109.18403">
        <ele>3404.54</ele>
      </trkpt>
      <trkpt lat="42.83445" lon="-109.18398">
        <ele>3405.09</ele>
      </trkpt>
      <trkpt lat="42.83442" lon="-109.18394">
        <ele>3405.51</ele>
      </trkpt>
      <trkpt lat="42.83441" lon="-109.18391">
        <ele>3405.88</ele>
      </trkpt>
      <trkpt lat="42.83437" lon="-109.18381">
        <ele>3406.93</ele>
      </trkpt>
      <trkpt lat="42.83435" lon="-109.18375">
        <ele>3407.48</ele>
      </trkpt>
      <trkpt lat="42.83432" lon="-109.1837">
        <ele>3407.74</ele>
      </trkpt>
      <trkpt lat="42.83429" lon="-109.18366">
        <ele>3408.28</ele>
      </trkpt>
      <trkpt lat="42.83428" lon="-109.18364">
        <ele>3408.6</ele>
      </trkpt>
      <trkpt lat="42.83425" lon="-109.18358">
        <ele>3409.24</ele>
      </trkpt>
      <trkpt lat="42.83425" lon="-109.18356">
        <ele>3409.45</ele>
      </trkpt>
      <trkpt lat="42.83426" lon="-109.18354">
        <ele>3409.78</ele>
      </trkpt>
      <trkpt lat="42.8343" lon="-109.18354">
        <ele>3410.21</ele>
      </trkpt>
      <trkpt lat="42.83435" lon="-109.18357">
        <ele>3410.42</ele>
      </trkpt>
      <trkpt lat="42.83435" lon="-109.18357">
        <ele>3410.42</ele>
      </trkpt>
      <trkpt lat="42.83442" lon="-109.18363">
        <ele>3410.48</ele>
      </trkpt>
      <trkpt lat="42.83445" lon="-109.18367">
        <ele>3410.45</ele>
      </trkpt>
      <trkpt lat="42.83447" lon="-109.18371">
        <ele>3410.16</ele>
      </trkpt>
      <trkpt lat="42.83459" lon="-109.18381">
        <ele>3410.36</ele>
      </trkpt>
      <trkpt lat="42.83463" lon="-109.18383">
        <ele>3410.64</ele>
      </trkpt>
      <trkpt lat="42.83468" lon="-109.18384">
        <ele>3411.62</ele>
      </trkpt>
      <trkpt lat="42.8347" lon="-109.18384">
        <ele>3412.05</ele>
      </trkpt>
      <trkpt lat="42.83471" lon="-109.18382">
        <ele>3412.48</ele>
      </trkpt>
      <trkpt lat="42.83468" lon="-109.18377">
        <ele>3412.5</ele>
      </trkpt>
      <trkpt lat="42.83467" lon="-109.18375">
        <ele>3412.65</ele>
      </trkpt>
      <trkpt lat="42.83463" lon="-109.18369">
        <ele>3413.15</ele>
      </trkpt>
      <trkpt lat="42.8346" lon="-109.18364">
        <ele>3413.27</ele>
      </trkpt>
      <trkpt lat="42.83458" lon="-109.18358">
        <ele>3413.96</ele>
      </trkpt>
      <trkpt lat="42.83458" lon="-109.18356">
        <ele>3414.27</ele>
      </trkpt>
      <trkpt lat="42.83453" lon="-109.18344">
        <ele>3415.56</ele>
      </trkpt>
      <trkpt lat="42.8345" lon="-109.18339">
        <ele>3415.98</ele>
      </trkpt>
      <trkpt lat="42.83447" lon="-109.18334">
        <ele>3416.41</ele>
      </trkpt>
      <trkpt lat="42.83446" lon="-109.1833">
        <ele>3417.06</ele>
      </trkpt>
      <trkpt lat="42.83444" lon="-109.18325">
        <ele>3417.75</ele>
      </trkpt>
      <trkpt lat="42.83444" lon="-109.18325">
        <ele>3417.75</ele>
      </trkpt>
      <trkpt lat="42.83443" lon="-109.18324">
        <ele>3417.86</ele>
      </trkpt>
      <trkpt lat="42.83442" lon="-109.18323">
        <ele>3417.97</ele>
      </trkpt>
      <trkpt lat="42.83442" lon="-109.1832">
        <ele>3418.62</ele>
      </trkpt>
      <trkpt lat="42.83442" lon="-109.1832">
        <ele>3418.62</ele>
      </trkpt>
      <trkpt lat="42.83443" lon="-109.18319">
        <ele>3418.94</ele>
      </trkpt>
      <trkpt lat="42.83447" lon="-109.18323">
        <ele>3418.78</ele>
      </trkpt>
      <trkpt lat="42.8345" lon="-109.18328">
        <ele>3418.35</ele>
      </trkpt>
      <trkpt lat="42.83454" lon="-109.18331">
        <ele>3418.57</ele>
      </trkpt>
      <trkpt lat="42.83459" lon="-109.18333">
        <ele>3419.22</ele>
      </trkpt>
      <trkpt lat="42.83459" lon="-109.18333">
        <ele>3419.22</ele>
      </trkpt>
      <trkpt lat="42.83466" lon="-109.18341">
        <ele>3419.0</ele>
      </trkpt>
      <trkpt lat="42.8347" lon="-109.18344">
        <ele>3419.22</ele>
      </trkpt>
      <trkpt lat="42.83473" lon="-109.18349">
        <ele>3418.87</ele>
      </trkpt>
      <trkpt lat="42.83477" lon="-109.18353">
        <ele>3419.3</ele>
      </trkpt>
      <trkpt lat="42.8348" lon="-109.18355">
        <ele>3419.84</ele>
      </trkpt>
      <trkpt lat="42.83481" lon="-109.18355">
        <ele>3420.16</ele>
      </trkpt>
      <trkpt lat="42.83481" lon="-109.18355">
        <ele>3420.16</ele>
      </trkpt>
      <trkpt lat="42.83482" lon="-109.18354">
        <ele>3420.7</ele>
      </trkpt>
      <trkpt lat="42.8348" lon="-109.18348">
        <ele>3421.35</ele>
      </trkpt>
      <trkpt lat="42.83477" lon="-109.18343">
        <ele>3421.46</ele>
      </trkpt>
      <trkpt lat="42.83473" lon="-109.1834">
        <ele>3420.81</ele>
      </trkpt>
      <trkpt lat="42.83468" lon="-109.18333">
        <ele>3421.16</ele>
      </trkpt>
      <trkpt lat="42.83465" lon="-109.18328">
        <ele>3421.59</ele>
      </trkpt>
      <trkpt lat="42.83463" lon="-109.18322">
        <ele>3422.46</ele>
      </trkpt>
      <trkpt lat="42.83461" lon="-109.18316">
        <ele>3423.32</ele>
      </trkpt>
      <trkpt lat="42.83461" lon="-109.18316">
        <ele>3423.32</ele>
      </trkpt>
      <trkpt lat="42.83457" lon="-109.18308">
        <ele>3424.18</ele>
      </trkpt>
      <trkpt lat="42.83455" lon="-109.18303">
        <ele>3425.11</ele>
      </trkpt>
      <trkpt lat="42.83452" lon="-109.18297">
        <ele>3426.42</ele>
      </trkpt>
      <trkpt lat="42.83449" lon="-109.18293">
        <ele>3426.7</ele>
      </trkpt>
      <trkpt lat="42.83443" lon="-109.18294">
        <ele>3425.18</ele>
      </trkpt>
      <trkpt lat="42.83443" lon="-109.18293">
        <ele>3425.4</ele>
      </trkpt>
      <trkpt lat="42.8343" lon="-109.18284">
        <ele>3425.24</ele>
      </trkpt>
      <trkpt lat="42.83427" lon="-109.18279">
        <ele>3425.95</ele>
      </trkpt>
      <trkpt lat="42.83424" lon="-109.18275">
        <ele>3426.63</ele>
      </trkpt>
      <trkpt lat="42.8342" lon="-109.18273">
        <ele>3426.58</ele>
      </trkpt>
      <trkpt lat="42.83417" lon="-109.18269">
        <ele>3426.97</ele>
      </trkpt>
      <trkpt lat="42.83412" lon="-109.18257">
        <ele>3430.11</ele>
      </trkpt>
      <trkpt lat="42.8341" lon="-109.18251">
        <ele>3431.31</ele>
      </trkpt>
      <trkpt lat="42.83408" lon="-109.18245">
        <ele>3433.25</ele>
      </trkpt>
      <trkpt lat="42.83405" lon="-109.1824">
        <ele>3434.72</ele>
      </trkpt>
      <trkpt lat="42.834" lon="-109.18238">
        <ele>3434.29</ele>
      </trkpt>
      <trkpt lat="42.834" lon="-109.18238">
        <ele>3434.29</ele>
      </trkpt>
      <trkpt lat="42.83391" lon="-109.18228">
        <ele>3434.81</ele>
      </trkpt>
      <trkpt lat="42.83388" lon="-109.18224">
        <ele>3435.23</ele>
      </trkpt>
      <trkpt lat="42.83385" lon="-109.18218">
        <ele>3436.07</ele>
      </trkpt>
      <trkpt lat="42.83382" lon="-109.18213">
        <ele>3436.5</ele>
      </trkpt>
      <trkpt lat="42.83381" lon="-109.18211">
        <ele>3436.75</ele>
      </trkpt>
      <trkpt lat="42.83375" lon="-109.18205">
        <ele>3436.72</ele>
      </trkpt>
      <trkpt lat="42.8337" lon="-109.18203">
        <ele>3436.08</ele>
      </trkpt>
      <trkpt lat="42.83366" lon="-109.182">
        <ele>3436.04</ele>
      </trkpt>
      <trkpt lat="42.83363" lon="-109.18195">
        <ele>3437.04</ele>
      </trkpt>
      <trkpt lat="42.83361" lon="-109.18193">
        <ele>3437.13</ele>
      </trkpt>
      <trkpt lat="42.83349" lon="-109.18182">
        <ele>3437.38</ele>
      </trkpt>
      <trkpt lat="42.83345" lon="-109.18179">
        <ele>3437.6</ele>
      </trkpt>
      <trkpt lat="42.83341" lon="-109.18175">
        <ele>3438.18</ele>
      </trkpt>
      <trkpt lat="42.83337" lon="-109.18173">
        <ele>3438.44</ele>
      </trkpt>
      <trkpt lat="42.83332" lon="-109.18172">
        <ele>3438.34</ele>
      </trkpt>
      <trkpt lat="42.83327" lon="-109.1817">
        <ele>3438.39</ele>
      </trkpt>
      <trkpt lat="42.83323" lon="-109.18167">
        <ele>3438.93</ele>
      </trkpt>
      <trkpt lat="42.83321" lon="-109.18165">
        <ele>3439.36</ele>
      </trkpt>
      <trkpt lat="42.83322" lon="-109.18162">
        <ele>3440.01</ele>
      </trkpt>
      <trkpt lat="42.83327" lon="-109.18159">
        <ele>3440.66</ele>
      </trkpt>
      <trkpt lat="42.83332" lon="-109.18157">
        <ele>3441.09</ele>
      </trkpt>
      <trkpt lat="42.83336" lon="-109.18154">
        <ele>3442.13</ele>
      </trkpt>
      <trkpt lat="42.8334" lon="-109.18152">
        <ele>3443.31</ele>
      </trkpt>
      <trkpt lat="42.83343" lon="-109.18152">
        <ele>3443.81</ele>
      </trkpt>
      <trkpt lat="42.83347" lon="-109.18153">
        <ele>3444.15</ele>
      </trkpt>
      <trkpt lat="42.83352" lon="-109.18155">
        <ele>3444.55</ele>
      </trkpt>
      <trkpt lat="42.83356" lon="-109.18157">
        <ele>3444.98</ele>
      </trkpt>
      <trkpt lat="42.83361" lon="-109.18159">
        <ele>3445.46</ele>
      </trkpt>
      <trkpt lat="42.83364" lon="-109.1816">
        <ele>3445.87</ele>
      </trkpt>
      <trkpt lat="42.83375" lon="-109.18165">
        <ele>3447.45</ele>
      </trkpt>
      <trkpt lat="42.83379" lon="-109.18167">
        <ele>3447.79</ele>
      </trkpt>
      <trkpt lat="42.83384" lon="-109.1817">
        <ele>3448.53</ele>
      </trkpt>
      <trkpt lat="42.83388" lon="-109.18173">
        <ele>3448.73</ele>
      </trkpt>
      <trkpt lat="42.83388" lon="-109.18173">
        <ele>3448.73</ele>
      </trkpt>
      <trkpt lat="42.83396" lon="-109.18179">
        <ele>3449.39</ele>
      </trkpt>
      <trkpt lat="42.834" lon="-109.18184">
        <ele>3448.81</ele>
      </trkpt>
      <trkpt lat="42.83404" lon="-109.18188">
        <ele>3448.54</ele>
      </trkpt>
      <trkpt lat="42.83406" lon="-109.18189">
        <ele>3448.81</ele>
      </trkpt>
      <trkpt lat="42.83414" lon="-109.18196">
        <ele>3448.92</ele>
      </trkpt>
      <trkpt lat="42.83419" lon="-109.18199">
        <ele>3448.78</ele>
      </trkpt>
      <trkpt lat="42.83423" lon="-109.18201">
        <ele>3448.56</ele>
      </trkpt>
      <trkpt lat="42.83428" lon="-109.18202">
        <ele>3449.0</ele>
      </trkpt>
      <trkpt lat="42.83432" lon="-109.18201">
        <ele>3450.19</ele>
      </trkpt>
      <trkpt lat="42.83433" lon="-109.182">
        <ele>3450.73</ele>
      </trkpt>
      <trkpt lat="42.83432" lon="-109.18199">
        <ele>3450.84</ele>
      </trkpt>
      <trkpt lat="42.83427" lon="-109.18198">
        <ele>3450.08</ele>
      </trkpt>
      <trkpt lat="42.83423" lon="-109.18196">
        <ele>3450.18</ele>
      </trkpt>
      <trkpt lat="42.8342" lon="-109.18194">
        <ele>3450.52</ele>
      </trkpt>
      <trkpt lat="42.8341" lon="-109.18181">
        <ele>3452.52</ele>
      </trkpt>
      <trkpt lat="42.83406" lon="-109.18177">
        <ele>3453.1</ele>
      </trkpt>
      <trkpt lat="42.83404" lon="-109.18172">
        <ele>3454.44</ele>
      </trkpt>
      <trkpt lat="42.83402" lon="-109.18168">
        <ele>3455.17</ele>
      </trkpt>
      <trkpt lat="42.83399" lon="-109.1816">
        <ele>3457.18</ele>
      </trkpt>
      <trkpt lat="42.83396" lon="-109.18156">
        <ele>3457.68</ele>
      </trkpt>
      <trkpt lat="42.83392" lon="-109.18152">
        <ele>3457.68</ele>
      </trkpt>
      <trkpt lat="42.83392" lon="-109.18151">
        <ele>3458.11</ele>
      </trkpt>
      <trkpt lat="42.83381" lon="-109.18141">
        <ele>3457.68</ele>
      </trkpt>
      <trkpt lat="42.83377" lon="-109.18137">
        <ele>3457.68</ele>
      </trkpt>
      <trkpt lat="42.83374" lon="-109.18134">
        <ele>3457.68</ele>
      </trkpt>
      <trkpt lat="42.83367" lon="-109.18127">
        <ele>3457.14</ele>
      </trkpt>
      <trkpt lat="42.83364" lon="-109.18122">
        <ele>3457.6</ele>
      </trkpt>
      <trkpt lat="42.83362" lon="-109.18117">
        <ele>3458.48</ele>
      </trkpt>
      <trkpt lat="42.83359" lon="-109.18112">
        <ele>3458.8</ele>
      </trkpt>
      <trkpt lat="42.83356" lon="-109.18108">
        <ele>3458.8</ele>
      </trkpt>
      <trkpt lat="42.83354" lon="-109.18105">
        <ele>3458.91</ele>
      </trkpt>
      <trkpt lat="42.83342" lon="-109.18085">
        <ele>3460.27</ele>
      </trkpt>
      <trkpt lat="42.83312" lon="-109.18027">
        <ele>3462.84</ele>
      </trkpt>
      <trkpt lat="42.8331" lon="-109.18018">
        <ele>3464.04</ele>
      </trkpt>
      <trkpt lat="42.83306" lon="-109.18006">
        <ele>3464.85</ele>
      </trkpt>
      <trkpt lat="42.83304" lon="-109.18001">
        <ele>3465.45</ele>
      </trkpt>
      <trkpt lat="42.83304" lon="-109.17994">
        <ele>3466.85</ele>
      </trkpt>
      <trkpt lat="42.83304" lon="-109.17988">
        <ele>3468.09</ele>
      </trkpt>
      <trkpt lat="42.83302" lon="-109.17982">
        <ele>3468.74</ele>
      </trkpt>
      <trkpt lat="42.83301" lon="-109.17975">
        <ele>3469.92</ele>
      </trkpt>
      <trkpt lat="42.833" lon="-109.17968">
        <ele>3470.93</ele>
      </trkpt>
      <trkpt lat="42.833" lon="-109.17968">
        <ele>3470.93</ele>
      </trkpt>
      <trkpt lat="42.83298" lon="-109.17958">
        <ele>3471.9</ele>
      </trkpt>
      <trkpt lat="42.83298" lon="-109.17949">
        <ele>3472.88</ele>
      </trkpt>
      <trkpt lat="42.83298" lon="-109.17942">
        <ele>3473.42</ele>
      </trkpt>
      <trkpt lat="42.83298" lon="-109.17936">
        <ele>3473.54</ele>
      </trkpt>
      <trkpt lat="42.83299" lon="-109.17929">
        <ele>3474.35</ele>
      </trkpt>
      <trkpt lat="42.83299" lon="-109.17923">
        <ele>3474.9</ele>
      </trkpt>
      <trkpt lat="42.83298" lon="-109.17921">
        <ele>3474.9</ele>
      </trkpt>
      <trkpt lat="42.83296" lon="-109.17912">
        <ele>3474.94</ele>
      </trkpt>
      <trkpt lat="42.83296" lon="-109.17862">
        <ele>3475.97</ele>
      </trkpt>
      <trkpt lat="42.83302" lon="-109.17837">
        <ele>3480.07</ele>
      </trkpt>
      <trkpt lat="42.83301" lon="-109.17825">
        <ele>3480.47</ele>
      </trkpt>
      <trkpt lat="42.83306" lon="-109.178">
        <ele>3484.1</ele>
      </trkpt>
      <trkpt lat="42.83307" lon="-109.17772">
        <ele>3485.31</ele>
      </trkpt>
      <trkpt lat="42.83315" lon="-109.17747">
        <ele>3488.05</ele>
      </trkpt>
      <trkpt lat="42.83315" lon="-109.17732">
        <ele>3489.0</ele>
      </trkpt>
      <trkpt lat="42.83314" lon="-109.17725">
        <ele>3490.16</ele>
      </trkpt>
      <trkpt lat="42.83313" lon="-109.17719">
        <ele>3490.76</ele>
      </trkpt>
      <trkpt lat="42.8331" lon="-109.17713">
        <ele>3490.44</ele>
      </trkpt>
      <trkpt lat="42.83308" lon="-109.17706">
        <ele>3491.1</ele>
      </trkpt>
      <trkpt lat="42.83306" lon="-109.177">
        <ele>3491.52</ele>
      </trkpt>
      <trkpt lat="42.83304" lon="-109.17693">
        <ele>3491.82</ele>
      </trkpt>
      <trkpt lat="42.83303" lon="-109.17687">
        <ele>3492.25</ele>
      </trkpt>
      <trkpt lat="42.83303" lon="-109.1768">
        <ele>3493.01</ele>
      </trkpt>
      <trkpt lat="42.83303" lon="-109.17674">
        <ele>3493.81</ele>
      </trkpt>
      <trkpt lat="42.83296" lon="-109.17654">
        <ele>3494.3</ele>
      </trkpt>
      <trkpt lat="42.83296" lon="-109.17647">
        <ele>3495.06</ele>
      </trkpt>
      <trkpt lat="42.83296" lon="-109.17641">
        <ele>3495.71</ele>
      </trkpt>
      <trkpt lat="42.83294" lon="-109.17634">
        <ele>3496.03</ele>
      </trkpt>
      <trkpt lat="42.83293" lon="-109.17627">
        <ele>3496.57</ele>
      </trkpt>
      <trkpt lat="42.83292" lon="-109.17621">
        <ele>3497.0</ele>
      </trkpt>
      <trkpt lat="42.83291" lon="-109.17615">
        <ele>3497.68</ele>
      </trkpt>
      <trkpt lat="42.83288" lon="-109.1761">
        <ele>3497.43</ele>
      </trkpt>
      <trkpt lat="42.83286" lon="-109.17604">
        <ele>3497.63</ele>
      </trkpt>
      <trkpt lat="42.83284" lon="-109.17598">
        <ele>3498.37</ele>
      </trkpt>
      <trkpt lat="42.83284" lon="-109.17595">
        <ele>3498.91</ele>
      </trkpt>
      <trkpt lat="42.8328" lon="-109.17576">
        <ele>3500.29</ele>
      </trkpt>
      <trkpt lat="42.83278" lon="-109.1757">
        <ele>3499.59</ele>
      </trkpt>
      <trkpt lat="42.83276" lon="-109.17564">
        <ele>3499.88</ele>
      </trkpt>
      <trkpt lat="42.83276" lon="-109.17558">
        <ele>3500.4</ele>
      </trkpt>
      <trkpt lat="42.83275" lon="-109.17551">
        <ele>3500.74</ele>
      </trkpt>
      <trkpt lat="42.83274" lon="-109.17545">
        <ele>3500.83</ele>
      </trkpt>
      <trkpt lat="42.83271" lon="-109.1754">
        <ele>3500.3</ele>
      </trkpt>
      <trkpt lat="42.8327" lon="-109.17534">
        <ele>3499.99</ele>
      </trkpt>
      <trkpt lat="42.83272" lon="-109.17528">
        <ele>3499.78</ele>
      </trkpt>
      <trkpt lat="42.83274" lon="-109.17522">
        <ele>3499.81</ele>
      </trkpt>
      <trkpt lat="42.83275" lon="-109.17511">
        <ele>3499.7</ele>
      </trkpt>
      <trkpt lat="42.83276" lon="-109.17505">
        <ele>3499.81</ele>
      </trkpt>
      <trkpt lat="42.83278" lon="-109.17499">
        <ele>3500.05</ele>
      </trkpt>
      <trkpt lat="42.83281" lon="-109.17494">
        <ele>3500.7</ele>
      </trkpt>
      <trkpt lat="42.83282" lon="-109.17487">
        <ele>3501.32</ele>
      </trkpt>
      <trkpt lat="42.83284" lon="-109.1748">
        <ele>3502.45</ele>
      </trkpt>
      <trkpt lat="42.83285" lon="-109.17475">
        <ele>3503.11</ele>
      </trkpt>
      <trkpt lat="42.83285" lon="-109.17456">
        <ele>3505.09</ele>
      </trkpt>
      <trkpt lat="42.83286" lon="-109.17448">
        <ele>3506.28</ele>
      </trkpt>
      <trkpt lat="42.83287" lon="-109.17442">
        <ele>3506.99</ele>
      </trkpt>
      <trkpt lat="42.83286" lon="-109.17436">
        <ele>3506.77</ele>
      </trkpt>
      <trkpt lat="42.83284" lon="-109.17429">
        <ele>3507.01</ele>
      </trkpt>
      <trkpt lat="42.83284" lon="-109.17422">
        <ele>3507.63</ele>
      </trkpt>
      <trkpt lat="42.83286" lon="-109.17416">
        <ele>3508.67</ele>
      </trkpt>
      <trkpt lat="42.83288" lon="-109.17411">
        <ele>3509.21</ele>
      </trkpt>
      <trkpt lat="42.83291" lon="-109.17407">
        <ele>3509.86</ele>
      </trkpt>
      <trkpt lat="42.83297" lon="-109.17397">
        <ele>3511.08</ele>
      </trkpt>
      <trkpt lat="42.833" lon="-109.17392">
        <ele>3511.4</ele>
      </trkpt>
      <trkpt lat="42.83301" lon="-109.17386">
        <ele>3511.51</ele>
      </trkpt>
      <trkpt lat="42.83303" lon="-109.1738">
        <ele>3511.72</ele>
      </trkpt>
      <trkpt lat="42.83303" lon="-109.17373">
        <ele>3511.01</ele>
      </trkpt>
      <trkpt lat="42.83304" lon="-109.17366">
        <ele>3510.83</ele>
      </trkpt>
      <trkpt lat="42.83306" lon="-109.1736">
        <ele>3511.21</ele>
      </trkpt>
      <trkpt lat="42.83308" lon="-109.17354">
        <ele>3512.09</ele>
      </trkpt>
      <trkpt lat="42.83309" lon="-109.17349">
        <ele>3512.18</ele>
      </trkpt>
      <trkpt lat="42.83312" lon="-109.17332">
        <ele>3512.44</ele>
      </trkpt>
      <trkpt lat="42.83315" lon="-109.17324">
        <ele>3513.03</ele>
      </trkpt>
      <trkpt lat="42.83317" lon="-109.17319">
        <ele>3513.05</ele>
      </trkpt>
      <trkpt lat="42.8332" lon="-109.17313">
        <ele>3513.68</ele>
      </trkpt>
      <trkpt lat="42.83322" lon="-109.17308">
        <ele>3514.33</ele>
      </trkpt>
      <trkpt lat="42.83323" lon="-109.17301">
        <ele>3514.22</ele>
      </trkpt>
      <trkpt lat="42.83323" lon="-109.17295">
        <ele>3513.77</ele>
      </trkpt>
      <trkpt lat="42.83322" lon="-109.17288">
        <ele>3513.55</ele>
      </trkpt>
      <trkpt lat="42.83319" lon="-109.17282">
        <ele>3512.9</ele>
      </trkpt>
      <trkpt lat="42.83315" lon="-109.17278">
        <ele>3512.04</ele>
      </trkpt>
      <trkpt lat="42.83311" lon="-109.17274">
        <ele>3511.59</ele>
      </trkpt>
      <trkpt lat="42.83309" lon="-109.17271">
        <ele>3511.37</ele>
      </trkpt>
      <trkpt lat="42.83303" lon="-109.17253">
        <ele>3511.49</ele>
      </trkpt>
      <trkpt lat="42.833" lon="-109.17248">
        <ele>3511.4</ele>
      </trkpt>
      <trkpt lat="42.83297" lon="-109.17243">
        <ele>3511.08</ele>
      </trkpt>
      <trkpt lat="42.83293" lon="-109.17238">
        <ele>3510.64</ele>
      </trkpt>
      <trkpt lat="42.8329" lon="-109.17233">
        <ele>3510.32</ele>
      </trkpt>
      <trkpt lat="42.83289" lon="-109.17232">
        <ele>3510.21</ele>
      </trkpt>
      <trkpt lat="42.83276" lon="-109.17208">
        <ele>3509.81</ele>
      </trkpt>
      <trkpt lat="42.83275" lon="-109.17202">
        <ele>3509.7</ele>
      </trkpt>
      <trkpt lat="42.83274" lon="-109.17196">
        <ele>3509.59</ele>
      </trkpt>
      <trkpt lat="42.83271" lon="-109.1719">
        <ele>3509.27</ele>
      </trkpt>
      <trkpt lat="42.8327" lon="-109.17184">
        <ele>3509.16</ele>
      </trkpt>
      <trkpt lat="42.8327" lon="-109.17177">
        <ele>3509.16</ele>
      </trkpt>
      <trkpt lat="42.83271" lon="-109.17171">
        <ele>3509.27</ele>
      </trkpt>
      <trkpt lat="42.83271" lon="-109.17166">
        <ele>3509.25</ele>
      </trkpt>
      <trkpt lat="42.83267" lon="-109.17152">
        <ele>3508.84</ele>
      </trkpt>
      <trkpt lat="42.83266" lon="-109.17145">
        <ele>3508.73</ele>
      </trkpt>
      <trkpt lat="42.83266" lon="-109.17138">
        <ele>3508.66</ele>
      </trkpt>
      <trkpt lat="42.83267" lon="-109.17131">
        <ele>3508.12</ele>
      </trkpt>
      <trkpt lat="42.83269" lon="-109.17125">
        <ele>3508.05</ele>
      </trkpt>
      <trkpt lat="42.83272" lon="-109.1712">
        <ele>3508.38</ele>
      </trkpt>
      <trkpt lat="42.83271" lon="-109.17114">
        <ele>3508.27</ele>
      </trkpt>
      <trkpt lat="42.83266" lon="-109.17113">
        <ele>3507.78</ele>
      </trkpt>
      <trkpt lat="42.83261" lon="-109.17113">
        <ele>3507.35</ele>
      </trkpt>
      <trkpt lat="42.83257" lon="-109.17114">
        <ele>3507.24</ele>
      </trkpt>
      <trkpt lat="42.83252" lon="-109.17116">
        <ele>3507.11</ele>
      </trkpt>
      <trkpt lat="42.8325" lon="-109.17117">
        <ele>3507.0</ele>
      </trkpt>
      <trkpt lat="42.83236" lon="-109.17122">
        <ele>3506.49</ele>
      </trkpt>
      <trkpt lat="42.83231" lon="-109.17124">
        <ele>3506.0</ele>
      </trkpt>
      <trkpt lat="42.83226" lon="-109.17123">
        <ele>3506.0</ele>
      </trkpt>
      <trkpt lat="42.83222" lon="-109.17123">
        <ele>3505.98</ele>
      </trkpt>
      <trkpt lat="42.83217" lon="-109.17125">
        <ele>3505.44</ele>
      </trkpt>
      <trkpt lat="42.83212" lon="-109.17127">
        <ele>3505.0</ele>
      </trkpt>
      <trkpt lat="42.83207" lon="-109.17128">
        <ele>3505.0</ele>
      </trkpt>
      <trkpt lat="42.83205" lon="-109.17128">
        <ele>3505.0</ele>
      </trkpt>
      <trkpt lat="42.83194" lon="-109.17132">
        <ele>3504.96</ele>
      </trkpt>
      <trkpt lat="42.83189" lon="-109.17135">
        <ele>3504.75</ele>
      </trkpt>
      <trkpt lat="42.83186" lon="-109.17139">
        <ele>3505.0</ele>
      </trkpt>
      <trkpt lat="42.83181" lon="-109.17142">
        <ele>3505.0</ele>
      </trkpt>
      <trkpt lat="42.83178" lon="-109.17146">
        <ele>3505.0</ele>
      </trkpt>
      <trkpt lat="42.83174" lon="-109.1715">
        <ele>3505.0</ele>
      </trkpt>
      <trkpt lat="42.83174" lon="-109.1715">
        <ele>3505.0</ele>
      </trkpt>
      <trkpt lat="42.83169" lon="-109.17164">
        <ele>3505.0</ele>
      </trkpt>
      <trkpt lat="42.83167" lon="-109.1717">
        <ele>3505.36</ele>
      </trkpt>
      <trkpt lat="42.83164" lon="-109.17176">
        <ele>3506.0</ele>
      </trkpt>
      <trkpt lat="42.83162" lon="-109.17181">
        <ele>3506.0</ele>
      </trkpt>
      <trkpt lat="42.83159" lon="-109.17186">
        <ele>3506.0</ele>
      </trkpt>
      <trkpt lat="42.83155" lon="-109.1719">
        <ele>3506.0</ele>
      </trkpt>
      <trkpt lat="42.83155" lon="-109.1719">
        <ele>3506.0</ele>
      </trkpt>
      <trkpt lat="42.83138" lon="-109.17209">
        <ele>3506.0</ele>
      </trkpt>
      <trkpt lat="42.83131" lon="-109.17217">
        <ele>3506.0</ele>
      </trkpt>
      <trkpt lat="42.83128" lon="-109.17221">
        <ele>3506.02</ele>
      </trkpt>
      <trkpt lat="42.83124" lon="-109.17226">
        <ele>3506.0</ele>
      </trkpt>
      <trkpt lat="42.83122" lon="-109.17229">
        <ele>3506.0</ele>
      </trkpt>
      <trkpt lat="42.83113" lon="-109.17242">
        <ele>3505.18</ele>
      </trkpt>
      <trkpt lat="42.83109" lon="-109.17246">
        <ele>3505.0</ele>
      </trkpt>
      <trkpt lat="42.83106" lon="-109.1725">
        <ele>3505.0</ele>
      </trkpt>
      <trkpt lat="42.83101" lon="-109.17254">
        <ele>3505.09</ele>
      </trkpt>
      <trkpt lat="42.831" lon="-109.17254">
        <ele>3505.2</ele>
      </trkpt>
      <trkpt lat="42.83091" lon="-109.1726">
        <ele>3506.17</ele>
      </trkpt>
      <trkpt lat="42.83087" lon="-109.17263">
        <ele>3506.6</ele>
      </trkpt>
      <trkpt lat="42.83084" lon="-109.17268">
        <ele>3506.93</ele>
      </trkpt>
      <trkpt lat="42.83082" lon="-109.17274">
        <ele>3507.29</ele>
      </trkpt>
      <trkpt lat="42.83082" lon="-109.17274">
        <ele>3507.29</ele>
      </trkpt>
      <trkpt lat="42.83078" lon="-109.17283">
        <ele>3508.15</ele>
      </trkpt>
      <trkpt lat="42.83075" lon="-109.17288">
        <ele>3508.8</ele>
      </trkpt>
      <trkpt lat="42.83074" lon="-109.17294">
        <ele>3509.01</ele>
      </trkpt>
      <trkpt lat="42.83071" lon="-109.1731">
        <ele>3509.01</ele>
      </trkpt>
      <trkpt lat="42.83069" lon="-109.17316">
        <ele>3509.15</ele>
      </trkpt>
      <trkpt lat="42.83067" lon="-109.17322">
        <ele>3509.71</ele>
      </trkpt>
      <trkpt lat="42.83065" lon="-109.17328">
        <ele>3509.98</ele>
      </trkpt>
      <trkpt lat="42.83065" lon="-109.17329">
        <ele>3509.98</ele>
      </trkpt>
      <trkpt lat="42.83065" lon="-109.17344">
        <ele>3509.98</ele>
      </trkpt>
      <trkpt lat="42.83063" lon="-109.1735">
        <ele>3510.39</ele>
      </trkpt>
      <trkpt lat="42.8306" lon="-109.17356">
        <ele>3511.04</ele>
      </trkpt>
      <trkpt lat="42.83058" lon="-109.17362">
        <ele>3511.47</ele>
      </trkpt>
      <trkpt lat="42.83056" lon="-109.17367">
        <ele>3511.9</ele>
      </trkpt>
      <trkpt lat="42.83055" lon="-109.17374">
        <ele>3512.18</ele>
      </trkpt>
      <trkpt lat="42.83054" lon="-109.17377">
        <ele>3512.5</ele>
      </trkpt>
      <trkpt lat="42.83052" lon="-109.1738">
        <ele>3513.15</ele>
      </trkpt>
      <trkpt lat="42.83052" lon="-109.1738">
        <ele>3513.15</ele>
      </trkpt>
      <trkpt lat="42.8305" lon="-109.1738">
        <ele>3513.8</ele>
      </trkpt>
      <trkpt lat="42.83051" lon="-109.17373">
        <ele>3513.48</ele>
      </trkpt>
      <trkpt lat="42.83052" lon="-109.17367">
        <ele>3513.15</ele>
      </trkpt>
      <trkpt lat="42.83052" lon="-109.1736">
        <ele>3513.15</ele>
      </trkpt>
      <trkpt lat="42.83051" lon="-109.17354">
        <ele>3513.48</ele>
      </trkpt>
      <trkpt lat="42.83049" lon="-109.17348">
        <ele>3513.83</ele>
      </trkpt>
      <trkpt lat="42.83049" lon="-109.17347">
        <ele>3513.75</ele>
      </trkpt>
      <trkpt lat="42.83044" lon="-109.17338">
        <ele>3514.74</ele>
      </trkpt>
      <trkpt lat="42.83041" lon="-109.17333">
        <ele>3515.72</ele>
      </trkpt>
      <trkpt lat="42.83039" lon="-109.17328">
        <ele>3516.36</ele>
      </trkpt>
      <trkpt lat="42.83038" lon="-109.17322">
        <ele>3516.69</ele>
      </trkpt>
      <trkpt lat="42.83036" lon="-109.17316">
        <ele>3517.34</ele>
      </trkpt>
      <trkpt lat="42.83034" lon="-109.17311">
        <ele>3517.85</ele>
      </trkpt>
      <trkpt lat="42.83032" lon="-109.1731">
        <ele>3518.35</ele>
      </trkpt>
      <trkpt lat="42.83032" lon="-109.17317">
        <ele>3518.63</ele>
      </trkpt>
      <trkpt lat="42.83032" lon="-109.17323">
        <ele>3518.63</ele>
      </trkpt>
      <trkpt lat="42.83031" lon="-109.17329">
        <ele>3518.96</ele>
      </trkpt>
      <trkpt lat="42.83029" lon="-109.17334">
        <ele>3519.6</ele>
      </trkpt>
      <trkpt lat="42.83022" lon="-109.1736">
        <ele>3522.87</ele>
      </trkpt>
      <trkpt lat="42.83022" lon="-109.17367">
        <ele>3522.87</ele>
      </trkpt>
      <trkpt lat="42.83022" lon="-109.17374">
        <ele>3523.12</ele>
      </trkpt>
      <trkpt lat="42.83022" lon="-109.17381">
        <ele>3523.55</ele>
      </trkpt>
      <trkpt lat="42.83021" lon="-109.17387">
        <ele>3524.14</ele>
      </trkpt>
      <trkpt lat="42.8302" lon="-109.17393">
        <ele>3524.89</ele>
      </trkpt>
      <trkpt lat="42.83019" lon="-109.17397">
        <ele>3525.67</ele>
      </trkpt>
      <trkpt lat="42.83015" lon="-109.17415">
        <ele>3528.03</ele>
      </trkpt>
      <trkpt lat="42.83016" lon="-109.17422">
        <ele>3527.97</ele>
      </trkpt>
      <trkpt lat="42.83016" lon="-109.17429">
        <ele>3528.33</ele>
      </trkpt>
      <trkpt lat="42.83016" lon="-109.17437">
        <ele>3528.82</ele>
      </trkpt>
      <trkpt lat="42.83016" lon="-109.17443">
        <ele>3528.82</ele>
      </trkpt>
      <trkpt lat="42.83014" lon="-109.1745">
        <ele>3529.76</ele>
      </trkpt>
      <trkpt lat="42.83012" lon="-109.17457">
        <ele>3530.82</ele>
      </trkpt>
      <trkpt lat="42.8301" lon="-109.17463">
        <ele>3531.68</ele>
      </trkpt>
      <trkpt lat="42.83009" lon="-109.17465">
        <ele>3532.09</ele>
      </trkpt>
      <trkpt lat="42.83007" lon="-109.17477">
        <ele>3532.98</ele>
      </trkpt>
      <trkpt lat="42.83007" lon="-109.17484">
        <ele>3532.98</ele>
      </trkpt>
      <trkpt lat="42.83007" lon="-109.1749">
        <ele>3532.98</ele>
      </trkpt>
      <trkpt lat="42.83007" lon="-109.17497">
        <ele>3532.98</ele>
      </trkpt>
      <trkpt lat="42.83007" lon="-109.17504">
        <ele>3533.41</ele>
      </trkpt>
      <trkpt lat="42.83006" lon="-109.17511">
        <ele>3534.41</ele>
      </trkpt>
      <trkpt lat="42.83005" lon="-109.17518">
        <ele>3534.84</ele>
      </trkpt>
      <trkpt lat="42.83004" lon="-109.17524">
        <ele>3535.27</ele>
      </trkpt>
      <trkpt lat="42.83004" lon="-109.17525">
        <ele>3535.27</ele>
      </trkpt>
      <trkpt lat="42.82996" lon="-109.17549">
        <ele>3539.42</ele>
      </trkpt>
      <trkpt lat="42.82994" lon="-109.17555">
        <ele>3540.55</ele>
      </trkpt>
      <trkpt lat="42.82993" lon="-109.17561">
        <ele>3541.02</ele>
      </trkpt>
      <trkpt lat="42.82993" lon="-109.17567">
        <ele>3541.08</ele>
      </trkpt>
      <trkpt lat="42.82993" lon="-109.17574">
        <ele>3541.27</ele>
      </trkpt>
      <trkpt lat="42.82992" lon="-109.1758">
        <ele>3542.14</ele>
      </trkpt>
      <trkpt lat="42.82992" lon="-109.1758">
        <ele>3542.14</ele>
      </trkpt>
      <trkpt lat="42.82982" lon="-109.17626">
        <ele>3546.81</ele>
      </trkpt>
      <trkpt lat="42.82981" lon="-109.17634">
        <ele>3547.66</ele>
      </trkpt>
      <trkpt lat="42.82979" lon="-109.17641">
        <ele>3548.87</ele>
      </trkpt>
      <trkpt lat="42.82979" lon="-109.17642">
        <ele>3548.89</ele>
      </trkpt>
      <trkpt lat="42.82976" lon="-109.17655">
        <ele>3550.37</ele>
      </trkpt>
      <trkpt lat="42.82974" lon="-109.17661">
        <ele>3551.31</ele>
      </trkpt>
      <trkpt lat="42.82972" lon="-109.17668">
        <ele>3552.07</ele>
      </trkpt>
      <trkpt lat="42.82971" lon="-109.17674">
        <ele>3552.4</ele>
      </trkpt>
      <trkpt lat="42.82969" lon="-109.1768">
        <ele>3553.33</ele>
      </trkpt>
      <trkpt lat="42.82968" lon="-109.17686">
        <ele>3553.95</ele>
      </trkpt>
      <trkpt lat="42.82966" lon="-109.17693">
        <ele>3554.91</ele>
      </trkpt>
      <trkpt lat="42.82965" lon="-109.17697">
        <ele>3555.34</ele>
      </trkpt>
      <trkpt lat="42.82959" lon="-109.17729">
        <ele>3556.86</ele>
      </trkpt>
      <trkpt lat="42.82957" lon="-109.17735">
        <ele>3557.29</ele>
      </trkpt>
      <trkpt lat="42.82956" lon="-109.17742">
        <ele>3557.5</ele>
      </trkpt>
      <trkpt lat="42.82955" lon="-109.17748">
        <ele>3557.72</ele>
      </trkpt>
      <trkpt lat="42.82954" lon="-109.17752">
        <ele>3557.94</ele>
      </trkpt>
      <trkpt lat="42.82941" lon="-109.17796">
        <ele>3560.74</ele>
      </trkpt>
      <trkpt lat="42.82939" lon="-109.17802">
        <ele>3561.54</ele>
      </trkpt>
      <trkpt lat="42.82937" lon="-109.17807">
        <ele>3562.44</ele>
      </trkpt>
      <trkpt lat="42.82936" lon="-109.17814">
        <ele>3562.82</ele>
      </trkpt>
      <trkpt lat="42.82934" lon="-109.1782">
        <ele>3563.87</ele>
      </trkpt>
      <trkpt lat="42.82933" lon="-109.17823">
        <ele>3564.38</ele>
      </trkpt>
      <trkpt lat="42.82925" lon="-109.17851">
        <ele>3567.29</ele>
      </trkpt>
      <trkpt lat="42.82924" lon="-109.17857">
        <ele>3568.06</ele>
      </trkpt>
      <trkpt lat="42.82922" lon="-109.17862">
        <ele>3568.89</ele>
      </trkpt>
      <trkpt lat="42.82919" lon="-109.17867">
        <ele>3569.97</ele>
      </trkpt>
      <trkpt lat="42.82918" lon="-109.17874">
        <ele>3570.57</ele>
      </trkpt>
      <trkpt lat="42.82916" lon="-109.17878">
        <ele>3571.14</ele>
      </trkpt>
      <trkpt lat="42.82912" lon="-109.17893">
        <ele>3572.23</ele>
      </trkpt>
      <trkpt lat="42.82912" lon="-109.179">
        <ele>3572.51</ele>
      </trkpt>
      <trkpt lat="42.8291" lon="-109.17907">
        <ele>3573.16</ele>
      </trkpt>
      <trkpt lat="42.82909" lon="-109.17913">
        <ele>3573.48</ele>
      </trkpt>
      <trkpt lat="42.82907" lon="-109.17919">
        <ele>3574.09</ele>
      </trkpt>
      <trkpt lat="42.82905" lon="-109.17934">
        <ele>3574.52</ele>
      </trkpt>
      <trkpt lat="42.82903" lon="-109.17939">
        <ele>3574.95</ele>
      </trkpt>
      <trkpt lat="42.82902" lon="-109.17946">
        <ele>3575.17</ele>
      </trkpt>
      <trkpt lat="42.829" lon="-109.17953">
        <ele>3575.6</ele>
      </trkpt>
      <trkpt lat="42.82898" lon="-109.17959">
        <ele>3576.05</ele>
      </trkpt>
      <trkpt lat="42.82896" lon="-109.17964">
        <ele>3576.7</ele>
      </trkpt>
      <trkpt lat="42.82893" lon="-109.1797">
        <ele>3577.67</ele>
      </trkpt>
      <trkpt lat="42.82893" lon="-109.17971">
        <ele>3577.67</ele>
      </trkpt>
      <trkpt lat="42.82891" lon="-109.17991">
        <ele>3577.32</ele>
      </trkpt>
      <trkpt lat="42.8289" lon="-109.17998">
        <ele>3577.64</ele>
      </trkpt>
      <trkpt lat="42.82889" lon="-109.18005">
        <ele>3577.96</ele>
      </trkpt>
      <trkpt lat="42.82888" lon="-109.18012">
        <ele>3577.99</ele>
      </trkpt>
      <trkpt lat="42.82887" lon="-109.18018">
        <ele>3577.67</ele>
      </trkpt>
      <trkpt lat="42.82886" lon="-109.18021">
        <ele>3577.94</ele>
      </trkpt>
      <trkpt lat="42.8288" lon="-109.18032">
        <ele>3579.42</ele>
      </trkpt>
      <trkpt lat="42.82877" lon="-109.18038">
        <ele>3580.11</ele>
      </trkpt>
      <trkpt lat="42.82876" lon="-109.18044">
        <ele>3580.27</ele>
      </trkpt>
      <trkpt lat="42.82875" lon="-109.1805">
        <ele>3580.1</ele>
      </trkpt>
      <trkpt lat="42.82872" lon="-109.18056">
        <ele>3580.47</ele>
      </trkpt>
      <trkpt lat="42.82871" lon="-109.18062">
        <ele>3580.8</ele>
      </trkpt>
      <trkpt lat="42.82869" lon="-109.18068">
        <ele>3581.1</ele>
      </trkpt>
      <trkpt lat="42.82866" lon="-109.18073">
        <ele>3581.53</ele>
      </trkpt>
      <trkpt lat="42.82863" lon="-109.18081">
        <ele>3582.24</ele>
      </trkpt>
      <trkpt lat="42.82862" lon="-109.18087">
        <ele>3582.26</ele>
      </trkpt>
      <trkpt lat="42.8286" lon="-109.18093">
        <ele>3582.32</ele>
      </trkpt>
      <trkpt lat="42.82859" lon="-109.18099">
        <ele>3581.99</ele>
      </trkpt>
      <trkpt lat="42.82857" lon="-109.18105">
        <ele>3581.99</ele>
      </trkpt>
      <trkpt lat="42.82856" lon="-109.18111">
        <ele>3581.67</ele>
      </trkpt>
      <trkpt lat="42.82853" lon="-109.18117">
        <ele>3581.99</ele>
      </trkpt>
      <trkpt lat="42.82851" lon="-109.18121">
        <ele>3582.21</ele>
      </trkpt>
      <trkpt lat="42.82848" lon="-109.18136">
        <ele>3581.56</ele>
      </trkpt>
      <trkpt lat="42.82844" lon="-109.18142">
        <ele>3582.21</ele>
      </trkpt>
      <trkpt lat="42.82842" lon="-109.18147">
        <ele>3582.26</ele>
      </trkpt>
      <trkpt lat="42.8284" lon="-109.1815">
        <ele>3582.36</ele>
      </trkpt>
      <trkpt lat="42.82835" lon="-109.18162">
        <ele>3582.14</ele>
      </trkpt>
      <trkpt lat="42.82832" lon="-109.18166">
        <ele>3582.5</ele>
      </trkpt>
      <trkpt lat="42.82829" lon="-109.18171">
        <ele>3582.94</ele>
      </trkpt>
      <trkpt lat="42.82825" lon="-109.18176">
        <ele>3583.68</ele>
      </trkpt>
      <trkpt lat="42.82825" lon="-109.18176">
        <ele>3583.68</ele>
      </trkpt>
      <trkpt lat="42.82816" lon="-109.18193">
        <ele>3582.9</ele>
      </trkpt>
      <trkpt lat="42.82813" lon="-109.18197">
        <ele>3583.12</ele>
      </trkpt>
      <trkpt lat="42.8281" lon="-109.18203">
        <ele>3583.12</ele>
      </trkpt>
      <trkpt lat="42.82807" lon="-109.18208">
        <ele>3583.22</ele>
      </trkpt>
      <trkpt lat="42.82804" lon="-109.18213">
        <ele>3583.33</ele>
      </trkpt>
      <trkpt lat="42.82803" lon="-109.18216">
        <ele>3583.22</ele>
      </trkpt>
      <trkpt lat="42.82795" lon="-109.18232">
        <ele>3583.22</ele>
      </trkpt>
      <trkpt lat="42.82791" lon="-109.18238">
        <ele>3583.44</ele>
      </trkpt>
      <trkpt lat="42.82788" lon="-109.18242">
        <ele>3583.66</ele>
      </trkpt>
      <trkpt lat="42.82785" lon="-109.18247">
        <ele>3583.76</ele>
      </trkpt>
      <trkpt lat="42.82785" lon="-109.18248">
        <ele>3583.66</ele>
      </trkpt>
      <trkpt lat="42.82775" lon="-109.18258">
        <ele>3584.74</ele>
      </trkpt>
      <trkpt lat="42.82772" lon="-109.18262">
        <ele>3585.06</ele>
      </trkpt>
      <trkpt lat="42.82769" lon="-109.18267">
        <ele>3585.1</ele>
      </trkpt>
      <trkpt lat="42.82765" lon="-109.18271">
        <ele>3585.66</ele>
      </trkpt>
      <trkpt lat="42.82763" lon="-109.18272">
        <ele>3585.97</ele>
      </trkpt>
      <trkpt lat="42.82755" lon="-109.18288">
        <ele>3586.4</ele>
      </trkpt>
      <trkpt lat="42.82752" lon="-109.18293">
        <ele>3586.64</ele>
      </trkpt>
      <trkpt lat="42.82749" lon="-109.18298">
        <ele>3587.03</ele>
      </trkpt>
      <trkpt lat="42.82745" lon="-109.18303">
        <ele>3587.36</ele>
      </trkpt>
      <trkpt lat="42.82745" lon="-109.18304">
        <ele>3587.25</ele>
      </trkpt>
      <trkpt lat="42.82736" lon="-109.18318">
        <ele>3587.68</ele>
      </trkpt>
      <trkpt lat="42.82732" lon="-109.18322">
        <ele>3588.11</ele>
      </trkpt>
      <trkpt lat="42.82729" lon="-109.18326">
        <ele>3588.33</ele>
      </trkpt>
      <trkpt lat="42.82725" lon="-109.1833">
        <ele>3588.76</ele>
      </trkpt>
      <trkpt lat="42.82722" lon="-109.18334">
        <ele>3588.98</ele>
      </trkpt>
      <trkpt lat="42.82712" lon="-109.18348">
        <ele>3589.62</ele>
      </trkpt>
      <trkpt lat="42.82709" lon="-109.18353">
        <ele>3589.86</ele>
      </trkpt>
      <trkpt lat="42.82705" lon="-109.18357">
        <ele>3590.72</ele>
      </trkpt>
      <trkpt lat="42.82702" lon="-109.18363">
        <ele>3591.02</ele>
      </trkpt>
      <trkpt lat="42.827" lon="-109.18368">
        <ele>3590.95</ele>
      </trkpt>
      <trkpt lat="42.82699" lon="-109.18369">
        <ele>3591.09</ele>
      </trkpt>
      <trkpt lat="42.82688" lon="-109.18377">
        <ele>3592.68</ele>
      </trkpt>
      <trkpt lat="42.82684" lon="-109.1838">
        <ele>3593.22</ele>
      </trkpt>
      <trkpt lat="42.82681" lon="-109.18385">
        <ele>3593.32</ele>
      </trkpt>
      <trkpt lat="42.82679" lon="-109.18388">
        <ele>3593.43</ele>
      </trkpt>
      <trkpt lat="42.8267" lon="-109.18397">
        <ele>3594.4</ele>
      </trkpt>
      <trkpt lat="42.82666" lon="-109.184">
        <ele>3594.89</ele>
      </trkpt>
      <trkpt lat="42.82662" lon="-109.18404">
        <ele>3595.19</ele>
      </trkpt>
      <trkpt lat="42.82661" lon="-109.18404">
        <ele>3595.37</ele>
      </trkpt>
      <trkpt lat="42.82648" lon="-109.18416">
        <ele>3596.09</ele>
      </trkpt>
      <trkpt lat="42.82645" lon="-109.1842">
        <ele>3596.34</ele>
      </trkpt>
      <trkpt lat="42.82641" lon="-109.18424">
        <ele>3596.77</ele>
      </trkpt>
      <trkpt lat="42.82637" lon="-109.18429">
        <ele>3596.87</ele>
      </trkpt>
      <trkpt lat="42.82635" lon="-109.18431">
        <ele>3596.87</ele>
      </trkpt>
      <trkpt lat="42.82625" lon="-109.18441">
        <ele>3596.87</ele>
      </trkpt>
      <trkpt lat="42.82621" lon="-109.18446">
        <ele>3596.93</ele>
      </trkpt>
      <trkpt lat="42.82619" lon="-109.18451">
        <ele>3597.04</ele>
      </trkpt>
      <trkpt lat="42.82614" lon="-109.18453">
        <ele>3597.05</ele>
      </trkpt>
      <trkpt lat="42.82609" lon="-109.18453">
        <ele>3597.09</ele>
      </trkpt>
      <trkpt lat="42.82608" lon="-109.18452">
        <ele>3597.25</ele>
      </trkpt>
      <trkpt lat="42.82603" lon="-109.18448">
        <ele>3598.16</ele>
      </trkpt>
      <trkpt lat="42.82598" lon="-109.18448">
        <ele>3597.98</ele>
      </trkpt>
      <trkpt lat="42.82593" lon="-109.18449">
        <ele>3597.53</ele>
      </trkpt>
      <trkpt lat="42.82592" lon="-109.18449">
        <ele>3597.41</ele>
      </trkpt>
      <trkpt lat="42.82583" lon="-109.18441">
        <ele>3597.3</ele>
      </trkpt>
      <trkpt lat="42.82579" lon="-109.18438">
        <ele>3596.76</ele>
      </trkpt>
      <trkpt lat="42.82574" lon="-109.18436">
        <ele>3595.9</ele>
      </trkpt>
      <trkpt lat="42.8257" lon="-109.18433">
        <ele>3595.36</ele>
      </trkpt>
      <trkpt lat="42.82567" lon="-109.18429">
        <ele>3595.14</ele>
      </trkpt>
      <trkpt lat="42.82563" lon="-109.18425">
        <ele>3594.71</ele>
      </trkpt>
      <trkpt lat="42.8256" lon="-109.18423">
        <ele>3594.28</ele>
      </trkpt>
      <trkpt lat="42.82553" lon="-109.18422">
        <ele>3592.87</ele>
      </trkpt>
      <trkpt lat="42.82549" lon="-109.18418">
        <ele>3592.44</ele>
      </trkpt>
      <trkpt lat="42.82545" lon="-109.18416">
        <ele>3591.86</ele>
      </trkpt>
      <trkpt lat="42.82541" lon="-109.18419">
        <ele>3590.46</ele>
      </trkpt>
      <trkpt lat="42.82536" lon="-109.1842">
        <ele>3589.06</ele>
      </trkpt>
      <trkpt lat="42.82533" lon="-109.1842">
        <ele>3588.41</ele>
      </trkpt>
      <trkpt lat="42.82523" lon="-109.18419">
        <ele>3586.59</ele>
      </trkpt>
      <trkpt lat="42.82519" lon="-109.18417">
        <ele>3586.07</ele>
      </trkpt>
      <trkpt lat="42.82514" lon="-109.18414">
        <ele>3586.09</ele>
      </trkpt>
      <trkpt lat="42.8251" lon="-109.1841">
        <ele>3586.52</ele>
      </trkpt>
      <trkpt lat="42.82506" lon="-109.18407">
        <ele>3586.74</ele>
      </trkpt>
      <trkpt lat="42.82501" lon="-109.18406">
        <ele>3586.41</ele>
      </trkpt>
      <trkpt lat="42.825" lon="-109.18406">
        <ele>3586.3</ele>
      </trkpt>
      <trkpt lat="42.82486" lon="-109.18401">
        <ele>3585.18</ele>
      </trkpt>
      <trkpt lat="42.82481" lon="-109.184">
        <ele>3584.74</ele>
      </trkpt>
      <trkpt lat="42.82476" lon="-109.18398">
        <ele>3584.42</ele>
      </trkpt>
      <trkpt lat="42.82471" lon="-109.18397">
        <ele>3583.88</ele>
      </trkpt>
      <trkpt lat="42.82467" lon="-109.18396">
        <ele>3583.23</ele>
      </trkpt>
      <trkpt lat="42.82465" lon="-109.18396">
        <ele>3582.85</ele>
      </trkpt>
      <trkpt lat="42.82454" lon="-109.18393">
        <ele>3581.61</ele>
      </trkpt>
      <trkpt lat="42.82449" lon="-109.18392">
        <ele>3580.65</ele>
      </trkpt>
      <trkpt lat="42.82444" lon="-109.1839">
        <ele>3579.78</ele>
      </trkpt>
      <trkpt lat="42.82439" lon="-109.18389">
        <ele>3578.81</ele>
      </trkpt>
      <trkpt lat="42.82436" lon="-109.18388">
        <ele>3578.37</ele>
      </trkpt>
      <trkpt lat="42.82414" lon="-109.18385">
        <ele>3573.72</ele>
      </trkpt>
      <trkpt lat="42.82408" lon="-109.18385">
        <ele>3572.15</ele>
      </trkpt>
      <trkpt lat="42.82404" lon="-109.18386">
        <ele>3571.38</ele>
      </trkpt>
      <trkpt lat="42.82399" lon="-109.18388">
        <ele>3570.27</ele>
      </trkpt>
      <trkpt lat="42.82395" lon="-109.18391">
        <ele>3569.09</ele>
      </trkpt>
      <trkpt lat="42.82394" lon="-109.18391">
        <ele>3568.88</ele>
      </trkpt>
      <trkpt lat="42.82375" lon="-109.1839">
        <ele>3565.88</ele>
      </trkpt>
      <trkpt lat="42.8237" lon="-109.18388">
        <ele>3565.02</ele>
      </trkpt>
      <trkpt lat="42.82366" lon="-109.18389">
        <ele>3564.05</ele>
      </trkpt>
      <trkpt lat="42.82361" lon="-109.1839">
        <ele>3562.98</ele>
      </trkpt>
      <trkpt lat="42.82356" lon="-109.1839">
        <ele>3561.9</ele>
      </trkpt>
      <trkpt lat="42.82352" lon="-109.18388">
        <ele>3561.13</ele>
      </trkpt>
      <trkpt lat="42.82351" lon="-109.18388">
        <ele>3560.9</ele>
      </trkpt>
      <trkpt lat="42.82343" lon="-109.18384">
        <ele>3559.11</ele>
      </trkpt>
      <trkpt lat="42.82338" lon="-109.18384">
        <ele>3557.77</ele>
      </trkpt>
      <trkpt lat="42.82333" lon="-109.18384">
        <ele>3556.42</ele>
      </trkpt>
      <trkpt lat="42.82329" lon="-109.18382">
        <ele>3555.34</ele>
      </trkpt>
      <trkpt lat="42.82326" lon="-109.18377">
        <ele>3554.85</ele>
      </trkpt>
      <trkpt lat="42.82322" lon="-109.18373">
        <ele>3554.04</ele>
      </trkpt>
      <trkpt lat="42.82318" lon="-109.18372">
        <ele>3552.86</ele>
      </trkpt>
      <trkpt lat="42.82317" lon="-109.18372">
        <ele>3552.53</ele>
      </trkpt>
      <trkpt lat="42.82313" lon="-109.18373">
        <ele>3551.32</ele>
      </trkpt>
      <trkpt lat="42.82308" lon="-109.18373">
        <ele>3550.24</ele>
      </trkpt>
      <trkpt lat="42.82307" lon="-109.18373">
        <ele>3550.03</ele>
      </trkpt>
      <trkpt lat="42.82304" lon="-109.18371">
        <ele>3549.43</ele>
      </trkpt>
      <trkpt lat="42.82299" lon="-109.18372">
        <ele>3547.7</ele>
      </trkpt>
      <trkpt lat="42.82296" lon="-109.18373">
        <ele>3546.62</ele>
      </trkpt>
      <trkpt lat="42.82292" lon="-109.18374">
        <ele>3545.22</ele>
      </trkpt>
      <trkpt lat="42.82288" lon="-109.18378">
        <ele>3543.49</ele>
      </trkpt>
      <trkpt lat="42.82284" lon="-109.1838">
        <ele>3541.98</ele>
      </trkpt>
      <trkpt lat="42.8228" lon="-109.18381">
        <ele>3540.57</ele>
      </trkpt>
      <trkpt lat="42.8228" lon="-109.18381">
        <ele>3540.57</ele>
      </trkpt>
      <trkpt lat="42.82269" lon="-109.18392">
        <ele>3536.77</ele>
      </trkpt>
      <trkpt lat="42.8226" lon="-109.18391">
        <ele>3535.14</ele>
      </trkpt>
      <trkpt lat="42.82255" lon="-109.18392">
        <ele>3534.39</ele>
      </trkpt>
      <trkpt lat="42.82248" lon="-109.18394">
        <ele>3533.23</ele>
      </trkpt>
      <trkpt lat="42.82239" lon="-109.18401">
        <ele>3531.5</ele>
      </trkpt>
      <trkpt lat="42.82232" lon="-109.18409">
        <ele>3529.88</ele>
      </trkpt>
      <trkpt lat="42.82227" lon="-109.18414">
        <ele>3528.8</ele>
      </trkpt>
      <trkpt lat="42.82222" lon="-109.18415">
        <ele>3528.16</ele>
      </trkpt>
      <trkpt lat="42.82217" lon="-109.18414">
        <ele>3527.72</ele>
      </trkpt>
      <trkpt lat="42.82215" lon="-109.18414">
        <ele>3527.51</ele>
      </trkpt>
      <trkpt lat="42.82205" lon="-109.18413">
        <ele>3526.54</ele>
      </trkpt>
      <trkpt lat="42.822" lon="-109.18415">
        <ele>3525.78</ele>
      </trkpt>
      <trkpt lat="42.82195" lon="-109.18416">
        <ele>3525.13</ele>
      </trkpt>
      <trkpt lat="42.8219" lon="-109.18419">
        <ele>3524.75</ele>
      </trkpt>
      <trkpt lat="42.82188" lon="-109.18419">
        <ele>3524.75</ele>
      </trkpt>
      <trkpt lat="42.82181" lon="-109.18424">
        <ele>3524.21</ele>
      </trkpt>
      <trkpt lat="42.82177" lon="-109.18427">
        <ele>3523.88</ele>
      </trkpt>
      <trkpt lat="42.82173" lon="-109.1843">
        <ele>3523.56</ele>
      </trkpt>
      <trkpt lat="42.82168" lon="-109.18432">
        <ele>3523.34</ele>
      </trkpt>
      <trkpt lat="42.82164" lon="-109.18432">
        <ele>3523.06</ele>
      </trkpt>
      <trkpt lat="42.82157" lon="-109.18432">
        <ele>3522.34</ele>
      </trkpt>
      <trkpt lat="42.82154" lon="-109.18437">
        <ele>3522.0</ele>
      </trkpt>
      <trkpt lat="42.82151" lon="-109.18441">
        <ele>3522.0</ele>
      </trkpt>
      <trkpt lat="42.82146" lon="-109.18444">
        <ele>3521.78</ele>
      </trkpt>
      <trkpt lat="42.82141" lon="-109.18444">
        <ele>3521.27</ele>
      </trkpt>
      <trkpt lat="42.82139" lon="-109.18443">
        <ele>3521.17</ele>
      </trkpt>
      <trkpt lat="42.82133" lon="-109.18445">
        <ele>3520.94</ele>
      </trkpt>
      <trkpt lat="42.8213" lon="-109.1844">
        <ele>3521.48</ele>
      </trkpt>
      <trkpt lat="42.82127" lon="-109.18437">
        <ele>3521.52</ele>
      </trkpt>
      <trkpt lat="42.82121" lon="-109.18437">
        <ele>3520.87</ele>
      </trkpt>
      <trkpt lat="42.8212" lon="-109.18436">
        <ele>3520.88</ele>
      </trkpt>
      <trkpt lat="42.82118" lon="-109.18435">
        <ele>3520.76</ele>
      </trkpt>
      <trkpt lat="42.82116" lon="-109.18429">
        <ele>3521.2</ele>
      </trkpt>
      <trkpt lat="42.82114" lon="-109.18427">
        <ele>3521.2</ele>
      </trkpt>
      <trkpt lat="42.82108" lon="-109.18424">
        <ele>3521.47</ele>
      </trkpt>
      <trkpt lat="42.82103" lon="-109.18423">
        <ele>3521.92</ele>
      </trkpt>
      <trkpt lat="42.82099" lon="-109.18423">
        <ele>3522.1</ele>
      </trkpt>
      <trkpt lat="42.82094" lon="-109.18423">
        <ele>3522.27</ele>
      </trkpt>
      <trkpt lat="42.82093" lon="-109.18423">
        <ele>3522.3</ele>
      </trkpt>
      <trkpt lat="42.8209" lon="-109.18424">
        <ele>3522.49</ele>
      </trkpt>
      <trkpt lat="42.82086" lon="-109.18428">
        <ele>3522.49</ele>
      </trkpt>
      <trkpt lat="42.82082" lon="-109.18432">
        <ele>3522.34</ele>
      </trkpt>
      <trkpt lat="42.82078" lon="-109.18435">
        <ele>3522.02</ele>
      </trkpt>
      <trkpt lat="42.82074" lon="-109.18437">
        <ele>3522.01</ele>
      </trkpt>
      <trkpt lat="42.82074" lon="-109.18437">
        <ele>3522.01</ele>
      </trkpt>
      <trkpt lat="42.82054" lon="-109.18448">
        <ele>3522.1</ele>
      </trkpt>
      <trkpt lat="42.8205" lon="-109.18451">
        <ele>3522.18</ele>
      </trkpt>
      <trkpt lat="42.82045" lon="-109.18452">
        <ele>3522.18</ele>
      </trkpt>
      <trkpt lat="42.82041" lon="-109.18453">
        <ele>3522.08</ele>
      </trkpt>
      <trkpt lat="42.82033" lon="-109.18455">
        <ele>3522.37</ele>
      </trkpt>
      <trkpt lat="42.82029" lon="-109.18458">
        <ele>3522.47</ele>
      </trkpt>
      <trkpt lat="42.82024" lon="-109.18461">
        <ele>3522.53</ele>
      </trkpt>
      <trkpt lat="42.8202" lon="-109.18465">
        <ele>3522.62</ele>
      </trkpt>
      <trkpt lat="42.82016" lon="-109.18467">
        <ele>3522.56</ele>
      </trkpt>
      <trkpt lat="42.82011" lon="-109.18469">
        <ele>3522.35</ele>
      </trkpt>
      <trkpt lat="42.82011" lon="-109.18469">
        <ele>3522.35</ele>
      </trkpt>
      <trkpt lat="42.82004" lon="-109.18473">
        <ele>3522.48</ele>
      </trkpt>
      <trkpt lat="42.82" lon="-109.18477">
        <ele>3522.48</ele>
      </trkpt>
      <trkpt lat="42.81996" lon="-109.1848">
        <ele>3522.59</ele>
      </trkpt>
      <trkpt lat="42.81992" lon="-109.18484">
        <ele>3522.59</ele>
      </trkpt>
      <trkpt lat="42.81988" lon="-109.18487">
        <ele>3522.4</ele>
      </trkpt>
      <trkpt lat="42.81987" lon="-109.18488">
        <ele>3522.3</ele>
      </trkpt>
      <trkpt lat="42.81981" lon="-109.1849">
        <ele>3522.13</ele>
      </trkpt>
      <trkpt lat="42.81977" lon="-109.1849">
        <ele>3522.56</ele>
      </trkpt>
      <trkpt lat="42.81972" lon="-109.18492">
        <ele>3522.89</ele>
      </trkpt>
      <trkpt lat="42.81968" lon="-109.18494">
        <ele>3523.1</ele>
      </trkpt>
      <trkpt lat="42.81966" lon="-109.18494">
        <ele>3523.32</ele>
      </trkpt>
      <trkpt lat="42.81959" lon="-109.18501">
        <ele>3523.32</ele>
      </trkpt>
      <trkpt lat="42.81954" lon="-109.18504">
        <ele>3523.54</ele>
      </trkpt>
      <trkpt lat="42.81949" lon="-109.18506">
        <ele>3523.86</ele>
      </trkpt>
      <trkpt lat="42.81946" lon="-109.18508">
        <ele>3523.97</ele>
      </trkpt>
      <trkpt lat="42.81941" lon="-109.1851">
        <ele>3524.29</ele>
      </trkpt>
      <trkpt lat="42.81936" lon="-109.18511">
        <ele>3524.72</ele>
      </trkpt>
      <trkpt lat="42.81932" lon="-109.18513">
        <ele>3524.94</ele>
      </trkpt>
      <trkpt lat="42.81927" lon="-109.18514">
        <ele>3525.37</ele>
      </trkpt>
      <trkpt lat="42.81922" lon="-109.18515">
        <ele>3525.8</ele>
      </trkpt>
      <trkpt lat="42.81921" lon="-109.18515">
        <ele>3525.91</ele>
      </trkpt>
      <trkpt lat="42.81914" lon="-109.18517">
        <ele>3526.5</ele>
      </trkpt>
      <trkpt lat="42.8191" lon="-109.1852">
        <ele>3526.52</ele>
      </trkpt>
      <trkpt lat="42.81906" lon="-109.18524">
        <ele>3526.62</ele>
      </trkpt>
      <trkpt lat="42.81903" lon="-109.18529">
        <ele>3526.27</ele>
      </trkpt>
      <trkpt lat="42.81902" lon="-109.18531">
        <ele>3526.09</ele>
      </trkpt>
      <trkpt lat="42.81888" lon="-109.18547">
        <ele>3525.95</ele>
      </trkpt>
      <trkpt lat="42.81884" lon="-109.18552">
        <ele>3525.62</ele>
      </trkpt>
      <trkpt lat="42.81881" lon="-109.18556">
        <ele>3525.62</ele>
      </trkpt>
      <trkpt lat="42.81877" lon="-109.18561">
        <ele>3525.39</ele>
      </trkpt>
      <trkpt lat="42.81876" lon="-109.18562">
        <ele>3525.39</ele>
      </trkpt>
      <trkpt lat="42.81854" lon="-109.18585">
        <ele>3526.18</ele>
      </trkpt>
      <trkpt lat="42.81852" lon="-109.18589">
        <ele>3525.74</ele>
      </trkpt>
      <trkpt lat="42.81847" lon="-109.18595">
        <ele>3525.65</ele>
      </trkpt>
      <trkpt lat="42.81842" lon="-109.18598">
        <ele>3525.96</ele>
      </trkpt>
      <trkpt lat="42.81838" lon="-109.18602">
        <ele>3525.98</ele>
      </trkpt>
      <trkpt lat="42.81835" lon="-109.18607">
        <ele>3526.08</ele>
      </trkpt>
      <trkpt lat="42.81832" lon="-109.18611">
        <ele>3526.3</ele>
      </trkpt>
      <trkpt lat="42.81819" lon="-109.18622">
        <ele>3526.92</ele>
      </trkpt>
      <trkpt lat="42.81815" lon="-109.18625">
        <ele>3527.46</ele>
      </trkpt>
      <trkpt lat="42.81811" lon="-109.18629">
        <ele>3527.89</ele>
      </trkpt>
      <trkpt lat="42.8181" lon="-109.18633">
        <ele>3527.31</ele>
      </trkpt>
      <trkpt lat="42.818" lon="-109.18644">
        <ele>3527.32</ele>
      </trkpt>
      <trkpt lat="42.81796" lon="-109.18651">
        <ele>3526.76</ele>
      </trkpt>
      <trkpt lat="42.81793" lon="-109.18655">
        <ele>3526.97</ele>
      </trkpt>
      <trkpt lat="42.81791" lon="-109.18657">
        <ele>3527.19</ele>
      </trkpt>
      <trkpt lat="42.81775" lon="-109.18676">
        <ele>3527.29</ele>
      </trkpt>
      <trkpt lat="42.8177" lon="-109.18681">
        <ele>3527.29</ele>
      </trkpt>
      <trkpt lat="42.81765" lon="-109.18684">
        <ele>3527.51</ele>
      </trkpt>
      <trkpt lat="42.81761" lon="-109.18686">
        <ele>3527.72</ele>
      </trkpt>
      <trkpt lat="42.81761" lon="-109.18686">
        <ele>3527.72</ele>
      </trkpt>
      <trkpt lat="42.81756" lon="-109.18692">
        <ele>3527.62</ele>
      </trkpt>
      <trkpt lat="42.81752" lon="-109.18696">
        <ele>3527.62</ele>
      </trkpt>
      <trkpt lat="42.81748" lon="-109.187">
        <ele>3527.62</ele>
      </trkpt>
      <trkpt lat="42.81744" lon="-109.18702">
        <ele>3527.83</ele>
      </trkpt>
      <trkpt lat="42.8174" lon="-109.18704">
        <ele>3528.05</ele>
      </trkpt>
      <trkpt lat="42.81732" lon="-109.18708">
        <ele>3528.48</ele>
      </trkpt>
      <trkpt lat="42.81727" lon="-109.18709">
        <ele>3528.91</ele>
      </trkpt>
      <trkpt lat="42.81723" lon="-109.1871">
        <ele>3529.24</ele>
      </trkpt>
      <trkpt lat="42.81718" lon="-109.18711">
        <ele>3529.67</ele>
      </trkpt>
      <trkpt lat="42.81713" lon="-109.18714">
        <ele>3529.88</ele>
      </trkpt>
      <trkpt lat="42.8171" lon="-109.18715">
        <ele>3530.1</ele>
      </trkpt>
      <trkpt lat="42.81704" lon="-109.18716">
        <ele>3530.64</ele>
      </trkpt>
      <trkpt lat="42.81699" lon="-109.18717">
        <ele>3531.07</ele>
      </trkpt>
      <trkpt lat="42.81694" lon="-109.18718">
        <ele>3531.5</ele>
      </trkpt>
      <trkpt lat="42.81689" lon="-109.18719">
        <ele>3531.94</ele>
      </trkpt>
      <trkpt lat="42.81685" lon="-109.1872">
        <ele>3532.26</ele>
      </trkpt>
      <trkpt lat="42.81681" lon="-109.1872">
        <ele>3532.58</ele>
      </trkpt>
      <trkpt lat="42.81674" lon="-109.18723">
        <ele>3532.93</ele>
      </trkpt>
      <trkpt lat="42.81669" lon="-109.18723">
        <ele>3532.98</ele>
      </trkpt>
      <trkpt lat="42.81664" lon="-109.18724">
        <ele>3533.23</ele>
      </trkpt>
      <trkpt lat="42.81659" lon="-109.18724">
        <ele>3533.67</ele>
      </trkpt>
      <trkpt lat="42.81659" lon="-109.18724">
        <ele>3533.67</ele>
      </trkpt>
      <trkpt lat="42.81621" lon="-109.18725">
        <ele>3535.0</ele>
      </trkpt>
      <trkpt lat="42.81602" lon="-109.18726">
        <ele>3535.59</ele>
      </trkpt>
      <trkpt lat="42.81597" lon="-109.18725">
        <ele>3535.86</ele>
      </trkpt>
      <trkpt lat="42.81593" lon="-109.18723">
        <ele>3536.0</ele>
      </trkpt>
      <trkpt lat="42.81588" lon="-109.18722">
        <ele>3536.01</ele>
      </trkpt>
      <trkpt lat="42.81587" lon="-109.18722">
        <ele>3536.01</ele>
      </trkpt>
      <trkpt lat="42.81579" lon="-109.18722">
        <ele>3536.48</ele>
      </trkpt>
      <trkpt lat="42.81575" lon="-109.18723">
        <ele>3536.82</ele>
      </trkpt>
      <trkpt lat="42.8157" lon="-109.18725">
        <ele>3536.7</ele>
      </trkpt>
      <trkpt lat="42.81565" lon="-109.18726">
        <ele>3536.59</ele>
      </trkpt>
      <trkpt lat="42.81565" lon="-109.18726">
        <ele>3536.59</ele>
      </trkpt>
      <trkpt lat="42.81553" lon="-109.18725">
        <ele>3536.78</ele>
      </trkpt>
      <trkpt lat="42.81551" lon="-109.18725">
        <ele>3536.85</ele>
      </trkpt>
      <trkpt lat="42.81546" lon="-109.18724">
        <ele>3537.0</ele>
      </trkpt>
      <trkpt lat="42.8152" lon="-109.18726">
        <ele>3537.59</ele>
      </trkpt>
      <trkpt lat="42.81499" lon="-109.18728">
        <ele>3537.0</ele>
      </trkpt>
      <trkpt lat="42.81494" lon="-109.18728">
        <ele>3537.0</ele>
      </trkpt>
      <trkpt lat="42.81489" lon="-109.1873">
        <ele>3537.0</ele>
      </trkpt>
      <trkpt lat="42.81484" lon="-109.18731">
        <ele>3537.0</ele>
      </trkpt>
      <trkpt lat="42.81479" lon="-109.18732">
        <ele>3536.94</ele>
      </trkpt>
      <trkpt lat="42.81476" lon="-109.18732">
        <ele>3536.94</ele>
      </trkpt>
      <trkpt lat="42.81464" lon="-109.18732">
        <ele>3536.94</ele>
      </trkpt>
      <trkpt lat="42.81459" lon="-109.18732">
        <ele>3536.97</ele>
      </trkpt>
      <trkpt lat="42.81454" lon="-109.18733">
        <ele>3536.99</ele>
      </trkpt>
      <trkpt lat="42.8145" lon="-109.18732">
        <ele>3537.0</ele>
      </trkpt>
      <trkpt lat="42.81446" lon="-109.1873">
        <ele>3537.16</ele>
      </trkpt>
      <trkpt lat="42.81434" lon="-109.18725">
        <ele>3537.61</ele>
      </trkpt>
      <trkpt lat="42.81429" lon="-109.18722">
        <ele>3537.35</ele>
      </trkpt>
      <trkpt lat="42.81425" lon="-109.1872">
        <ele>3537.24</ele>
      </trkpt>
      <trkpt lat="42.8142" lon="-109.18718">
        <ele>3537.46</ele>
      </trkpt>
      <trkpt lat="42.81415" lon="-109.18717">
        <ele>3537.56</ele>
      </trkpt>
      <trkpt lat="42.81414" lon="-109.18717">
        <ele>3537.56</ele>
      </trkpt>
      <trkpt lat="42.81407" lon="-109.18715">
        <ele>3537.79</ele>
      </trkpt>
      <trkpt lat="42.81403" lon="-109.18713">
        <ele>3538.0</ele>
      </trkpt>
      <trkpt lat="42.81398" lon="-109.18711">
        <ele>3538.02</ele>
      </trkpt>
      <trkpt lat="42.81394" lon="-109.18708">
        <ele>3538.45</ele>
      </trkpt>
      <trkpt lat="42.81389" lon="-109.18705">
        <ele>3538.99</ele>
      </trkpt>
      <trkpt lat="42.81385" lon="-109.18703">
        <ele>3539.46</ele>
      </trkpt>
      <trkpt lat="42.81382" lon="-109.18702">
        <ele>3539.79</ele>
      </trkpt>
      <trkpt lat="42.81368" lon="-109.18701">
        <ele>3540.29</ele>
      </trkpt>
      <trkpt lat="42.81363" lon="-109.18701">
        <ele>3540.29</ele>
      </trkpt>
      <trkpt lat="42.81359" lon="-109.187">
        <ele>3540.54</ele>
      </trkpt>
      <trkpt lat="42.81354" lon="-109.18698">
        <ele>3540.91</ele>
      </trkpt>
      <trkpt lat="42.81348" lon="-109.18697">
        <ele>3541.3</ele>
      </trkpt>
      <trkpt lat="42.81344" lon="-109.18696">
        <ele>3541.71</ele>
      </trkpt>
      <trkpt lat="42.81333" lon="-109.18698">
        <ele>3542.0</ele>
      </trkpt>
      <trkpt lat="42.81328" lon="-109.18697">
        <ele>3542.0</ele>
      </trkpt>
      <trkpt lat="42.81324" lon="-109.18695">
        <ele>3542.01</ele>
      </trkpt>
      <trkpt lat="42.8132" lon="-109.18695">
        <ele>3542.41</ele>
      </trkpt>
      <trkpt lat="42.81291" lon="-109.18695">
        <ele>3543.94</ele>
      </trkpt>
      <trkpt lat="42.81286" lon="-109.18694">
        <ele>3544.05</ele>
      </trkpt>
      <trkpt lat="42.81281" lon="-109.18694">
        <ele>3544.05</ele>
      </trkpt>
      <trkpt lat="42.81278" lon="-109.18695">
        <ele>3544.0</ele>
      </trkpt>
      <trkpt lat="42.81265" lon="-109.18698">
        <ele>3544.76</ele>
      </trkpt>
      <trkpt lat="42.8126" lon="-109.18699">
        <ele>3544.96</ele>
      </trkpt>
      <trkpt lat="42.81256" lon="-109.18699">
        <ele>3545.18</ele>
      </trkpt>
      <trkpt lat="42.81251" lon="-109.18699">
        <ele>3545.45</ele>
      </trkpt>
      <trkpt lat="42.81246" lon="-109.18701">
        <ele>3545.29</ele>
      </trkpt>
      <trkpt lat="42.81244" lon="-109.18702">
        <ele>3545.18</ele>
      </trkpt>
      <trkpt lat="42.81238" lon="-109.18706">
        <ele>3545.22</ele>
      </trkpt>
      <trkpt lat="42.81233" lon="-109.18707">
        <ele>3545.54</ele>
      </trkpt>
      <trkpt lat="42.81228" lon="-109.18708">
        <ele>3545.71</ele>
      </trkpt>
      <trkpt lat="42.81224" lon="-109.18711">
        <ele>3545.85</ele>
      </trkpt>
      <trkpt lat="42.8122" lon="-109.18715">
        <ele>3545.83</ele>
      </trkpt>
      <trkpt lat="42.81218" lon="-109.18719">
        <ele>3545.65</ele>
      </trkpt>
      <trkpt lat="42.81208" lon="-109.18729">
        <ele>3545.66</ele>
      </trkpt>
      <trkpt lat="42.81203" lon="-109.18733">
        <ele>3545.84</ele>
      </trkpt>
      <trkpt lat="42.81199" lon="-109.18736">
        <ele>3545.51</ele>
      </trkpt>
      <trkpt lat="42.81195" lon="-109.18739">
        <ele>3545.19</ele>
      </trkpt>
      <trkpt lat="42.81192" lon="-109.18744">
        <ele>3544.91</ele>
      </trkpt>
      <trkpt lat="42.81188" lon="-109.18748">
        <ele>3544.91</ele>
      </trkpt>
      <trkpt lat="42.81187" lon="-109.18748">
        <ele>3545.02</ele>
      </trkpt>
      <trkpt lat="42.81178" lon="-109.18749">
        <ele>3545.88</ele>
      </trkpt>
      <trkpt lat="42.81174" lon="-109.18751">
        <ele>3545.89</ele>
      </trkpt>
      <trkpt lat="42.8117" lon="-109.18754">
        <ele>3545.57</ele>
      </trkpt>
      <trkpt lat="42.81166" lon="-109.18758">
        <ele>3545.21</ele>
      </trkpt>
      <trkpt lat="42.81162" lon="-109.18761">
        <ele>3545.32</ele>
      </trkpt>
      <trkpt lat="42.8116" lon="-109.18762">
        <ele>3545.42</ele>
      </trkpt>
      <trkpt lat="42.81144" lon="-109.18766">
        <ele>3545.87</ele>
      </trkpt>
      <trkpt lat="42.8114" lon="-109.18767">
        <ele>3546.06</ele>
      </trkpt>
      <trkpt lat="42.81135" lon="-109.18768">
        <ele>3546.48</ele>
      </trkpt>
      <trkpt lat="42.81131" lon="-109.18768">
        <ele>3546.91</ele>
      </trkpt>
      <trkpt lat="42.81126" lon="-109.18766">
        <ele>3547.27</ele>
      </trkpt>
      <trkpt lat="42.81121" lon="-109.18762">
        <ele>3547.7</ele>
      </trkpt>
      <trkpt lat="42.8112" lon="-109.18762">
        <ele>3547.74</ele>
      </trkpt>
      <trkpt lat="42.81112" lon="-109.1876">
        <ele>3548.82</ele>
      </trkpt>
      <trkpt lat="42.81107" lon="-109.18761">
        <ele>3548.81</ele>
      </trkpt>
      <trkpt lat="42.81103" lon="-109.18762">
        <ele>3548.7</ele>
      </trkpt>
      <trkpt lat="42.81099" lon="-109.18764">
        <ele>3548.8</ele>
      </trkpt>
      <trkpt lat="42.81087" lon="-109.18768">
        <ele>3549.06</ele>
      </trkpt>
      <trkpt lat="42.81082" lon="-109.18768">
        <ele>3549.06</ele>
      </trkpt>
      <trkpt lat="42.81077" lon="-109.18768">
        <ele>3549.09</ele>
      </trkpt>
      <trkpt lat="42.81072" lon="-109.18768">
        <ele>3549.32</ele>
      </trkpt>
      <trkpt lat="42.81067" lon="-109.18768">
        <ele>3549.83</ele>
      </trkpt>
      <trkpt lat="42.81063" lon="-109.18768">
        <ele>3550.07</ele>
      </trkpt>
      <trkpt lat="42.81062" lon="-109.18768">
        <ele>3550.07</ele>
      </trkpt>
      <trkpt lat="42.81052" lon="-109.18771">
        <ele>3550.12</ele>
      </trkpt>
      <trkpt lat="42.81048" lon="-109.1877">
        <ele>3550.66</ele>
      </trkpt>
      <trkpt lat="42.81042" lon="-109.18769">
        <ele>3550.95</ele>
      </trkpt>
      <trkpt lat="42.81037" lon="-109.18769">
        <ele>3550.95</ele>
      </trkpt>
      <trkpt lat="42.81032" lon="-109.18769">
        <ele>3551.46</ele>
      </trkpt>
      <trkpt lat="42.81032" lon="-109.18769">
        <ele>3551.46</ele>
      </trkpt>
      <trkpt lat="42.81015" lon="-109.1877">
        <ele>3551.84</ele>
      </trkpt>
      <trkpt lat="42.8101" lon="-109.18771">
        <ele>3551.73</ele>
      </trkpt>
      <trkpt lat="42.81005" lon="-109.18772">
        <ele>3551.91</ele>
      </trkpt>
      <trkpt lat="42.81001" lon="-109.18773">
        <ele>3551.98</ele>
      </trkpt>
      <trkpt lat="42.80996" lon="-109.18771">
        <ele>3552.58</ele>
      </trkpt>
      <trkpt lat="42.80992" lon="-109.1877">
        <ele>3552.82</ele>
      </trkpt>
      <trkpt lat="42.80988" lon="-109.18768">
        <ele>3553.06</ele>
      </trkpt>
      <trkpt lat="42.80982" lon="-109.18766">
        <ele>3553.27</ele>
      </trkpt>
      <trkpt lat="42.80978" lon="-109.18763">
        <ele>3553.6</ele>
      </trkpt>
      <trkpt lat="42.80973" lon="-109.1876">
        <ele>3553.92</ele>
      </trkpt>
      <trkpt lat="42.80969" lon="-109.18758">
        <ele>3554.14</ele>
      </trkpt>
      <trkpt lat="42.80964" lon="-109.18755">
        <ele>3554.46</ele>
      </trkpt>
      <trkpt lat="42.80959" lon="-109.18753">
        <ele>3554.68</ele>
      </trkpt>
      <trkpt lat="42.80959" lon="-109.18753">
        <ele>3554.68</ele>
      </trkpt>
      <trkpt lat="42.80955" lon="-109.18754">
        <ele>3554.57</ele>
      </trkpt>
      <trkpt lat="42.8095" lon="-109.18756">
        <ele>3554.35</ele>
      </trkpt>
      <trkpt lat="42.80946" lon="-109.18757">
        <ele>3554.24</ele>
      </trkpt>
      <trkpt lat="42.80941" lon="-109.18755">
        <ele>3554.09</ele>
      </trkpt>
      <trkpt lat="42.80939" lon="-109.18753">
        <ele>3554.09</ele>
      </trkpt>
      <trkpt lat="42.8092" lon="-109.18737">
        <ele>3555.4</ele>
      </trkpt>
      <trkpt lat="42.80915" lon="-109.18734">
        <ele>3555.55</ele>
      </trkpt>
      <trkpt lat="42.8091" lon="-109.18734">
        <ele>3555.01</ele>
      </trkpt>
      <trkpt lat="42.80907" lon="-109.18732">
        <ele>3554.94</ele>
      </trkpt>
      <trkpt lat="42.80904" lon="-109.18729">
        <ele>3555.27</ele>
      </trkpt>
      <trkpt lat="42.80896" lon="-109.18714">
        <ele>3556.66</ele>
      </trkpt>
      <trkpt lat="42.80887" lon="-109.1871">
        <ele>3556.12</ele>
      </trkpt>
      <trkpt lat="42.80866" lon="-109.18692">
        <ele>3555.93</ele>
      </trkpt>
      <trkpt lat="42.80845" lon="-109.18674">
        <ele>3555.47</ele>
      </trkpt>
      <trkpt lat="42.80841" lon="-109.18673">
        <ele>3555.14</ele>
      </trkpt>
      <trkpt lat="42.80836" lon="-109.18671">
        <ele>3554.82</ele>
      </trkpt>
      <trkpt lat="42.80833" lon="-109.18667">
        <ele>3554.93</ele>
      </trkpt>
      <trkpt lat="42.80829" lon="-109.18663">
        <ele>3554.93</ele>
      </trkpt>
      <trkpt lat="42.80825" lon="-109.18659">
        <ele>3554.93</ele>
      </trkpt>
      <trkpt lat="42.80824" lon="-109.18658">
        <ele>3554.93</ele>
      </trkpt>
      <trkpt lat="42.80819" lon="-109.18653">
        <ele>3554.93</ele>
      </trkpt>
      <trkpt lat="42.80816" lon="-109.18648">
        <ele>3555.14</ele>
      </trkpt>
      <trkpt lat="42.80815" lon="-109.18647">
        <ele>3555.14</ele>
      </trkpt>
      <trkpt lat="42.80814" lon="-109.18641">
        <ele>3555.68</ele>
      </trkpt>
      <trkpt lat="42.80799" lon="-109.18611">
        <ele>3557.0</ele>
      </trkpt>
      <trkpt lat="42.80797" lon="-109.18604">
        <ele>3557.06</ele>
      </trkpt>
      <trkpt lat="42.80794" lon="-109.18599">
        <ele>3557.31</ele>
      </trkpt>
      <trkpt lat="42.8079" lon="-109.18596">
        <ele>3557.63</ele>
      </trkpt>
      <trkpt lat="42.80786" lon="-109.18592">
        <ele>3557.9</ele>
      </trkpt>
      <trkpt lat="42.80783" lon="-109.1859">
        <ele>3557.69</ele>
      </trkpt>
      <trkpt lat="42.80777" lon="-109.18587">
        <ele>3557.55</ele>
      </trkpt>
      <trkpt lat="42.80772" lon="-109.18584">
        <ele>3557.35</ele>
      </trkpt>
      <trkpt lat="42.80768" lon="-109.18581">
        <ele>3557.25</ele>
      </trkpt>
      <trkpt lat="42.80764" lon="-109.18581">
        <ele>3557.25</ele>
      </trkpt>
      <trkpt lat="42.80759" lon="-109.18583">
        <ele>3557.03</ele>
      </trkpt>
      <trkpt lat="42.80758" lon="-109.18583">
        <ele>3557.03</ele>
      </trkpt>
      <trkpt lat="42.8075" lon="-109.18587">
        <ele>3556.6</ele>
      </trkpt>
      <trkpt lat="42.80746" lon="-109.18584">
        <ele>3556.53</ele>
      </trkpt>
      <trkpt lat="42.80741" lon="-109.18583">
        <ele>3556.06</ele>
      </trkpt>
      <trkpt lat="42.80737" lon="-109.18584">
        <ele>3555.97</ele>
      </trkpt>
      <trkpt lat="42.80733" lon="-109.18586">
        <ele>3555.76</ele>
      </trkpt>
      <trkpt lat="42.80726" lon="-109.18589">
        <ele>3555.39</ele>
      </trkpt>
      <trkpt lat="42.80722" lon="-109.18586">
        <ele>3555.71</ele>
      </trkpt>
      <trkpt lat="42.80719" lon="-109.18582">
        <ele>3556.14</ele>
      </trkpt>
      <trkpt lat="42.80712" lon="-109.18577">
        <ele>3556.68</ele>
      </trkpt>
      <trkpt lat="42.80707" lon="-109.18575">
        <ele>3556.9</ele>
      </trkpt>
      <trkpt lat="42.80703" lon="-109.18573">
        <ele>3557.12</ele>
      </trkpt>
      <trkpt lat="42.80699" lon="-109.18573">
        <ele>3557.12</ele>
      </trkpt>
      <trkpt lat="42.80695" lon="-109.18572">
        <ele>3557.22</ele>
      </trkpt>
      <trkpt lat="42.8069" lon="-109.18568">
        <ele>3557.66</ele>
      </trkpt>
      <trkpt lat="42.80686" lon="-109.18564">
        <ele>3558.09</ele>
      </trkpt>
      <trkpt lat="42.80683" lon="-109.18561">
        <ele>3558.51</ele>
      </trkpt>
      <trkpt lat="42.80672" lon="-109.1856">
        <ele>3559.04</ele>
      </trkpt>
      <trkpt lat="42.80667" lon="-109.18559">
        <ele>3559.26</ele>
      </trkpt>
      <trkpt lat="42.80663" lon="-109.18559">
        <ele>3559.26</ele>
      </trkpt>
      <trkpt lat="42.80658" lon="-109.18561">
        <ele>3558.82</ele>
      </trkpt>
      <trkpt lat="42.80654" lon="-109.18563">
        <ele>3558.32</ele>
      </trkpt>
      <trkpt lat="42.80653" lon="-109.18564">
        <ele>3558.13</ele>
      </trkpt>
      <trkpt lat="42.80645" lon="-109.18564">
        <ele>3558.09</ele>
      </trkpt>
      <trkpt lat="42.80643" lon="-109.18563">
        <ele>3558.2</ele>
      </trkpt>
      <trkpt lat="42.80639" lon="-109.1856">
        <ele>3558.52</ele>
      </trkpt>
      <trkpt lat="42.80633" lon="-109.18559">
        <ele>3558.86</ele>
      </trkpt>
      <trkpt lat="42.80629" lon="-109.18555">
        <ele>3559.14</ele>
      </trkpt>
      <trkpt lat="42.80625" lon="-109.18552">
        <ele>3560.0</ele>
      </trkpt>
      <trkpt lat="42.8061" lon="-109.18552">
        <ele>3562.5</ele>
      </trkpt>
      <trkpt lat="42.80605" lon="-109.18549">
        <ele>3563.37</ele>
      </trkpt>
      <trkpt lat="42.80601" lon="-109.18546">
        <ele>3564.09</ele>
      </trkpt>
      <trkpt lat="42.80601" lon="-109.18546">
        <ele>3564.09</ele>
      </trkpt>
      <trkpt lat="42.80595" lon="-109.18544">
        <ele>3564.74</ele>
      </trkpt>
      <trkpt lat="42.8059" lon="-109.18543">
        <ele>3565.38</ele>
      </trkpt>
      <trkpt lat="42.80586" lon="-109.1854">
        <ele>3566.2</ele>
      </trkpt>
      <trkpt lat="42.80582" lon="-109.18536">
        <ele>3567.14</ele>
      </trkpt>
      <trkpt lat="42.80581" lon="-109.18535">
        <ele>3567.25</ele>
      </trkpt>
      <trkpt lat="42.80561" lon="-109.18522">
        <ele>3570.19</ele>
      </trkpt>
      <trkpt lat="42.80557" lon="-109.18518">
        <ele>3570.89</ele>
      </trkpt>
      <trkpt lat="42.80554" lon="-109.18514">
        <ele>3571.66</ele>
      </trkpt>
      <trkpt lat="42.80552" lon="-109.18512">
        <ele>3572.09</ele>
      </trkpt>
      <trkpt lat="42.8055" lon="-109.18511">
        <ele>3572.41</ele>
      </trkpt>
      <trkpt lat="42.80545" lon="-109.1851">
        <ele>3573.07</ele>
      </trkpt>
      <trkpt lat="42.8054" lon="-109.18509">
        <ele>3573.68</ele>
      </trkpt>
      <trkpt lat="42.80537" lon="-109.18507">
        <ele>3574.0</ele>
      </trkpt>
      <trkpt lat="42.80526" lon="-109.18504">
        <ele>3575.3</ele>
      </trkpt>
      <trkpt lat="42.80522" lon="-109.18501">
        <ele>3576.18</ele>
      </trkpt>
      <trkpt lat="42.80519" lon="-109.18501">
        <ele>3576.79</ele>
      </trkpt>
      <trkpt lat="42.80512" lon="-109.18506">
        <ele>3577.06</ele>
      </trkpt>
      <trkpt lat="42.80508" lon="-109.18504">
        <ele>3577.76</ele>
      </trkpt>
      <trkpt lat="42.80504" lon="-109.18502">
        <ele>3578.47</ele>
      </trkpt>
      <trkpt lat="42.8049" lon="-109.185">
        <ele>3580.08</ele>
      </trkpt>
      <trkpt lat="42.80486" lon="-109.18497">
        <ele>3580.68</ele>
      </trkpt>
      <trkpt lat="42.80485" lon="-109.18496">
        <ele>3580.89</ele>
      </trkpt>
      <trkpt lat="42.8048" lon="-109.18502">
        <ele>3581.29</ele>
      </trkpt>
      <trkpt lat="42.80476" lon="-109.18502">
        <ele>3582.06</ele>
      </trkpt>
      <trkpt lat="42.80472" lon="-109.18501">
        <ele>3582.92</ele>
      </trkpt>
      <trkpt lat="42.80458" lon="-109.18497">
        <ele>3584.54</ele>
      </trkpt>
      <trkpt lat="42.80453" lon="-109.18495">
        <ele>3585.08</ele>
      </trkpt>
      <trkpt lat="42.80449" lon="-109.18494">
        <ele>3585.51</ele>
      </trkpt>
      <trkpt lat="42.80444" lon="-109.18496">
        <ele>3586.05</ele>
      </trkpt>
      <trkpt lat="42.8044" lon="-109.18497">
        <ele>3586.48</ele>
      </trkpt>
      <trkpt lat="42.8044" lon="-109.18497">
        <ele>3586.48</ele>
      </trkpt>
      <trkpt lat="42.80434" lon="-109.18497">
        <ele>3587.13</ele>
      </trkpt>
      <trkpt lat="42.8043" lon="-109.18494">
        <ele>3587.56</ele>
      </trkpt>
      <trkpt lat="42.80425" lon="-109.18491">
        <ele>3588.1</ele>
      </trkpt>
      <trkpt lat="42.80423" lon="-109.18489">
        <ele>3588.32</ele>
      </trkpt>
      <trkpt lat="42.80414" lon="-109.18488">
        <ele>3589.0</ele>
      </trkpt>
      <trkpt lat="42.80409" lon="-109.18485">
        <ele>3589.0</ele>
      </trkpt>
      <trkpt lat="42.80406" lon="-109.18482">
        <ele>3589.15</ele>
      </trkpt>
      <trkpt lat="42.80401" lon="-109.18479">
        <ele>3589.69</ele>
      </trkpt>
      <trkpt lat="42.80397" lon="-109.18478">
        <ele>3590.05</ele>
      </trkpt>
      <trkpt lat="42.80395" lon="-109.18477">
        <ele>3590.16</ele>
      </trkpt>
      <trkpt lat="42.80388" lon="-109.18474">
        <ele>3590.83</ele>
      </trkpt>
      <trkpt lat="42.80384" lon="-109.18471">
        <ele>3591.07</ele>
      </trkpt>
      <trkpt lat="42.8038" lon="-109.18468">
        <ele>3591.44</ele>
      </trkpt>
      <trkpt lat="42.80376" lon="-109.18463">
        <ele>3592.0</ele>
      </trkpt>
      <trkpt lat="42.80375" lon="-109.18462">
        <ele>3592.05</ele>
      </trkpt>
      <trkpt lat="42.80363" lon="-109.18455">
        <ele>3593.66</ele>
      </trkpt>
      <trkpt lat="42.80359" lon="-109.18452">
        <ele>3594.04</ele>
      </trkpt>
      <trkpt lat="42.80354" lon="-109.1845">
        <ele>3594.31</ele>
      </trkpt>
      <trkpt lat="42.8035" lon="-109.18448">
        <ele>3594.82</ele>
      </trkpt>
      <trkpt lat="42.80345" lon="-109.18447">
        <ele>3595.46</ele>
      </trkpt>
      <trkpt lat="42.80345" lon="-109.18447">
        <ele>3595.46</ele>
      </trkpt>
      <trkpt lat="42.80332" lon="-109.18448">
        <ele>3596.09</ele>
      </trkpt>
      <trkpt lat="42.80327" lon="-109.18447">
        <ele>3596.5</ele>
      </trkpt>
      <trkpt lat="42.80323" lon="-109.18448">
        <ele>3596.66</ele>
      </trkpt>
      <trkpt lat="42.80319" lon="-109.18449">
        <ele>3596.78</ele>
      </trkpt>
      <trkpt lat="42.80314" lon="-109.18441">
        <ele>3597.43</ele>
      </trkpt>
      <trkpt lat="42.80311" lon="-109.1844">
        <ele>3597.69</ele>
      </trkpt>
      <trkpt lat="42.80305" lon="-109.18439">
        <ele>3598.04</ele>
      </trkpt>
      <trkpt lat="42.80301" lon="-109.18435">
        <ele>3598.5</ele>
      </trkpt>
      <trkpt lat="42.80296" lon="-109.18433">
        <ele>3599.01</ele>
      </trkpt>
      <trkpt lat="42.80292" lon="-109.18431">
        <ele>3599.21</ele>
      </trkpt>
      <trkpt lat="42.80287" lon="-109.18428">
        <ele>3599.78</ele>
      </trkpt>
      <trkpt lat="42.80287" lon="-109.18428">
        <ele>3599.78</ele>
      </trkpt>
      <trkpt lat="42.80273" lon="-109.1842">
        <ele>3600.83</ele>
      </trkpt>
      <trkpt lat="42.80268" lon="-109.18416">
        <ele>3601.13</ele>
      </trkpt>
      <trkpt lat="42.80264" lon="-109.18413">
        <ele>3601.88</ele>
      </trkpt>
      <trkpt lat="42.80261" lon="-109.1841">
        <ele>3602.53</ele>
      </trkpt>
      <trkpt lat="42.80257" lon="-109.18405">
        <ele>3603.06</ele>
      </trkpt>
      <trkpt lat="42.80253" lon="-109.18401">
        <ele>3603.47</ele>
      </trkpt>
      <trkpt lat="42.80253" lon="-109.18401">
        <ele>3603.47</ele>
      </trkpt>
      <trkpt lat="42.80245" lon="-109.18396">
        <ele>3604.13</ele>
      </trkpt>
      <trkpt lat="42.80242" lon="-109.18391">
        <ele>3604.67</ele>
      </trkpt>
      <trkpt lat="42.80239" lon="-109.18386">
        <ele>3605.06</ele>
      </trkpt>
      <trkpt lat="42.80236" lon="-109.18381">
        <ele>3605.44</ele>
      </trkpt>
      <trkpt lat="42.80232" lon="-109.18378">
        <ele>3606.12</ele>
      </trkpt>
      <trkpt lat="42.8023" lon="-109.18377">
        <ele>3606.4</ele>
      </trkpt>
      <trkpt lat="42.80221" lon="-109.18377">
        <ele>3607.04</ele>
      </trkpt>
      <trkpt lat="42.80218" lon="-109.18374">
        <ele>3607.28</ele>
      </trkpt>
      <trkpt lat="42.80214" lon="-109.1837">
        <ele>3607.89</ele>
      </trkpt>
      <trkpt lat="42.80209" lon="-109.18369">
        <ele>3608.06</ele>
      </trkpt>
      <trkpt lat="42.80204" lon="-109.18369">
        <ele>3608.14</ele>
      </trkpt>
      <trkpt lat="42.80202" lon="-109.18369">
        <ele>3608.3</ele>
      </trkpt>
      <trkpt lat="42.80187" lon="-109.18371">
        <ele>3608.99</ele>
      </trkpt>
      <trkpt lat="42.80183" lon="-109.18369">
        <ele>3609.38</ele>
      </trkpt>
      <trkpt lat="42.80177" lon="-109.18368">
        <ele>3610.14</ele>
      </trkpt>
      <trkpt lat="42.80174" lon="-109.18369">
        <ele>3610.33</ele>
      </trkpt>
      <trkpt lat="42.80156" lon="-109.18371">
        <ele>3611.14</ele>
      </trkpt>
      <trkpt lat="42.80151" lon="-109.18372">
        <ele>3611.57</ele>
      </trkpt>
      <trkpt lat="42.80147" lon="-109.18374">
        <ele>3611.66</ele>
      </trkpt>
      <trkpt lat="42.80142" lon="-109.18375">
        <ele>3611.83</ele>
      </trkpt>
      <trkpt lat="42.80138" lon="-109.18375">
        <ele>3612.05</ele>
      </trkpt>
      <trkpt lat="42.80129" lon="-109.18373">
        <ele>3612.74</ele>
      </trkpt>
      <trkpt lat="42.80124" lon="-109.18372">
        <ele>3612.93</ele>
      </trkpt>
      <trkpt lat="42.8012" lon="-109.18373">
        <ele>3613.0</ele>
      </trkpt>
      <trkpt lat="42.80115" lon="-109.18374">
        <ele>3613.0</ele>
      </trkpt>
      <trkpt lat="42.80112" lon="-109.18375">
        <ele>3613.0</ele>
      </trkpt>
      <trkpt lat="42.801" lon="-109.18376">
        <ele>3614.0</ele>
      </trkpt>
      <trkpt lat="42.80095" lon="-109.18376">
        <ele>3614.0</ele>
      </trkpt>
      <trkpt lat="42.80092" lon="-109.18374">
        <ele>3614.04</ele>
      </trkpt>
      <trkpt lat="42.80085" lon="-109.18371">
        <ele>3614.76</ele>
      </trkpt>
      <trkpt lat="42.80066" lon="-109.18369">
        <ele>3615.15</ele>
      </trkpt>
      <trkpt lat="42.80059" lon="-109.18369">
        <ele>3615.68</ele>
      </trkpt>
      <trkpt lat="42.80053" lon="-109.18371">
        <ele>3615.93</ele>
      </trkpt>
      <trkpt lat="42.80047" lon="-109.18373">
        <ele>3615.72</ele>
      </trkpt>
      <trkpt lat="42.80042" lon="-109.18373">
        <ele>3615.72</ele>
      </trkpt>
      <trkpt lat="42.80037" lon="-109.18373">
        <ele>3615.72</ele>
      </trkpt>
      <trkpt lat="42.80032" lon="-109.18374">
        <ele>3615.61</ele>
      </trkpt>
      <trkpt lat="42.80027" lon="-109.18374">
        <ele>3615.61</ele>
      </trkpt>
      <trkpt lat="42.80023" lon="-109.18373">
        <ele>3615.72</ele>
      </trkpt>
      <trkpt lat="42.80021" lon="-109.18373">
        <ele>3615.72</ele>
      </trkpt>
      <trkpt lat="42.80014" lon="-109.18369">
        <ele>3615.58</ele>
      </trkpt>
      <trkpt lat="42.80009" lon="-109.18366">
        <ele>3615.46</ele>
      </trkpt>
      <trkpt lat="42.80005" lon="-109.18363">
        <ele>3615.43</ele>
      </trkpt>
      <trkpt lat="42.8" lon="-109.18361">
        <ele>3615.01</ele>
      </trkpt>
      <trkpt lat="42.79996" lon="-109.18361">
        <ele>3615.01</ele>
      </trkpt>
      <trkpt lat="42.79991" lon="-109.18363">
        <ele>3614.8</ele>
      </trkpt>
      <trkpt lat="42.79988" lon="-109.18365">
        <ele>3614.41</ele>
      </trkpt>
      <trkpt lat="42.79982" lon="-109.18359">
        <ele>3614.27</ele>
      </trkpt>
      <trkpt lat="42.79978" lon="-109.18358">
        <ele>3614.21</ele>
      </trkpt>
      <trkpt lat="42.79973" lon="-109.18359">
        <ele>3614.02</ele>
      </trkpt>
      <trkpt lat="42.79968" lon="-109.18358">
        <ele>3613.54</ele>
      </trkpt>
      <trkpt lat="42.79964" lon="-109.18357">
        <ele>3613.11</ele>
      </trkpt>
      <trkpt lat="42.79963" lon="-109.18357">
        <ele>3613.0</ele>
      </trkpt>
      <trkpt lat="42.79959" lon="-109.18363">
        <ele>3612.57</ele>
      </trkpt>
      <trkpt lat="42.79954" lon="-109.18362">
        <ele>3612.03</ele>
      </trkpt>
      <trkpt lat="42.79949" lon="-109.1836">
        <ele>3611.61</ele>
      </trkpt>
      <trkpt lat="42.79945" lon="-109.18356">
        <ele>3611.61</ele>
      </trkpt>
      <trkpt lat="42.79945" lon="-109.18356">
        <ele>3611.61</ele>
      </trkpt>
      <trkpt lat="42.79939" lon="-109.18353">
        <ele>3611.36</ele>
      </trkpt>
      <trkpt lat="42.79935" lon="-109.18349">
        <ele>3610.98</ele>
      </trkpt>
      <trkpt lat="42.79931" lon="-109.18346">
        <ele>3610.55</ele>
      </trkpt>
      <trkpt lat="42.79926" lon="-109.18343">
        <ele>3610.01</ele>
      </trkpt>
      <trkpt lat="42.79924" lon="-109.18342">
        <ele>3610.05</ele>
      </trkpt>
      <trkpt lat="42.79914" lon="-109.18336">
        <ele>3609.71</ele>
      </trkpt>
      <trkpt lat="42.7991" lon="-109.18334">
        <ele>3609.28</ele>
      </trkpt>
      <trkpt lat="42.79906" lon="-109.18333">
        <ele>3609.04</ele>
      </trkpt>
      <trkpt lat="42.79901" lon="-109.18324">
        <ele>3610.0</ele>
      </trkpt>
      <trkpt lat="42.79899" lon="-109.18319">
        <ele>3610.05</ele>
      </trkpt>
      <trkpt lat="42.79897" lon="-109.18313">
        <ele>3610.2</ele>
      </trkpt>
      <trkpt lat="42.79897" lon="-109.18309">
        <ele>3610.63</ele>
      </trkpt>
      <trkpt lat="42.79895" lon="-109.18301">
        <ele>3611.49</ele>
      </trkpt>
      <trkpt lat="42.79892" lon="-109.18296">
        <ele>3612.04</ele>
      </trkpt>
      <trkpt lat="42.79889" lon="-109.18291">
        <ele>3612.58</ele>
      </trkpt>
      <trkpt lat="42.79885" lon="-109.18287">
        <ele>3613.01</ele>
      </trkpt>
      <trkpt lat="42.7988" lon="-109.18285">
        <ele>3613.44</ele>
      </trkpt>
      <trkpt lat="42.79876" lon="-109.18285">
        <ele>3613.44</ele>
      </trkpt>
      <trkpt lat="42.79871" lon="-109.18284">
        <ele>3613.66</ele>
      </trkpt>
      <trkpt lat="42.7987" lon="-109.18283">
        <ele>3613.87</ele>
      </trkpt>
      <trkpt lat="42.79861" lon="-109.18285">
        <ele>3613.44</ele>
      </trkpt>
      <trkpt lat="42.79857" lon="-109.18289">
        <ele>3612.79</ele>
      </trkpt>
      <trkpt lat="42.79853" lon="-109.18293">
        <ele>3612.36</ele>
      </trkpt>
      <trkpt lat="42.79848" lon="-109.18294">
        <ele>3612.25</ele>
      </trkpt>
      <trkpt lat="42.79844" lon="-109.18296">
        <ele>3612.03</ele>
      </trkpt>
      <trkpt lat="42.79841" lon="-109.18301">
        <ele>3611.49</ele>
      </trkpt>
      <trkpt lat="42.79837" lon="-109.18306">
        <ele>3610.95</ele>
      </trkpt>
      <trkpt lat="42.79837" lon="-109.18306">
        <ele>3610.95</ele>
      </trkpt>
      <trkpt lat="42.79827" lon="-109.18313">
        <ele>3610.2</ele>
      </trkpt>
      <trkpt lat="42.79822" lon="-109.18313">
        <ele>3610.2</ele>
      </trkpt>
      <trkpt lat="42.79817" lon="-109.18313">
        <ele>3610.2</ele>
      </trkpt>
      <trkpt lat="42.79812" lon="-109.18312">
        <ele>3610.3</ele>
      </trkpt>
      <trkpt lat="42.79807" lon="-109.18311">
        <ele>3610.41</ele>
      </trkpt>
      <trkpt lat="42.79804" lon="-109.18311">
        <ele>3610.41</ele>
      </trkpt>
      <trkpt lat="42.79797" lon="-109.18312">
        <ele>3610.3</ele>
      </trkpt>
      <trkpt lat="42.79773" lon="-109.18311">
        <ele>3609.11</ele>
      </trkpt>
      <trkpt lat="42.79755" lon="-109.18313">
        <ele>3607.74</ele>
      </trkpt>
      <trkpt lat="42.79739" lon="-109.18309">
        <ele>3606.44</ele>
      </trkpt>
      <trkpt lat="42.79727" lon="-109.18303">
        <ele>3606.07</ele>
      </trkpt>
      <trkpt lat="42.79715" lon="-109.18301">
        <ele>3605.2</ele>
      </trkpt>
      <trkpt lat="42.79714" lon="-109.18308">
        <ele>3603.85</ele>
      </trkpt>
      <trkpt lat="42.79715" lon="-109.18301">
        <ele>3605.2</ele>
      </trkpt>
      <trkpt lat="42.79704" lon="-109.183">
        <ele>3603.65</ele>
      </trkpt>
      <trkpt lat="42.79673" lon="-109.18284">
        <ele>3600.7</ele>
      </trkpt>
      <trkpt lat="42.79669" lon="-109.18282">
        <ele>3600.05</ele>
      </trkpt>
      <trkpt lat="42.79664" lon="-109.18282">
        <ele>3598.52</ele>
      </trkpt>
      <trkpt lat="42.79659" lon="-109.18281">
        <ele>3596.63</ele>
      </trkpt>
      <trkpt lat="42.79655" lon="-109.18279">
        <ele>3594.93</ele>
      </trkpt>
      <trkpt lat="42.79652" lon="-109.18274">
        <ele>3594.07</ele>
      </trkpt>
      <trkpt lat="42.7965" lon="-109.18269">
        <ele>3593.75</ele>
      </trkpt>
      <trkpt lat="42.79646" lon="-109.18264">
        <ele>3591.95</ele>
      </trkpt>
      <trkpt lat="42.79646" lon="-109.18264">
        <ele>3591.95</ele>
      </trkpt>
      <trkpt lat="42.79639" lon="-109.1825">
        <ele>3589.05</ele>
      </trkpt>
      <trkpt lat="42.79635" lon="-109.18245">
        <ele>3587.63</ele>
      </trkpt>
      <trkpt lat="42.79631" lon="-109.1824">
        <ele>3585.81</ele>
      </trkpt>
      <trkpt lat="42.79627" lon="-109.18236">
        <ele>3584.51</ele>
      </trkpt>
      <trkpt lat="42.79626" lon="-109.18236">
        <ele>3584.14</ele>
      </trkpt>
      <trkpt lat="42.79617" lon="-109.18226">
        <ele>3580.76</ele>
      </trkpt>
      <trkpt lat="42.79613" lon="-109.18223">
        <ele>3579.55</ele>
      </trkpt>
      <trkpt lat="42.79609" lon="-109.18222">
        <ele>3578.09</ele>
      </trkpt>
      <trkpt lat="42.79606" lon="-109.18223">
        <ele>3576.75</ele>
      </trkpt>
      <trkpt lat="42.79604" lon="-109.18225">
        <ele>3575.86</ele>
      </trkpt>
      <trkpt lat="42.79603" lon="-109.18225">
        <ele>3575.46</ele>
      </trkpt>
      <trkpt lat="42.79601" lon="-109.18223">
        <ele>3574.72</ele>
      </trkpt>
      <trkpt lat="42.79598" lon="-109.18219">
        <ele>3574.1</ele>
      </trkpt>
      <trkpt lat="42.79592" lon="-109.1822">
        <ele>3572.11</ele>
      </trkpt>
      <trkpt lat="42.79589" lon="-109.18215">
        <ele>3572.0</ele>
      </trkpt>
      <trkpt lat="42.79586" lon="-109.18212">
        <ele>3571.61</ele>
      </trkpt>
      <trkpt lat="42.79577" lon="-109.18209">
        <ele>3569.63</ele>
      </trkpt>
      <trkpt lat="42.79574" lon="-109.18205">
        <ele>3568.99</ele>
      </trkpt>
      <trkpt lat="42.7957" lon="-109.18201">
        <ele>3568.85</ele>
      </trkpt>
      <trkpt lat="42.79568" lon="-109.18198">
        <ele>3568.96</ele>
      </trkpt>
      <trkpt lat="42.79555" lon="-109.1819">
        <ele>3567.42</ele>
      </trkpt>
      <trkpt lat="42.7955" lon="-109.1819">
        <ele>3566.88</ele>
      </trkpt>
      <trkpt lat="42.79545" lon="-109.1819">
        <ele>3566.34</ele>
      </trkpt>
      <trkpt lat="42.79541" lon="-109.18189">
        <ele>3566.02</ele>
      </trkpt>
      <trkpt lat="42.79536" lon="-109.18186">
        <ele>3565.8</ele>
      </trkpt>
      <trkpt lat="42.79535" lon="-109.18185">
        <ele>3565.8</ele>
      </trkpt>
      <trkpt lat="42.79531" lon="-109.18182">
        <ele>3565.69</ele>
      </trkpt>
      <trkpt lat="42.79528" lon="-109.18177">
        <ele>3565.91</ele>
      </trkpt>
      <trkpt lat="42.79524" lon="-109.18173">
        <ele>3565.78</ele>
      </trkpt>
      <trkpt lat="42.79521" lon="-109.18168">
        <ele>3565.5</ele>
      </trkpt>
      <trkpt lat="42.79519" lon="-109.18163">
        <ele>3565.5</ele>
      </trkpt>
      <trkpt lat="42.79516" lon="-109.18158">
        <ele>3565.41</ele>
      </trkpt>
      <trkpt lat="42.79515" lon="-109.18157">
        <ele>3565.28</ele>
      </trkpt>
      <trkpt lat="42.79506" lon="-109.18148">
        <ele>3564.31</ele>
      </trkpt>
      <trkpt lat="42.79503" lon="-109.18144">
        <ele>3564.1</ele>
      </trkpt>
      <trkpt lat="42.79499" lon="-109.1814">
        <ele>3563.66</ele>
      </trkpt>
      <trkpt lat="42.79495" lon="-109.18136">
        <ele>3563.06</ele>
      </trkpt>
      <trkpt lat="42.79492" lon="-109.1813">
        <ele>3562.4</ele>
      </trkpt>
      <trkpt lat="42.79492" lon="-109.1813">
        <ele>3562.4</ele>
      </trkpt>
      <trkpt lat="42.79484" lon="-109.1812">
        <ele>3561.58</ele>
      </trkpt>
      <trkpt lat="42.79481" lon="-109.18116">
        <ele>3561.32</ele>
      </trkpt>
      <trkpt lat="42.79477" lon="-109.18113">
        <ele>3560.34</ele>
      </trkpt>
      <trkpt lat="42.79473" lon="-109.18111">
        <ele>3559.26</ele>
      </trkpt>
      <trkpt lat="42.79469" lon="-109.18108">
        <ele>3558.64</ele>
      </trkpt>
      <trkpt lat="42.79465" lon="-109.18104">
        <ele>3558.21</ele>
      </trkpt>
      <trkpt lat="42.79464" lon="-109.18103">
        <ele>3558.1</ele>
      </trkpt>
      <trkpt lat="42.79457" lon="-109.18103">
        <ele>3555.94</ele>
      </trkpt>
      <trkpt lat="42.79453" lon="-109.18099">
        <ele>3555.13</ele>
      </trkpt>
      <trkpt lat="42.79449" lon="-109.18095">
        <ele>3554.35</ele>
      </trkpt>
      <trkpt lat="42.79447" lon="-109.18091">
        <ele>3554.0</ele>
      </trkpt>
      <trkpt lat="42.79442" lon="-109.18086">
        <ele>3553.18</ele>
      </trkpt>
      <trkpt lat="42.79439" lon="-109.18081">
        <ele>3553.08</ele>
      </trkpt>
      <trkpt lat="42.79436" lon="-109.18076">
        <ele>3552.97</ele>
      </trkpt>
      <trkpt lat="42.79434" lon="-109.18071">
        <ele>3552.95</ele>
      </trkpt>
      <trkpt lat="42.7943" lon="-109.18066">
        <ele>3552.19</ele>
      </trkpt>
      <trkpt lat="42.79428" lon="-109.18061">
        <ele>3552.08</ele>
      </trkpt>
      <trkpt lat="42.79425" lon="-109.18057">
        <ele>3551.64</ele>
      </trkpt>
      <trkpt lat="42.7942" lon="-109.18047">
        <ele>3551.64</ele>
      </trkpt>
      <trkpt lat="42.79417" lon="-109.18042">
        <ele>3551.55</ele>
      </trkpt>
      <trkpt lat="42.79414" lon="-109.18037">
        <ele>3551.43</ele>
      </trkpt>
      <trkpt lat="42.79411" lon="-109.18032">
        <ele>3551.32</ele>
      </trkpt>
      <trkpt lat="42.79408" lon="-109.18028">
        <ele>3551.1</ele>
      </trkpt>
      <trkpt lat="42.79404" lon="-109.18022">
        <ele>3550.89</ele>
      </trkpt>
      <trkpt lat="42.79399" lon="-109.18018">
        <ele>3550.24</ele>
      </trkpt>
      <trkpt lat="42.79396" lon="-109.18013">
        <ele>3550.13</ele>
      </trkpt>
      <trkpt lat="42.79393" lon="-109.18009">
        <ele>3549.92</ele>
      </trkpt>
      <trkpt lat="42.79392" lon="-109.18008">
        <ele>3549.81</ele>
      </trkpt>
      <trkpt lat="42.79386" lon="-109.18001">
        <ele>3548.96</ele>
      </trkpt>
      <trkpt lat="42.79383" lon="-109.17997">
        <ele>3548.09</ele>
      </trkpt>
      <trkpt lat="42.7938" lon="-109.17992">
        <ele>3547.12</ele>
      </trkpt>
      <trkpt lat="42.79376" lon="-109.17988">
        <ele>3546.12</ele>
      </trkpt>
      <trkpt lat="42.79372" lon="-109.17986">
        <ele>3545.04</ele>
      </trkpt>
      <trkpt lat="42.79367" lon="-109.17982">
        <ele>3543.85</ele>
      </trkpt>
      <trkpt lat="42.79363" lon="-109.17976">
        <ele>3543.2</ele>
      </trkpt>
      <trkpt lat="42.79361" lon="-109.17971">
        <ele>3543.1</ele>
      </trkpt>
      <trkpt lat="42.79358" lon="-109.17966">
        <ele>3542.66</ele>
      </trkpt>
      <trkpt lat="42.79357" lon="-109.17962">
        <ele>3542.77</ele>
      </trkpt>
      <trkpt lat="42.79355" lon="-109.17956">
        <ele>3542.77</ele>
      </trkpt>
      <trkpt lat="42.79352" lon="-109.1795">
        <ele>3542.45</ele>
      </trkpt>
      <trkpt lat="42.79349" lon="-109.17946">
        <ele>3541.91</ele>
      </trkpt>
      <trkpt lat="42.79346" lon="-109.17941">
        <ele>3541.48</ele>
      </trkpt>
      <trkpt lat="42.79343" lon="-109.17935">
        <ele>3541.15</ele>
      </trkpt>
      <trkpt lat="42.7934" lon="-109.17929">
        <ele>3540.55</ele>
      </trkpt>
      <trkpt lat="42.79339" lon="-109.17928">
        <ele>3540.22</ele>
      </trkpt>
      <trkpt lat="42.79326" lon="-109.17914">
        <ele>3536.91</ele>
      </trkpt>
      <trkpt lat="42.79322" lon="-109.1791">
        <ele>3536.5</ele>
      </trkpt>
      <trkpt lat="42.79319" lon="-109.17907">
        <ele>3536.54</ele>
      </trkpt>
      <trkpt lat="42.79319" lon="-109.17898">
        <ele>3538.48</ele>
      </trkpt>
      <trkpt lat="42.79316" lon="-109.17893">
        <ele>3538.76</ele>
      </trkpt>
      <trkpt lat="42.79313" lon="-109.17888">
        <ele>3538.51</ele>
      </trkpt>
      <trkpt lat="42.79312" lon="-109.17883">
        <ele>3538.72</ele>
      </trkpt>
      <trkpt lat="42.79311" lon="-109.17878">
        <ele>3538.94</ele>
      </trkpt>
      <trkpt lat="42.79307" lon="-109.17874">
        <ele>3538.08</ele>
      </trkpt>
      <trkpt lat="42.79303" lon="-109.17871">
        <ele>3537.1</ele>
      </trkpt>
      <trkpt lat="42.79299" lon="-109.17868">
        <ele>3536.31</ele>
      </trkpt>
      <trkpt lat="42.79299" lon="-109.17868">
        <ele>3536.31</ele>
      </trkpt>
      <trkpt lat="42.79298" lon="-109.17863">
        <ele>3537.0</ele>
      </trkpt>
      <trkpt lat="42.79295" lon="-109.17857">
        <ele>3537.61</ele>
      </trkpt>
      <trkpt lat="42.79291" lon="-109.17853">
        <ele>3537.61</ele>
      </trkpt>
      <trkpt lat="42.79287" lon="-109.1785">
        <ele>3537.39</ele>
      </trkpt>
      <trkpt lat="42.79285" lon="-109.17848">
        <ele>3537.39</ele>
      </trkpt>
      <trkpt lat="42.79284" lon="-109.17842">
        <ele>3538.41</ele>
      </trkpt>
      <trkpt lat="42.79281" lon="-109.17837">
        <ele>3538.3</ele>
      </trkpt>
      <trkpt lat="42.79278" lon="-109.17832">
        <ele>3538.19</ele>
      </trkpt>
      <trkpt lat="42.79276" lon="-109.17829">
        <ele>3538.08</ele>
      </trkpt>
      <trkpt lat="42.7927" lon="-109.17827">
        <ele>3537.0</ele>
      </trkpt>
      <trkpt lat="42.79266" lon="-109.17823">
        <ele>3536.57</ele>
      </trkpt>
      <trkpt lat="42.79263" lon="-109.17818">
        <ele>3536.46</ele>
      </trkpt>
      <trkpt lat="42.7926" lon="-109.17815">
        <ele>3536.14</ele>
      </trkpt>
      <trkpt lat="42.79245" lon="-109.17799">
        <ele>3536.01</ele>
      </trkpt>
      <trkpt lat="42.79241" lon="-109.17795">
        <ele>3536.17</ele>
      </trkpt>
      <trkpt lat="42.79237" lon="-109.17792">
        <ele>3535.66</ele>
      </trkpt>
      <trkpt lat="42.79233" lon="-109.1779">
        <ele>3535.01</ele>
      </trkpt>
      <trkpt lat="42.79229" lon="-109.17787">
        <ele>3534.74</ele>
      </trkpt>
      <trkpt lat="42.79224" lon="-109.17784">
        <ele>3534.58</ele>
      </trkpt>
      <trkpt lat="42.7922" lon="-109.17779">
        <ele>3534.39</ele>
      </trkpt>
      <trkpt lat="42.79217" lon="-109.17777">
        <ele>3534.04</ele>
      </trkpt>
      <trkpt lat="42.79211" lon="-109.17772">
        <ele>3533.9</ele>
      </trkpt>
      <trkpt lat="42.79206" lon="-109.17772">
        <ele>3533.03</ele>
      </trkpt>
      <trkpt lat="42.79202" lon="-109.1777">
        <ele>3532.47</ele>
      </trkpt>
      <trkpt lat="42.79197" lon="-109.17768">
        <ele>3531.61</ele>
      </trkpt>
      <trkpt lat="42.79195" lon="-109.17766">
        <ele>3531.39</ele>
      </trkpt>
      <trkpt lat="42.79189" lon="-109.17768">
        <ele>3529.88</ele>
      </trkpt>
      <trkpt lat="42.79176" lon="-109.17764">
        <ele>3528.5</ele>
      </trkpt>
      <trkpt lat="42.79167" lon="-109.17757">
        <ele>3527.31</ele>
      </trkpt>
      <trkpt lat="42.79164" lon="-109.17755">
        <ele>3526.88</ele>
      </trkpt>
      <trkpt lat="42.79159" lon="-109.17752">
        <ele>3526.13</ele>
      </trkpt>
      <trkpt lat="42.79158" lon="-109.17751">
        <ele>3526.02</ele>
      </trkpt>
      <trkpt lat="42.79156" lon="-109.1775">
        <ele>3525.54</ele>
      </trkpt>
      <trkpt lat="42.79151" lon="-109.17754">
        <ele>3523.49</ele>
      </trkpt>
      <trkpt lat="42.7915" lon="-109.17755">
        <ele>3523.06</ele>
      </trkpt>
      <trkpt lat="42.79146" lon="-109.17755">
        <ele>3521.3</ele>
      </trkpt>
      <trkpt lat="42.79143" lon="-109.1775">
        <ele>3520.22</ele>
      </trkpt>
      <trkpt lat="42.7914" lon="-109.17745">
        <ele>3519.08</ele>
      </trkpt>
      <trkpt lat="42.79139" lon="-109.17739">
        <ele>3519.24</ele>
      </trkpt>
      <trkpt lat="42.79139" lon="-109.17739">
        <ele>3519.24</ele>
      </trkpt>
      <trkpt lat="42.79138" lon="-109.17731">
        <ele>3519.67</ele>
      </trkpt>
      <trkpt lat="42.79136" lon="-109.17726">
        <ele>3519.34</ele>
      </trkpt>
      <trkpt lat="42.79133" lon="-109.1772">
        <ele>3518.7</ele>
      </trkpt>
      <trkpt lat="42.79133" lon="-109.17716">
        <ele>3519.13</ele>
      </trkpt>
      <trkpt lat="42.79131" lon="-109.177">
        <ele>3518.99</ele>
      </trkpt>
      <trkpt lat="42.79131" lon="-109.17699">
        <ele>3519.1</ele>
      </trkpt>
      <trkpt lat="42.79129" lon="-109.17691">
        <ele>3518.73</ele>
      </trkpt>
      <trkpt lat="42.79127" lon="-109.1768">
        <ele>3518.42</ele>
      </trkpt>
      <trkpt lat="42.79127" lon="-109.1768">
        <ele>3518.42</ele>
      </trkpt>
      <trkpt lat="42.79126" lon="-109.17676">
        <ele>3518.42</ele>
      </trkpt>
      <trkpt lat="42.79125" lon="-109.17669">
        <ele>3518.0</ele>
      </trkpt>
      <trkpt lat="42.79122" lon="-109.17664">
        <ele>3516.75</ele>
      </trkpt>
      <trkpt lat="42.7912" lon="-109.17658">
        <ele>3515.84</ele>
      </trkpt>
      <trkpt lat="42.79119" lon="-109.17654">
        <ele>3515.78</ele>
      </trkpt>
      <trkpt lat="42.79121" lon="-109.1764">
        <ele>3518.15</ele>
      </trkpt>
      <trkpt lat="42.7912" lon="-109.17634">
        <ele>3517.82</ele>
      </trkpt>
      <trkpt lat="42.7912" lon="-109.17627">
        <ele>3518.12</ele>
      </trkpt>
      <trkpt lat="42.79119" lon="-109.17621">
        <ele>3518.34</ele>
      </trkpt>
      <trkpt lat="42.79118" lon="-109.17614">
        <ele>3518.49</ele>
      </trkpt>
      <trkpt lat="42.79116" lon="-109.17608">
        <ele>3517.8</ele>
      </trkpt>
      <trkpt lat="42.79115" lon="-109.17602">
        <ele>3517.67</ele>
      </trkpt>
      <trkpt lat="42.79112" lon="-109.17597">
        <ele>3516.91</ele>
      </trkpt>
      <trkpt lat="42.79107" lon="-109.17588">
        <ele>3515.0</ele>
      </trkpt>
      <trkpt lat="42.79106" lon="-109.17582">
        <ele>3514.94</ele>
      </trkpt>
      <trkpt lat="42.79103" lon="-109.17576">
        <ele>3514.29</ele>
      </trkpt>
      <trkpt lat="42.791" lon="-109.17571">
        <ele>3513.33</ele>
      </trkpt>
      <trkpt lat="42.79097" lon="-109.17567">
        <ele>3512.14</ele>
      </trkpt>
      <trkpt lat="42.79096" lon="-109.17565">
        <ele>3511.82</ele>
      </trkpt>
      <trkpt lat="42.79092" lon="-109.17561">
        <ele>3509.96</ele>
      </trkpt>
      <trkpt lat="42.7909" lon="-109.17554">
        <ele>3509.09</ele>
      </trkpt>
      <trkpt lat="42.79087" lon="-109.1755">
        <ele>3507.13</ele>
      </trkpt>
      <trkpt lat="42.79084" lon="-109.17546">
        <ele>3505.46</ele>
      </trkpt>
      <trkpt lat="42.79083" lon="-109.17545">
        <ele>3504.96</ele>
      </trkpt>
      <trkpt lat="42.79078" lon="-109.17539">
        <ele>3502.91</ele>
      </trkpt>
      <trkpt lat="42.79075" lon="-109.17536">
        <ele>3501.61</ele>
      </trkpt>
      <trkpt lat="42.79071" lon="-109.17531">
        <ele>3499.99</ele>
      </trkpt>
      <trkpt lat="42.79069" lon="-109.17525">
        <ele>3499.72</ele>
      </trkpt>
      <trkpt lat="42.79067" lon="-109.17519">
        <ele>3499.85</ele>
      </trkpt>
      <trkpt lat="42.79066" lon="-109.17514">
        <ele>3500.0</ele>
      </trkpt>
      <trkpt lat="42.79063" lon="-109.17507">
        <ele>3499.51</ele>
      </trkpt>
      <trkpt lat="42.79059" lon="-109.17504">
        <ele>3498.41</ele>
      </trkpt>
      <trkpt lat="42.79055" lon="-109.175">
        <ele>3497.82</ele>
      </trkpt>
      <trkpt lat="42.79053" lon="-109.17497">
        <ele>3497.82</ele>
      </trkpt>
      <trkpt lat="42.79049" lon="-109.1749">
        <ele>3498.04</ele>
      </trkpt>
      <trkpt lat="42.79046" lon="-109.17486">
        <ele>3497.93</ele>
      </trkpt>
      <trkpt lat="42.79042" lon="-109.17482">
        <ele>3497.5</ele>
      </trkpt>
      <trkpt lat="42.79038" lon="-109.17477">
        <ele>3497.28</ele>
      </trkpt>
      <trkpt lat="42.79035" lon="-109.17474">
        <ele>3496.56</ele>
      </trkpt>
      <trkpt lat="42.79025" lon="-109.17464">
        <ele>3492.65</ele>
      </trkpt>
      <trkpt lat="42.79021" lon="-109.17461">
        <ele>3491.81</ele>
      </trkpt>
      <trkpt lat="42.79017" lon="-109.17459">
        <ele>3491.81</ele>
      </trkpt>
      <trkpt lat="42.79013" lon="-109.17457">
        <ele>3492.79</ele>
      </trkpt>
      <trkpt lat="42.79008" lon="-109.17455">
        <ele>3493.46</ele>
      </trkpt>
      <trkpt lat="42.79003" lon="-109.17455">
        <ele>3493.0</ele>
      </trkpt>
      <trkpt lat="42.79001" lon="-109.17454">
        <ele>3493.04</ele>
      </trkpt>
      <trkpt lat="42.78993" lon="-109.17445">
        <ele>3494.12</ele>
      </trkpt>
      <trkpt lat="42.7899" lon="-109.17442">
        <ele>3494.37</ele>
      </trkpt>
      <trkpt lat="42.7899" lon="-109.17442">
        <ele>3494.37</ele>
      </trkpt>
      <trkpt lat="42.78979" lon="-109.17437">
        <ele>3493.34</ele>
      </trkpt>
      <trkpt lat="42.78975" lon="-109.17435">
        <ele>3493.33</ele>
      </trkpt>
      <trkpt lat="42.7897" lon="-109.17432">
        <ele>3492.95</ele>
      </trkpt>
      <trkpt lat="42.78965" lon="-109.17431">
        <ele>3492.24</ele>
      </trkpt>
      <trkpt lat="42.78961" lon="-109.1743">
        <ele>3491.7</ele>
      </trkpt>
      <trkpt lat="42.78959" lon="-109.17429">
        <ele>3491.48</ele>
      </trkpt>
      <trkpt lat="42.78948" lon="-109.17424">
        <ele>3490.67</ele>
      </trkpt>
      <trkpt lat="42.78945" lon="-109.1742">
        <ele>3490.74</ele>
      </trkpt>
      <trkpt lat="42.78941" lon="-109.17415">
        <ele>3490.99</ele>
      </trkpt>
      <trkpt lat="42.78937" lon="-109.17412">
        <ele>3491.2</ele>
      </trkpt>
      <trkpt lat="42.78933" lon="-109.1741">
        <ele>3490.97</ele>
      </trkpt>
      <trkpt lat="42.78927" lon="-109.17409">
        <ele>3489.89</ele>
      </trkpt>
      <trkpt lat="42.78925" lon="-109.17409">
        <ele>3489.46</ele>
      </trkpt>
      <trkpt lat="42.7892" lon="-109.17406">
        <ele>3489.02</ele>
      </trkpt>
      <trkpt lat="42.78916" lon="-109.17403">
        <ele>3488.88</ele>
      </trkpt>
      <trkpt lat="42.78912" lon="-109.17401">
        <ele>3488.88</ele>
      </trkpt>
      <trkpt lat="42.78908" lon="-109.17398">
        <ele>3489.1</ele>
      </trkpt>
      <trkpt lat="42.78907" lon="-109.17397">
        <ele>3489.17</ele>
      </trkpt>
      <trkpt lat="42.78899" lon="-109.17392">
        <ele>3489.11</ele>
      </trkpt>
      <trkpt lat="42.78894" lon="-109.1739">
        <ele>3488.8</ele>
      </trkpt>
      <trkpt lat="42.7889" lon="-109.17388">
        <ele>3488.52</ele>
      </trkpt>
      <trkpt lat="42.78887" lon="-109.17384">
        <ele>3489.38</ele>
      </trkpt>
      <trkpt lat="42.78882" lon="-109.1738">
        <ele>3490.14</ele>
      </trkpt>
      <trkpt lat="42.78878" lon="-109.17377">
        <ele>3490.39</ele>
      </trkpt>
      <trkpt lat="42.78874" lon="-109.17374">
        <ele>3490.61</ele>
      </trkpt>
      <trkpt lat="42.78871" lon="-109.17372">
        <ele>3490.72</ele>
      </trkpt>
      <trkpt lat="42.78858" lon="-109.17371">
        <ele>3489.53</ele>
      </trkpt>
      <trkpt lat="42.78854" lon="-109.17374">
        <ele>3488.45</ele>
      </trkpt>
      <trkpt lat="42.78849" lon="-109.17375">
        <ele>3487.69</ele>
      </trkpt>
      <trkpt lat="42.78848" lon="-109.17375">
        <ele>3487.58</ele>
      </trkpt>
      <trkpt lat="42.78837" lon="-109.17372">
        <ele>3486.94</ele>
      </trkpt>
      <trkpt lat="42.78824" lon="-109.17365">
        <ele>3487.73</ele>
      </trkpt>
      <trkpt lat="42.78814" lon="-109.17363">
        <ele>3487.3</ele>
      </trkpt>
      <trkpt lat="42.7881" lon="-109.1736">
        <ele>3487.84</ele>
      </trkpt>
      <trkpt lat="42.78801" lon="-109.17361">
        <ele>3486.54</ele>
      </trkpt>
      <trkpt lat="42.78792" lon="-109.17357">
        <ele>3486.2</ele>
      </trkpt>
      <trkpt lat="42.78787" lon="-109.17357">
        <ele>3484.87</ele>
      </trkpt>
      <trkpt lat="42.78773" lon="-109.1735">
        <ele>3481.06</ele>
      </trkpt>
      <trkpt lat="42.78762" lon="-109.17339">
        <ele>3486.26</ele>
      </trkpt>
      <trkpt lat="42.78758" lon="-109.17337">
        <ele>3487.2</ele>
      </trkpt>
      <trkpt lat="42.78754" lon="-109.17338">
        <ele>3486.13</ele>
      </trkpt>
      <trkpt lat="42.7875" lon="-109.1734">
        <ele>3484.84</ele>
      </trkpt>
      <trkpt lat="42.78745" lon="-109.17341">
        <ele>3484.42</ele>
      </trkpt>
      <trkpt lat="42.78741" lon="-109.1734">
        <ele>3484.57</ele>
      </trkpt>
      <trkpt lat="42.78735" lon="-109.17335">
        <ele>3485.02</ele>
      </trkpt>
      <trkpt lat="42.78731" lon="-109.17334">
        <ele>3484.8</ele>
      </trkpt>
      <trkpt lat="42.78725" lon="-109.17334">
        <ele>3484.16</ele>
      </trkpt>
      <trkpt lat="42.78721" lon="-109.17334">
        <ele>3483.72</ele>
      </trkpt>
      <trkpt lat="42.78718" lon="-109.17331">
        <ele>3484.3</ele>
      </trkpt>
      <trkpt lat="42.78713" lon="-109.17332">
        <ele>3483.44</ele>
      </trkpt>
      <trkpt lat="42.78709" lon="-109.17335">
        <ele>3482.21</ele>
      </trkpt>
      <trkpt lat="42.78704" lon="-109.17335">
        <ele>3481.67</ele>
      </trkpt>
      <trkpt lat="42.78702" lon="-109.17336">
        <ele>3481.19</ele>
      </trkpt>
      <trkpt lat="42.78699" lon="-109.17339">
        <ele>3479.96</ele>
      </trkpt>
      <trkpt lat="42.78698" lon="-109.17345">
        <ele>3478.15</ele>
      </trkpt>
      <trkpt lat="42.78697" lon="-109.1735">
        <ele>3476.73</ele>
      </trkpt>
      <trkpt lat="42.78695" lon="-109.17353">
        <ele>3475.69</ele>
      </trkpt>
      <trkpt lat="42.78691" lon="-109.17354">
        <ele>3474.56</ele>
      </trkpt>
      <trkpt lat="42.78686" lon="-109.17354">
        <ele>3473.48</ele>
      </trkpt>
      <trkpt lat="42.78685" lon="-109.17354">
        <ele>3473.28</ele>
      </trkpt>
      <trkpt lat="42.7868" lon="-109.17358">
        <ele>3471.45</ele>
      </trkpt>
      <trkpt lat="42.78675" lon="-109.17358">
        <ele>3470.91</ele>
      </trkpt>
      <trkpt lat="42.78671" lon="-109.17361">
        <ele>3469.5</ele>
      </trkpt>
      <trkpt lat="42.78667" lon="-109.17363">
        <ele>3468.42</ele>
      </trkpt>
      <trkpt lat="42.78663" lon="-109.17366">
        <ele>3467.02</ele>
      </trkpt>
      <trkpt lat="42.7866" lon="-109.17367">
        <ele>3466.37</ele>
      </trkpt>
      <trkpt lat="42.78654" lon="-109.17371">
        <ele>3464.39</ele>
      </trkpt>
      <trkpt lat="42.78649" lon="-109.17372">
        <ele>3463.55</ele>
      </trkpt>
      <trkpt lat="42.78643" lon="-109.17371">
        <ele>3463.24</ele>
      </trkpt>
      <trkpt lat="42.78639" lon="-109.17374">
        <ele>3461.84</ele>
      </trkpt>
      <trkpt lat="42.78636" lon="-109.17378">
        <ele>3460.27</ele>
      </trkpt>
      <trkpt lat="42.78634" lon="-109.17383">
        <ele>3458.21</ele>
      </trkpt>
      <trkpt lat="42.78632" lon="-109.17389">
        <ele>3455.96</ele>
      </trkpt>
      <trkpt lat="42.78632" lon="-109.1739">
        <ele>3455.55</ele>
      </trkpt>
      <trkpt lat="42.78626" lon="-109.17396">
        <ele>3452.93</ele>
      </trkpt>
      <trkpt lat="42.78625" lon="-109.17399">
        <ele>3451.72</ele>
      </trkpt>
      <trkpt lat="42.78624" lon="-109.174">
        <ele>3451.4</ele>
      </trkpt>
      <trkpt lat="42.78624" lon="-109.17401">
        <ele>3451.08</ele>
      </trkpt>
      <trkpt lat="42.78624" lon="-109.17403">
        <ele>3450.43</ele>
      </trkpt>
      <trkpt lat="42.78626" lon="-109.17407">
        <ele>3449.13</ele>
      </trkpt>
      <trkpt lat="42.78626" lon="-109.17408">
        <ele>3448.74</ele>
      </trkpt>
      <trkpt lat="42.78622" lon="-109.17411">
        <ele>3447.45</ele>
      </trkpt>
      <trkpt lat="42.78617" lon="-109.17412">
        <ele>3447.02</ele>
      </trkpt>
      <trkpt lat="42.78612" lon="-109.17412">
        <ele>3447.02</ele>
      </trkpt>
      <trkpt lat="42.78612" lon="-109.17412">
        <ele>3447.02</ele>
      </trkpt>
      <trkpt lat="42.78606" lon="-109.17412">
        <ele>3447.02</ele>
      </trkpt>
      <trkpt lat="42.78604" lon="-109.17414">
        <ele>3446.15</ele>
      </trkpt>
      <trkpt lat="42.78603" lon="-109.17417">
        <ele>3444.86</ele>
      </trkpt>
      <trkpt lat="42.78602" lon="-109.17423">
        <ele>3442.26</ele>
      </trkpt>
      <trkpt lat="42.786" lon="-109.17428">
        <ele>3440.1</ele>
      </trkpt>
      <trkpt lat="42.78596" lon="-109.17429">
        <ele>3439.67</ele>
      </trkpt>
      <trkpt lat="42.78589" lon="-109.17431">
        <ele>3438.81</ele>
      </trkpt>
      <trkpt lat="42.78585" lon="-109.17432">
        <ele>3438.38</ele>
      </trkpt>
      <trkpt lat="42.7858" lon="-109.17433">
        <ele>3437.94</ele>
      </trkpt>
      <trkpt lat="42.78579" lon="-109.17433">
        <ele>3437.94</ele>
      </trkpt>
      <trkpt lat="42.78571" lon="-109.17436">
        <ele>3436.65</ele>
      </trkpt>
      <trkpt lat="42.78567" lon="-109.17438">
        <ele>3435.78</ele>
      </trkpt>
      <trkpt lat="42.78562" lon="-109.17441">
        <ele>3434.37</ele>
      </trkpt>
      <trkpt lat="42.78558" lon="-109.17442">
        <ele>3433.86</ele>
      </trkpt>
      <trkpt lat="42.78557" lon="-109.17443">
        <ele>3433.49</ele>
      </trkpt>
      <trkpt lat="42.7855" lon="-109.17446">
        <ele>3431.83</ele>
      </trkpt>
      <trkpt lat="42.78546" lon="-109.17446">
        <ele>3431.49</ele>
      </trkpt>
      <trkpt lat="42.78541" lon="-109.17448">
        <ele>3430.63</ele>
      </trkpt>
      <trkpt lat="42.78537" lon="-109.17451">
        <ele>3429.16</ele>
      </trkpt>
      <trkpt lat="42.78537" lon="-109.17451">
        <ele>3429.16</ele>
      </trkpt>
      <trkpt lat="42.78531" lon="-109.1745">
        <ele>3428.95</ele>
      </trkpt>
      <trkpt lat="42.78527" lon="-109.17452">
        <ele>3427.72</ele>
      </trkpt>
      <trkpt lat="42.78523" lon="-109.17455">
        <ele>3426.51</ele>
      </trkpt>
      <trkpt lat="42.78518" lon="-109.17456">
        <ele>3425.95</ele>
      </trkpt>
      <trkpt lat="42.78513" lon="-109.17456">
        <ele>3425.41</ele>
      </trkpt>
      <trkpt lat="42.78509" lon="-109.17457">
        <ele>3424.55</ele>
      </trkpt>
      <trkpt lat="42.78502" lon="-109.17459">
        <ele>3422.93</ele>
      </trkpt>
      <trkpt lat="42.78499" lon="-109.17463">
        <ele>3420.88</ele>
      </trkpt>
      <trkpt lat="42.78497" lon="-109.17469">
        <ele>3418.72</ele>
      </trkpt>
      <trkpt lat="42.78496" lon="-109.17474">
        <ele>3416.8</ele>
      </trkpt>
      <trkpt lat="42.7849" lon="-109.17477">
        <ele>3414.82</ele>
      </trkpt>
      <trkpt lat="42.78486" lon="-109.17481">
        <ele>3412.67</ele>
      </trkpt>
      <trkpt lat="42.78482" lon="-109.17484">
        <ele>3411.24</ele>
      </trkpt>
      <trkpt lat="42.78478" lon="-109.17486">
        <ele>3410.16</ele>
      </trkpt>
      <trkpt lat="42.78473" lon="-109.17489">
        <ele>3408.65</ele>
      </trkpt>
      <trkpt lat="42.78473" lon="-109.17489">
        <ele>3408.65</ele>
      </trkpt>
      <trkpt lat="42.7847" lon="-109.17497">
        <ele>3405.73</ele>
      </trkpt>
      <trkpt lat="42.78472" lon="-109.17503">
        <ele>3404.0</ele>
      </trkpt>
      <trkpt lat="42.78475" lon="-109.17508">
        <ele>3402.71</ele>
      </trkpt>
      <trkpt lat="42.78478" lon="-109.17513">
        <ele>3401.56</ele>
      </trkpt>
      <trkpt lat="42.78481" lon="-109.17517">
        <ele>3400.48</ele>
      </trkpt>
      <trkpt lat="42.78483" lon="-109.1752">
        <ele>3399.84</ele>
      </trkpt>
      <trkpt lat="42.78487" lon="-109.1753">
        <ele>3397.88</ele>
      </trkpt>
      <trkpt lat="42.78487" lon="-109.17536">
        <ele>3395.93</ele>
      </trkpt>
      <trkpt lat="42.78487" lon="-109.17538">
        <ele>3395.39</ele>
      </trkpt>
      <trkpt lat="42.78489" lon="-109.17544">
        <ele>3394.31</ele>
      </trkpt>
      <trkpt lat="42.78489" lon="-109.1755">
        <ele>3393.01</ele>
      </trkpt>
      <trkpt lat="42.78486" lon="-109.17554">
        <ele>3391.82</ele>
      </trkpt>
      <trkpt lat="42.78483" lon="-109.17556">
        <ele>3391.03</ele>
      </trkpt>
      <trkpt lat="42.78481" lon="-109.17558">
        <ele>3390.12</ele>
      </trkpt>
      <trkpt lat="42.78476" lon="-109.17559">
        <ele>3388.92</ele>
      </trkpt>
      <trkpt lat="42.78472" lon="-109.17561">
        <ele>3387.8</ele>
      </trkpt>
      <trkpt lat="42.78468" lon="-109.17565">
        <ele>3386.48</ele>
      </trkpt>
      <trkpt lat="42.78466" lon="-109.17567">
        <ele>3385.62</ele>
      </trkpt>
      <trkpt lat="42.78456" lon="-109.17574">
        <ele>3382.27</ele>
      </trkpt>
      <trkpt lat="42.78452" lon="-109.17577">
        <ele>3381.55</ele>
      </trkpt>
      <trkpt lat="42.78448" lon="-109.17581">
        <ele>3381.12</ele>
      </trkpt>
      <trkpt lat="42.78445" lon="-109.17586">
        <ele>3380.36</ele>
      </trkpt>
      <trkpt lat="42.78445" lon="-109.17588">
        <ele>3379.93</ele>
      </trkpt>
      <trkpt lat="42.78449" lon="-109.17592">
        <ele>3378.64</ele>
      </trkpt>
      <trkpt lat="42.78454" lon="-109.17593">
        <ele>3377.84</ele>
      </trkpt>
      <trkpt lat="42.78458" lon="-109.17596">
        <ele>3376.6</ele>
      </trkpt>
      <trkpt lat="42.78457" lon="-109.17604">
        <ele>3374.15</ele>
      </trkpt>
      <trkpt lat="42.78453" lon="-109.17607">
        <ele>3372.78</ele>
      </trkpt>
      <trkpt lat="42.78449" lon="-109.17609">
        <ele>3371.91</ele>
      </trkpt>
      <trkpt lat="42.78445" lon="-109.17612">
        <ele>3370.71</ele>
      </trkpt>
      <trkpt lat="42.78443" lon="-109.17615">
        <ele>3369.52</ele>
      </trkpt>
      <trkpt lat="42.78442" lon="-109.17621">
        <ele>3367.13</ele>
      </trkpt>
      <trkpt lat="42.7844" lon="-109.17627">
        <ele>3363.46</ele>
      </trkpt>
      <trkpt lat="42.78437" lon="-109.17632">
        <ele>3360.11</ele>
      </trkpt>
      <trkpt lat="42.78433" lon="-109.17634">
        <ele>3358.04</ele>
      </trkpt>
      <trkpt lat="42.7843" lon="-109.17636">
        <ele>3356.27</ele>
      </trkpt>
      <trkpt lat="42.78423" lon="-109.17638">
        <ele>3353.12</ele>
      </trkpt>
      <trkpt lat="42.78423" lon="-109.1764">
        <ele>3352.29</ele>
      </trkpt>
      <trkpt lat="42.78424" lon="-109.17644">
        <ele>3351.07</ele>
      </trkpt>
      <trkpt lat="42.78427" lon="-109.17649">
        <ele>3349.86</ele>
      </trkpt>
      <trkpt lat="42.78429" lon="-109.17654">
        <ele>3348.14</ele>
      </trkpt>
      <trkpt lat="42.78433" lon="-109.17659">
        <ele>3347.01</ele>
      </trkpt>
      <trkpt lat="42.78437" lon="-109.17661">
        <ele>3347.15</ele>
      </trkpt>
      <trkpt lat="42.78439" lon="-109.17665">
        <ele>3346.03</ele>
      </trkpt>
      <trkpt lat="42.78439" lon="-109.17672">
        <ele>3343.45</ele>
      </trkpt>
      <trkpt lat="42.78435" lon="-109.17677">
        <ele>3341.5</ele>
      </trkpt>
      <trkpt lat="42.78434" lon="-109.17679">
        <ele>3340.42</ele>
      </trkpt>
      <trkpt lat="42.78436" lon="-109.17681">
        <ele>3339.86</ele>
      </trkpt>
      <trkpt lat="42.78439" lon="-109.17686">
        <ele>3338.15</ele>
      </trkpt>
      <trkpt lat="42.78439" lon="-109.17692">
        <ele>3336.2</ele>
      </trkpt>
      <trkpt lat="42.78439" lon="-109.17692">
        <ele>3336.2</ele>
      </trkpt>
      <trkpt lat="42.7844" lon="-109.17695">
        <ele>3335.34</ele>
      </trkpt>
      <trkpt lat="42.78445" lon="-109.17696">
        <ele>3335.5</ele>
      </trkpt>
      <trkpt lat="42.78449" lon="-109.17698">
        <ele>3334.85</ele>
      </trkpt>
      <trkpt lat="42.78453" lon="-109.17701">
        <ele>3333.88</ele>
      </trkpt>
      <trkpt lat="42.78454" lon="-109.17707">
        <ele>3332.28</ele>
      </trkpt>
      <trkpt lat="42.78454" lon="-109.17713">
        <ele>3330.95</ele>
      </trkpt>
      <trkpt lat="42.78451" lon="-109.17718">
        <ele>3328.53</ele>
      </trkpt>
      <trkpt lat="42.78446" lon="-109.1772">
        <ele>3327.13</ele>
      </trkpt>
      <trkpt lat="42.78441" lon="-109.17721">
        <ele>3326.16</ele>
      </trkpt>
      <trkpt lat="42.78439" lon="-109.17721">
        <ele>3325.94</ele>
      </trkpt>
      <trkpt lat="42.78429" lon="-109.17722">
        <ele>3323.09</ele>
      </trkpt>
      <trkpt lat="42.78432" lon="-109.17726">
        <ele>3322.48</ele>
      </trkpt>
      <trkpt lat="42.78436" lon="-109.1773">
        <ele>3321.73</ele>
      </trkpt>
      <trkpt lat="42.7844" lon="-109.17734">
        <ele>3320.43</ele>
      </trkpt>
      <trkpt lat="42.78444" lon="-109.17736">
        <ele>3320.0</ele>
      </trkpt>
      <trkpt lat="42.78446" lon="-109.17737">
        <ele>3319.62</ele>
      </trkpt>
      <trkpt lat="42.78449" lon="-109.17738">
        <ele>3319.18</ele>
      </trkpt>
      <trkpt lat="42.78453" lon="-109.17736">
        <ele>3320.05</ele>
      </trkpt>
      <trkpt lat="42.78457" lon="-109.17735">
        <ele>3320.12</ele>
      </trkpt>
      <trkpt lat="42.78462" lon="-109.17735">
        <ele>3319.58</ele>
      </trkpt>
      <trkpt lat="42.78473" lon="-109.17734">
        <ele>3318.47</ele>
      </trkpt>
      <trkpt lat="42.78477" lon="-109.17731">
        <ele>3319.18</ele>
      </trkpt>
      <trkpt lat="42.78481" lon="-109.17728">
        <ele>3319.61</ele>
      </trkpt>
      <trkpt lat="42.78486" lon="-109.17727">
        <ele>3319.2</ele>
      </trkpt>
      <trkpt lat="42.78491" lon="-109.17728">
        <ele>3317.88</ele>
      </trkpt>
      <trkpt lat="42.78491" lon="-109.17728">
        <ele>3317.88</ele>
      </trkpt>
      <trkpt lat="42.78495" lon="-109.17734">
        <ele>3314.64</ele>
      </trkpt>
      <trkpt lat="42.78498" lon="-109.17739">
        <ele>3311.94</ele>
      </trkpt>
      <trkpt lat="42.78502" lon="-109.17743">
        <ele>3310.0</ele>
      </trkpt>
      <trkpt lat="42.78504" lon="-109.17744">
        <ele>3309.67</ele>
      </trkpt>
      <trkpt lat="42.78503" lon="-109.17747">
        <ele>3307.94</ele>
      </trkpt>
      <trkpt lat="42.78499" lon="-109.17749">
        <ele>3306.54</ele>
      </trkpt>
      <trkpt lat="42.78494" lon="-109.17751">
        <ele>3305.53</ele>
      </trkpt>
      <trkpt lat="42.78493" lon="-109.17752">
        <ele>3305.08</ele>
      </trkpt>
      <trkpt lat="42.7848" lon="-109.17754">
        <ele>3306.16</ele>
      </trkpt>
      <trkpt lat="42.78475" lon="-109.17756">
        <ele>3306.16</ele>
      </trkpt>
      <trkpt lat="42.78471" lon="-109.17759">
        <ele>3305.4</ele>
      </trkpt>
      <trkpt lat="42.78467" lon="-109.17761">
        <ele>3305.27</ele>
      </trkpt>
      <trkpt lat="42.78462" lon="-109.17769">
        <ele>3301.74</ele>
      </trkpt>
      <trkpt lat="42.78457" lon="-109.17772">
        <ele>3300.12</ele>
      </trkpt>
      <trkpt lat="42.78452" lon="-109.17774">
        <ele>3298.93</ele>
      </trkpt>
      <trkpt lat="42.78448" lon="-109.17775">
        <ele>3298.07</ele>
      </trkpt>
      <trkpt lat="42.78447" lon="-109.17776">
        <ele>3297.38</ele>
      </trkpt>
      <trkpt lat="42.78431" lon="-109.17774">
        <ele>3296.54</ele>
      </trkpt>
      <trkpt lat="42.78426" lon="-109.17773">
        <ele>3296.11</ele>
      </trkpt>
      <trkpt lat="42.78422" lon="-109.17771">
        <ele>3295.92</ele>
      </trkpt>
      <trkpt lat="42.78421" lon="-109.1777">
        <ele>3296.08</ele>
      </trkpt>
      <trkpt lat="42.78415" lon="-109.17769">
        <ele>3294.08</ele>
      </trkpt>
      <trkpt lat="42.78413" lon="-109.17774">
        <ele>3291.28</ele>
      </trkpt>
      <trkpt lat="42.78409" lon="-109.17778">
        <ele>3288.42</ele>
      </trkpt>
      <trkpt lat="42.78407" lon="-109.17778">
        <ele>3287.77</ele>
      </trkpt>
      <trkpt lat="42.78397" lon="-109.17777">
        <ele>3285.0</ele>
      </trkpt>
      <trkpt lat="42.78392" lon="-109.17776">
        <ele>3284.25</ele>
      </trkpt>
      <trkpt lat="42.78388" lon="-109.17774">
        <ele>3283.94</ele>
      </trkpt>
      <trkpt lat="42.78383" lon="-109.17773">
        <ele>3282.64</ele>
      </trkpt>
      <trkpt lat="42.78383" lon="-109.17773">
        <ele>3282.64</ele>
      </trkpt>
      <trkpt lat="42.78379" lon="-109.1777">
        <ele>3282.32</ele>
      </trkpt>
      <trkpt lat="42.78374" lon="-109.17771">
        <ele>3280.37</ele>
      </trkpt>
      <trkpt lat="42.7837" lon="-109.17768">
        <ele>3279.99</ele>
      </trkpt>
      <trkpt lat="42.78366" lon="-109.17766">
        <ele>3279.13</ele>
      </trkpt>
      <trkpt lat="42.78361" lon="-109.17765">
        <ele>3277.74</ele>
      </trkpt>
      <trkpt lat="42.78359" lon="-109.17765">
        <ele>3277.3</ele>
      </trkpt>
      <trkpt lat="42.78355" lon="-109.17762">
        <ele>3277.09</ele>
      </trkpt>
      <trkpt lat="42.78351" lon="-109.17763">
        <ele>3276.06</ele>
      </trkpt>
      <trkpt lat="42.78346" lon="-109.17761">
        <ele>3275.87</ele>
      </trkpt>
      <trkpt lat="42.78342" lon="-109.17757">
        <ele>3276.38</ele>
      </trkpt>
      <trkpt lat="42.78337" lon="-109.17756">
        <ele>3275.71</ele>
      </trkpt>
      <trkpt lat="42.78333" lon="-109.17758">
        <ele>3274.37</ele>
      </trkpt>
      <trkpt lat="42.78328" lon="-109.1776">
        <ele>3273.22</ele>
      </trkpt>
      <trkpt lat="42.78325" lon="-109.17764">
        <ele>3271.62</ele>
      </trkpt>
      <trkpt lat="42.78322" lon="-109.17768">
        <ele>3270.16</ele>
      </trkpt>
      <trkpt lat="42.78312" lon="-109.17771">
        <ele>3269.46</ele>
      </trkpt>
      <trkpt lat="42.78308" lon="-109.17772">
        <ele>3269.25</ele>
      </trkpt>
      <trkpt lat="42.78303" lon="-109.17772">
        <ele>3269.25</ele>
      </trkpt>
      <trkpt lat="42.78298" lon="-109.17772">
        <ele>3269.25</ele>
      </trkpt>
      <trkpt lat="42.78294" lon="-109.17775">
        <ele>3268.35</ele>
      </trkpt>
      <trkpt lat="42.7829" lon="-109.17777">
        <ele>3267.49</ele>
      </trkpt>
      <trkpt lat="42.78281" lon="-109.17778">
        <ele>3265.64</ele>
      </trkpt>
      <trkpt lat="42.78277" lon="-109.17776">
        <ele>3265.22</ele>
      </trkpt>
      <trkpt lat="42.78273" lon="-109.17774">
        <ele>3264.78</ele>
      </trkpt>
      <trkpt lat="42.78268" lon="-109.17772">
        <ele>3264.1</ele>
      </trkpt>
      <trkpt lat="42.78265" lon="-109.17769">
        <ele>3263.78</ele>
      </trkpt>
      <trkpt lat="42.78256" lon="-109.17765">
        <ele>3261.92</ele>
      </trkpt>
      <trkpt lat="42.78251" lon="-109.17765">
        <ele>3260.64</ele>
      </trkpt>
      <trkpt lat="42.7825" lon="-109.17765">
        <ele>3260.38</ele>
      </trkpt>
      <trkpt lat="42.78248" lon="-109.17775">
        <ele>3258.1</ele>
      </trkpt>
      <trkpt lat="42.7825" lon="-109.17782">
        <ele>3257.54</ele>
      </trkpt>
      <trkpt lat="42.78252" lon="-109.17788">
        <ele>3257.22</ele>
      </trkpt>
      <trkpt lat="42.78255" lon="-109.17793">
        <ele>3256.79</ele>
      </trkpt>
      <trkpt lat="42.78259" lon="-109.17798">
        <ele>3256.57</ele>
      </trkpt>
      <trkpt lat="42.78259" lon="-109.17798">
        <ele>3256.57</ele>
      </trkpt>
      <trkpt lat="42.78266" lon="-109.17807">
        <ele>3255.99</ele>
      </trkpt>
      <trkpt lat="42.7827" lon="-109.1781">
        <ele>3255.72</ele>
      </trkpt>
      <trkpt lat="42.78275" lon="-109.17812">
        <ele>3255.61</ele>
      </trkpt>
      <trkpt lat="42.78279" lon="-109.17815">
        <ele>3255.07</ele>
      </trkpt>
      <trkpt lat="42.78282" lon="-109.1782">
        <ele>3253.78</ele>
      </trkpt>
      <trkpt lat="42.78283" lon="-109.17826">
        <ele>3251.94</ele>
      </trkpt>
      <trkpt lat="42.78284" lon="-109.17828">
        <ele>3251.4</ele>
      </trkpt>
      <trkpt lat="42.78289" lon="-109.17842">
        <ele>3247.4</ele>
      </trkpt>
      <trkpt lat="42.78293" lon="-109.17847">
        <ele>3246.39</ele>
      </trkpt>
      <trkpt lat="42.78296" lon="-109.17851">
        <ele>3245.27</ele>
      </trkpt>
      <trkpt lat="42.78298" lon="-109.17855">
        <ele>3244.44</ele>
      </trkpt>
      <trkpt lat="42.78298" lon="-109.17858">
        <ele>3243.73</ele>
      </trkpt>
      <trkpt lat="42.78296" lon="-109.17864">
        <ele>3242.03</ele>
      </trkpt>
      <trkpt lat="42.78293" lon="-109.17869">
        <ele>3240.09</ele>
      </trkpt>
      <trkpt lat="42.78288" lon="-109.17874">
        <ele>3237.97</ele>
      </trkpt>
      <trkpt lat="42.78283" lon="-109.17874">
        <ele>3237.39</ele>
      </trkpt>
      <trkpt lat="42.78278" lon="-109.17875">
        <ele>3236.52</ele>
      </trkpt>
      <trkpt lat="42.78274" lon="-109.17876">
        <ele>3235.61</ele>
      </trkpt>
      <trkpt lat="42.78269" lon="-109.17876">
        <ele>3234.86</ele>
      </trkpt>
      <trkpt lat="42.78264" lon="-109.17876">
        <ele>3233.81</ele>
      </trkpt>
      <trkpt lat="42.78262" lon="-109.17875">
        <ele>3233.59</ele>
      </trkpt>
      <trkpt lat="42.7826" lon="-109.17875">
        <ele>3233.16</ele>
      </trkpt>
      <trkpt lat="42.78254" lon="-109.17877">
        <ele>3231.43</ele>
      </trkpt>
      <trkpt lat="42.78249" lon="-109.17877">
        <ele>3230.35</ele>
      </trkpt>
      <trkpt lat="42.78244" lon="-109.17876">
        <ele>3229.49</ele>
      </trkpt>
      <trkpt lat="42.78239" lon="-109.17876">
        <ele>3228.41</ele>
      </trkpt>
      <trkpt lat="42.78234" lon="-109.17875">
        <ele>3227.54</ele>
      </trkpt>
      <trkpt lat="42.78229" lon="-109.17874">
        <ele>3226.68</ele>
      </trkpt>
      <trkpt lat="42.78224" lon="-109.17872">
        <ele>3226.03</ele>
      </trkpt>
      <trkpt lat="42.78221" lon="-109.17871">
        <ele>3225.6</ele>
      </trkpt>
      <trkpt lat="42.78212" lon="-109.17865">
        <ele>3225.06</ele>
      </trkpt>
      <trkpt lat="42.78209" lon="-109.17861">
        <ele>3225.6</ele>
      </trkpt>
      <trkpt lat="42.78205" lon="-109.17856">
        <ele>3226.24</ele>
      </trkpt>
      <trkpt lat="42.78201" lon="-109.17853">
        <ele>3226.17</ele>
      </trkpt>
      <trkpt lat="42.78201" lon="-109.17853">
        <ele>3226.17</ele>
      </trkpt>
      <trkpt lat="42.78197" lon="-109.1785">
        <ele>3225.95</ele>
      </trkpt>
      <trkpt lat="42.78176" lon="-109.17837">
        <ele>3224.62</ele>
      </trkpt>
      <trkpt lat="42.78174" lon="-109.17836">
        <ele>3224.44</ele>
      </trkpt>
      <trkpt lat="42.78163" lon="-109.17829">
        <ele>3224.14</ele>
      </trkpt>
      <trkpt lat="42.78157" lon="-109.17828">
        <ele>3223.06</ele>
      </trkpt>
      <trkpt lat="42.78123" lon="-109.17813">
        <ele>3217.96</ele>
      </trkpt>
      <trkpt lat="42.78087" lon="-109.17783">
        <ele>3216.66</ele>
      </trkpt>
      <trkpt lat="42.78058" lon="-109.17762">
        <ele>3213.2</ele>
      </trkpt>
      <trkpt lat="42.78042" lon="-109.17742">
        <ele>3212.34</ele>
      </trkpt>
      <trkpt lat="42.78039" lon="-109.17738">
        <ele>3211.93</ele>
      </trkpt>
      <trkpt lat="42.78035" lon="-109.17733">
        <ele>3211.36</ele>
      </trkpt>
      <trkpt lat="42.78032" lon="-109.17729">
        <ele>3210.91</ele>
      </trkpt>
      <trkpt lat="42.78027" lon="-109.17726">
        <ele>3209.8</ele>
      </trkpt>
      <trkpt lat="42.78023" lon="-109.17723">
        <ele>3208.92</ele>
      </trkpt>
      <trkpt lat="42.78019" lon="-109.17719">
        <ele>3208.1</ele>
      </trkpt>
      <trkpt lat="42.78017" lon="-109.17717">
        <ele>3207.51</ele>
      </trkpt>
      <trkpt lat="42.78006" lon="-109.17716">
        <ele>3203.94</ele>
      </trkpt>
      <trkpt lat="42.78002" lon="-109.17713">
        <ele>3202.65</ele>
      </trkpt>
      <trkpt lat="42.77998" lon="-109.17709">
        <ele>3201.57</ele>
      </trkpt>
      <trkpt lat="42.77995" lon="-109.17704">
        <ele>3200.92</ele>
      </trkpt>
      <trkpt lat="42.77992" lon="-109.17698">
        <ele>3200.27</ele>
      </trkpt>
      <trkpt lat="42.77991" lon="-109.17692">
        <ele>3200.06</ele>
      </trkpt>
      <trkpt lat="42.7799" lon="-109.17689">
        <ele>3199.84</ele>
      </trkpt>
      <trkpt lat="42.77975" lon="-109.17678">
        <ele>3196.68</ele>
      </trkpt>
      <trkpt lat="42.77971" lon="-109.17675">
        <ele>3195.9</ele>
      </trkpt>
      <trkpt lat="42.77966" lon="-109.17671">
        <ele>3195.58</ele>
      </trkpt>
      <trkpt lat="42.77962" lon="-109.17667">
        <ele>3195.68</ele>
      </trkpt>
      <trkpt lat="42.77959" lon="-109.17662">
        <ele>3197.16</ele>
      </trkpt>
      <trkpt lat="42.77956" lon="-109.17657">
        <ele>3198.58</ele>
      </trkpt>
      <trkpt lat="42.77956" lon="-109.17656">
        <ele>3198.8</ele>
      </trkpt>
      <trkpt lat="42.77952" lon="-109.17652">
        <ele>3198.8</ele>
      </trkpt>
      <trkpt lat="42.77948" lon="-109.17651">
        <ele>3198.15</ele>
      </trkpt>
      <trkpt lat="42.77943" lon="-109.17653">
        <ele>3196.64</ele>
      </trkpt>
      <trkpt lat="42.77938" lon="-109.17654">
        <ele>3195.34</ele>
      </trkpt>
      <trkpt lat="42.77933" lon="-109.17654">
        <ele>3194.03</ele>
      </trkpt>
      <trkpt lat="42.77929" lon="-109.17654">
        <ele>3192.73</ele>
      </trkpt>
      <trkpt lat="42.77923" lon="-109.17654">
        <ele>3191.1</ele>
      </trkpt>
      <trkpt lat="42.77919" lon="-109.17655">
        <ele>3190.02</ele>
      </trkpt>
      <trkpt lat="42.77916" lon="-109.1766">
        <ele>3188.3</ele>
      </trkpt>
      <trkpt lat="42.77913" lon="-109.17665">
        <ele>3186.57</ele>
      </trkpt>
      <trkpt lat="42.77908" lon="-109.17666">
        <ele>3185.27</ele>
      </trkpt>
      <trkpt lat="42.77904" lon="-109.17665">
        <ele>3184.62</ele>
      </trkpt>
      <trkpt lat="42.77893" lon="-109.17665">
        <ele>3182.25</ele>
      </trkpt>
      <trkpt lat="42.7789" lon="-109.17668">
        <ele>3180.95</ele>
      </trkpt>
      <trkpt lat="42.77888" lon="-109.17674">
        <ele>3179.22</ele>
      </trkpt>
      <trkpt lat="42.77888" lon="-109.17681">
        <ele>3177.16</ele>
      </trkpt>
      <trkpt lat="42.77887" lon="-109.17687">
        <ele>3174.77</ele>
      </trkpt>
      <trkpt lat="42.77885" lon="-109.17693">
        <ele>3171.43</ele>
      </trkpt>
      <trkpt lat="42.7788" lon="-109.17696">
        <ele>3168.95</ele>
      </trkpt>
      <trkpt lat="42.77876" lon="-109.17695">
        <ele>3168.13</ele>
      </trkpt>
      <trkpt lat="42.77871" lon="-109.17694">
        <ele>3167.38</ele>
      </trkpt>
      <trkpt lat="42.77867" lon="-109.17692">
        <ele>3167.96</ele>
      </trkpt>
      <trkpt lat="42.77867" lon="-109.17692">
        <ele>3167.96</ele>
      </trkpt>
      <trkpt lat="42.7786" lon="-109.17688">
        <ele>3169.12</ele>
      </trkpt>
      <trkpt lat="42.77855" lon="-109.17687">
        <ele>3168.04</ele>
      </trkpt>
      <trkpt lat="42.77853" lon="-109.17693">
        <ele>3164.15</ele>
      </trkpt>
      <trkpt lat="42.77854" lon="-109.17699">
        <ele>3161.73</ele>
      </trkpt>
      <trkpt lat="42.77854" lon="-109.17705">
        <ele>3159.56</ele>
      </trkpt>
      <trkpt lat="42.77851" lon="-109.1771">
        <ele>3158.07</ele>
      </trkpt>
      <trkpt lat="42.77846" lon="-109.1771">
        <ele>3156.63</ele>
      </trkpt>
      <trkpt lat="42.77842" lon="-109.17707">
        <ele>3156.1</ele>
      </trkpt>
      <trkpt lat="42.77837" lon="-109.17705">
        <ele>3154.91</ele>
      </trkpt>
      <trkpt lat="42.77833" lon="-109.17703">
        <ele>3154.23</ele>
      </trkpt>
      <trkpt lat="42.77828" lon="-109.17701">
        <ele>3154.02</ele>
      </trkpt>
      <trkpt lat="42.77828" lon="-109.17701">
        <ele>3154.02</ele>
      </trkpt>
      <trkpt lat="42.77817" lon="-109.17694">
        <ele>3153.8</ele>
      </trkpt>
      <trkpt lat="42.77813" lon="-109.17689">
        <ele>3153.47</ele>
      </trkpt>
      <trkpt lat="42.77809" lon="-109.17686">
        <ele>3152.37</ele>
      </trkpt>
      <trkpt lat="42.77805" lon="-109.17683">
        <ele>3151.16</ele>
      </trkpt>
      <trkpt lat="42.77801" lon="-109.17681">
        <ele>3149.22</ele>
      </trkpt>
      <trkpt lat="42.77796" lon="-109.1768">
        <ele>3146.51</ele>
      </trkpt>
      <trkpt lat="42.77793" lon="-109.1768">
        <ele>3146.05</ele>
      </trkpt>
      <trkpt lat="42.7779" lon="-109.17675">
        <ele>3146.55</ele>
      </trkpt>
      <trkpt lat="42.77785" lon="-109.17675">
        <ele>3146.62</ele>
      </trkpt>
      <trkpt lat="42.77781" lon="-109.17679">
        <ele>3146.64</ele>
      </trkpt>
      <trkpt lat="42.77776" lon="-109.1768">
        <ele>3147.12</ele>
      </trkpt>
      <trkpt lat="42.77771" lon="-109.1768">
        <ele>3147.12</ele>
      </trkpt>
      <trkpt lat="42.77766" lon="-109.17678">
        <ele>3147.22</ele>
      </trkpt>
      <trkpt lat="42.77764" lon="-109.17677">
        <ele>3147.22</ele>
      </trkpt>
      <trkpt lat="42.77753" lon="-109.17674">
        <ele>3146.0</ele>
      </trkpt>
      <trkpt lat="42.77748" lon="-109.17675">
        <ele>3144.77</ele>
      </trkpt>
      <trkpt lat="42.77743" lon="-109.17677">
        <ele>3143.26</ele>
      </trkpt>
      <trkpt lat="42.77738" lon="-109.17676">
        <ele>3142.39</ele>
      </trkpt>
      <trkpt lat="42.77734" lon="-109.17675">
        <ele>3141.74</ele>
      </trkpt>
      <trkpt lat="42.77729" lon="-109.17677">
        <ele>3139.96</ele>
      </trkpt>
      <trkpt lat="42.77725" lon="-109.1768">
        <ele>3138.02</ele>
      </trkpt>
      <trkpt lat="42.7772" lon="-109.17682">
        <ele>3136.21</ele>
      </trkpt>
      <trkpt lat="42.77716" lon="-109.17682">
        <ele>3135.34</ele>
      </trkpt>
      <trkpt lat="42.77702" lon="-109.17681">
        <ele>3131.35</ele>
      </trkpt>
      <trkpt lat="42.77697" lon="-109.17678">
        <ele>3130.38</ele>
      </trkpt>
      <trkpt lat="42.77693" lon="-109.17673">
        <ele>3130.16</ele>
      </trkpt>
      <trkpt lat="42.77689" lon="-109.17669">
        <ele>3129.73</ele>
      </trkpt>
      <trkpt lat="42.77685" lon="-109.17666">
        <ele>3129.08</ele>
      </trkpt>
      <trkpt lat="42.77681" lon="-109.17663">
        <ele>3128.26</ele>
      </trkpt>
      <trkpt lat="42.77676" lon="-109.17662">
        <ele>3126.53</ele>
      </trkpt>
      <trkpt lat="42.77671" lon="-109.1766">
        <ele>3124.98</ele>
      </trkpt>
      <trkpt lat="42.7767" lon="-109.17659">
        <ele>3124.8</ele>
      </trkpt>
      <trkpt lat="42.77664" lon="-109.17655">
        <ele>3123.66</ele>
      </trkpt>
      <trkpt lat="42.7766" lon="-109.17651">
        <ele>3123.22</ele>
      </trkpt>
      <trkpt lat="42.77655" lon="-109.17649">
        <ele>3122.04</ele>
      </trkpt>
      <trkpt lat="42.7765" lon="-109.17648">
        <ele>3120.63</ele>
      </trkpt>
      <trkpt lat="42.77646" lon="-109.17646">
        <ele>3119.77</ele>
      </trkpt>
      <trkpt lat="42.77641" lon="-109.17642">
        <ele>3119.01</ele>
      </trkpt>
      <trkpt lat="42.77637" lon="-109.17638">
        <ele>3118.58</ele>
      </trkpt>
      <trkpt lat="42.77634" lon="-109.17636">
        <ele>3118.04</ele>
      </trkpt>
      <trkpt lat="42.77626" lon="-109.17628">
        <ele>3117.07</ele>
      </trkpt>
      <trkpt lat="42.77621" lon="-109.17626">
        <ele>3115.96</ele>
      </trkpt>
      <trkpt lat="42.77616" lon="-109.17625">
        <ele>3114.58</ele>
      </trkpt>
      <trkpt lat="42.77611" lon="-109.17623">
        <ele>3113.4</ele>
      </trkpt>
      <trkpt lat="42.77607" lon="-109.1762">
        <ele>3112.71</ele>
      </trkpt>
      <trkpt lat="42.77603" lon="-109.17617">
        <ele>3111.74</ele>
      </trkpt>
      <trkpt lat="42.77599" lon="-109.17614">
        <ele>3110.76</ele>
      </trkpt>
      <trkpt lat="42.77595" lon="-109.17611">
        <ele>3109.79</ele>
      </trkpt>
      <trkpt lat="42.7759" lon="-109.17609">
        <ele>3108.67</ele>
      </trkpt>
      <trkpt lat="42.77586" lon="-109.17608">
        <ele>3107.91</ele>
      </trkpt>
      <trkpt lat="42.77581" lon="-109.1761">
        <ele>3106.62</ele>
      </trkpt>
      <trkpt lat="42.7758" lon="-109.17617">
        <ele>3105.64</ele>
      </trkpt>
      <trkpt lat="42.77581" lon="-109.17623">
        <ele>3105.21</ele>
      </trkpt>
      <trkpt lat="42.77582" lon="-109.1763">
        <ele>3104.67</ele>
      </trkpt>
      <trkpt lat="42.77581" lon="-109.17637">
        <ele>3103.7</ele>
      </trkpt>
      <trkpt lat="42.77578" lon="-109.17643">
        <ele>3102.4</ele>
      </trkpt>
      <trkpt lat="42.77576" lon="-109.17648">
        <ele>3101.43</ele>
      </trkpt>
      <trkpt lat="42.77575" lon="-109.1765">
        <ele>3101.0</ele>
      </trkpt>
      <trkpt lat="42.77568" lon="-109.17661">
        <ele>3097.91</ele>
      </trkpt>
      <trkpt lat="42.77567" lon="-109.17668">
        <ele>3096.33</ele>
      </trkpt>
      <trkpt lat="42.77568" lon="-109.17675">
        <ele>3095.79</ele>
      </trkpt>
      <trkpt lat="42.77566" lon="-109.17681">
        <ele>3094.71</ele>
      </trkpt>
      <trkpt lat="42.77564" lon="-109.17687">
        <ele>3093.63</ele>
      </trkpt>
      <trkpt lat="42.77562" lon="-109.17692">
        <ele>3092.66</ele>
      </trkpt>
      <trkpt lat="42.7756" lon="-109.17699">
        <ele>3090.98</ele>
      </trkpt>
      <trkpt lat="42.77561" lon="-109.17705">
        <ele>3090.04</ele>
      </trkpt>
      <trkpt lat="42.77562" lon="-109.17711">
        <ele>3089.6</ele>
      </trkpt>
      <trkpt lat="42.7756" lon="-109.17717">
        <ele>3088.52</ele>
      </trkpt>
      <trkpt lat="42.77556" lon="-109.17721">
        <ele>3087.23</ele>
      </trkpt>
      <trkpt lat="42.77554" lon="-109.17723">
        <ele>3086.58</ele>
      </trkpt>
      <trkpt lat="42.77554" lon="-109.17733">
        <ele>3085.36</ele>
      </trkpt>
      <trkpt lat="42.77554" lon="-109.1774">
        <ele>3083.98</ele>
      </trkpt>
      <trkpt lat="42.77554" lon="-109.17746">
        <ele>3083.17</ele>
      </trkpt>
      <trkpt lat="42.77554" lon="-109.17753">
        <ele>3082.34</ele>
      </trkpt>
      <trkpt lat="42.77555" lon="-109.17759">
        <ele>3081.91</ele>
      </trkpt>
      <trkpt lat="42.77556" lon="-109.17765">
        <ele>3080.86</ele>
      </trkpt>
      <trkpt lat="42.77557" lon="-109.17772">
        <ele>3079.94</ele>
      </trkpt>
      <trkpt lat="42.77557" lon="-109.17778">
        <ele>3079.29</ele>
      </trkpt>
      <trkpt lat="42.77559" lon="-109.17785">
        <ele>3078.96</ele>
      </trkpt>
      <trkpt lat="42.7756" lon="-109.17791">
        <ele>3078.33</ele>
      </trkpt>
      <trkpt lat="42.7756" lon="-109.17798">
        <ele>3077.2</ele>
      </trkpt>
      <trkpt lat="42.77559" lon="-109.17803">
        <ele>3076.19</ele>
      </trkpt>
      <trkpt lat="42.77556" lon="-109.1782">
        <ele>3073.51</ele>
      </trkpt>
      <trkpt lat="42.77557" lon="-109.17827">
        <ele>3072.84</ele>
      </trkpt>
      <trkpt lat="42.7756" lon="-109.17832">
        <ele>3072.62</ele>
      </trkpt>
      <trkpt lat="42.77562" lon="-109.17837">
        <ele>3072.3</ele>
      </trkpt>
      <trkpt lat="42.77562" lon="-109.17843">
        <ele>3071.65</ele>
      </trkpt>
      <trkpt lat="42.77562" lon="-109.1785">
        <ele>3070.9</ele>
      </trkpt>
      <trkpt lat="42.77562" lon="-109.17856">
        <ele>3070.11</ele>
      </trkpt>
      <trkpt lat="42.77563" lon="-109.17862">
        <ele>3069.43</ele>
      </trkpt>
      <trkpt lat="42.77565" lon="-109.17867">
        <ele>3068.75</ele>
      </trkpt>
      <trkpt lat="42.77565" lon="-109.17874">
        <ele>3067.63</ele>
      </trkpt>
      <trkpt lat="42.77564" lon="-109.1788">
        <ele>3066.87</ele>
      </trkpt>
      <trkpt lat="42.77564" lon="-109.17884">
        <ele>3066.44</ele>
      </trkpt>
      <trkpt lat="42.77563" lon="-109.17897">
        <ele>3064.93</ele>
      </trkpt>
      <trkpt lat="42.77564" lon="-109.17904">
        <ele>3063.7</ele>
      </trkpt>
      <trkpt lat="42.77567" lon="-109.17909">
        <ele>3063.06</ele>
      </trkpt>
      <trkpt lat="42.77567" lon="-109.17915">
        <ele>3062.42</ele>
      </trkpt>
      <trkpt lat="42.77565" lon="-109.17922">
        <ele>3061.43</ele>
      </trkpt>
      <trkpt lat="42.77563" lon="-109.17928">
        <ele>3060.58</ele>
      </trkpt>
      <trkpt lat="42.77561" lon="-109.17933">
        <ele>3059.82</ele>
      </trkpt>
      <trkpt lat="42.77558" lon="-109.17939">
        <ele>3058.85</ele>
      </trkpt>
      <trkpt lat="42.77555" lon="-109.17944">
        <ele>3058.05</ele>
      </trkpt>
      <trkpt lat="42.77555" lon="-109.17944">
        <ele>3058.05</ele>
      </trkpt>
      <trkpt lat="42.77549" lon="-109.17946">
        <ele>3057.83</ele>
      </trkpt>
      <trkpt lat="42.77544" lon="-109.17946">
        <ele>3057.58</ele>
      </trkpt>
      <trkpt lat="42.7754" lon="-109.17945">
        <ele>3057.26</ele>
      </trkpt>
      <trkpt lat="42.77535" lon="-109.17945">
        <ele>3056.94</ele>
      </trkpt>
      <trkpt lat="42.7753" lon="-109.17945">
        <ele>3056.94</ele>
      </trkpt>
      <trkpt lat="42.77525" lon="-109.17946">
        <ele>3056.53</ele>
      </trkpt>
      <trkpt lat="42.7752" lon="-109.17946">
        <ele>3055.99</ele>
      </trkpt>
      <trkpt lat="42.77516" lon="-109.17947">
        <ele>3055.72</ele>
      </trkpt>
      <trkpt lat="42.77511" lon="-109.17948">
        <ele>3055.62</ele>
      </trkpt>
      <trkpt lat="42.77506" lon="-109.17949">
        <ele>3055.16</ele>
      </trkpt>
      <trkpt lat="42.77501" lon="-109.17952">
        <ele>3054.29</ele>
      </trkpt>
      <trkpt lat="42.77498" lon="-109.17954">
        <ele>3053.99</ele>
      </trkpt>
      <trkpt lat="42.77487" lon="-109.17964">
        <ele>3052.95</ele>
      </trkpt>
      <trkpt lat="42.77487" lon="-109.17971">
        <ele>3052.65</ele>
      </trkpt>
      <trkpt lat="42.7749" lon="-109.17977">
        <ele>3052.45</ele>
      </trkpt>
      <trkpt lat="42.77493" lon="-109.17981">
        <ele>3052.28</ele>
      </trkpt>
      <trkpt lat="42.77495" lon="-109.17987">
        <ele>3052.19</ele>
      </trkpt>
      <trkpt lat="42.77498" lon="-109.17992">
        <ele>3051.97</ele>
      </trkpt>
      <trkpt lat="42.77501" lon="-109.17998">
        <ele>3052.0</ele>
      </trkpt>
      <trkpt lat="42.77504" lon="-109.18001">
        <ele>3051.89</ele>
      </trkpt>
      <trkpt lat="42.77508" lon="-109.18005">
        <ele>3051.46</ele>
      </trkpt>
      <trkpt lat="42.77508" lon="-109.18005">
        <ele>3051.46</ele>
      </trkpt>
      <trkpt lat="42.7752" lon="-109.18022">
        <ele>3049.62</ele>
      </trkpt>
      <trkpt lat="42.77524" lon="-109.18025">
        <ele>3049.3</ele>
      </trkpt>
      <trkpt lat="42.77529" lon="-109.18027">
        <ele>3049.08</ele>
      </trkpt>
      <trkpt lat="42.77533" lon="-109.18029">
        <ele>3048.87</ele>
      </trkpt>
      <trkpt lat="42.77538" lon="-109.18031">
        <ele>3048.65</ele>
      </trkpt>
      <trkpt lat="42.77541" lon="-109.18032">
        <ele>3048.54</ele>
      </trkpt>
      <trkpt lat="42.77559" lon="-109.18039">
        <ele>3047.92</ele>
      </trkpt>
      <trkpt lat="42.77563" lon="-109.18041">
        <ele>3047.66</ele>
      </trkpt>
      <trkpt lat="42.77568" lon="-109.18043">
        <ele>3047.36</ele>
      </trkpt>
      <trkpt lat="42.77573" lon="-109.18044">
        <ele>3047.25</ele>
      </trkpt>
      <trkpt lat="42.77577" lon="-109.18046">
        <ele>3047.34</ele>
      </trkpt>
      <trkpt lat="42.77582" lon="-109.18047">
        <ele>3047.86</ele>
      </trkpt>
      <trkpt lat="42.77586" lon="-109.1805">
        <ele>3048.0</ele>
      </trkpt>
      <trkpt lat="42.77587" lon="-109.1805">
        <ele>3048.0</ele>
      </trkpt>
      <trkpt lat="42.77594" lon="-109.18058">
        <ele>3048.11</ele>
      </trkpt>
      <trkpt lat="42.77598" lon="-109.18061">
        <ele>3048.24</ele>
      </trkpt>
      <trkpt lat="42.77603" lon="-109.18063">
        <ele>3048.3</ele>
      </trkpt>
      <trkpt lat="42.77607" lon="-109.18066">
        <ele>3048.48</ele>
      </trkpt>
      <trkpt lat="42.77611" lon="-109.18069">
        <ele>3048.54</ele>
      </trkpt>
      <trkpt lat="42.77616" lon="-109.18071">
        <ele>3048.68</ele>
      </trkpt>
      <trkpt lat="42.77619" lon="-109.18073">
        <ele>3048.87</ele>
      </trkpt>
      <trkpt lat="42.77626" lon="-109.18076">
        <ele>3048.92</ele>
      </trkpt>
      <trkpt lat="42.77631" lon="-109.18077">
        <ele>3049.0</ele>
      </trkpt>
      <trkpt lat="42.77631" lon="-109.18077">
        <ele>3049.0</ele>
      </trkpt>
      <trkpt lat="42.77638" lon="-109.18078">
        <ele>3049.0</ele>
      </trkpt>
      <trkpt lat="42.77647" lon="-109.18079">
        <ele>3049.41</ele>
      </trkpt>
      <trkpt lat="42.77652" lon="-109.1808">
        <ele>3049.36</ele>
      </trkpt>
      <trkpt lat="42.77656" lon="-109.18082">
        <ele>3049.14</ele>
      </trkpt>
      <trkpt lat="42.77659" lon="-109.18083">
        <ele>3049.04</ele>
      </trkpt>
      <trkpt lat="42.77666" lon="-109.18087">
        <ele>3049.0</ele>
      </trkpt>
      <trkpt lat="42.7767" lon="-109.18091">
        <ele>3049.0</ele>
      </trkpt>
      <trkpt lat="42.77674" lon="-109.18096">
        <ele>3049.0</ele>
      </trkpt>
      <trkpt lat="42.77677" lon="-109.18099">
        <ele>3049.0</ele>
      </trkpt>
      <trkpt lat="42.77688" lon="-109.18099">
        <ele>3049.09</ele>
      </trkpt>
      <trkpt lat="42.77693" lon="-109.18101">
        <ele>3049.08</ele>
      </trkpt>
      <trkpt lat="42.77696" lon="-109.18104">
        <ele>3049.3</ele>
      </trkpt>
      <trkpt lat="42.777" lon="-109.18108">
        <ele>3049.8</ele>
      </trkpt>
      <trkpt lat="42.77703" lon="-109.18113">
        <ele>3049.74</ele>
      </trkpt>
      <trkpt lat="42.77705" lon="-109.18119">
        <ele>3049.57</ele>
      </trkpt>
      <trkpt lat="42.77706" lon="-109.18121">
        <ele>3049.71</ele>
      </trkpt>
      <trkpt lat="42.77715" lon="-109.18138">
        <ele>3049.76</ele>
      </trkpt>
      <trkpt lat="42.77718" lon="-109.18143">
        <ele>3050.15</ele>
      </trkpt>
      <trkpt lat="42.77722" lon="-109.18147">
        <ele>3050.22</ele>
      </trkpt>
      <trkpt lat="42.77726" lon="-109.18151">
        <ele>3051.1</ele>
      </trkpt>
      <trkpt lat="42.7773" lon="-109.18153">
        <ele>3052.08</ele>
      </trkpt>
      <trkpt lat="42.77735" lon="-109.18155">
        <ele>3053.02</ele>
      </trkpt>
      <trkpt lat="42.77737" lon="-109.18156">
        <ele>3053.34</ele>
      </trkpt>
      <trkpt lat="42.77747" lon="-109.18169">
        <ele>3054.02</ele>
      </trkpt>
      <trkpt lat="42.77749" lon="-109.18174">
        <ele>3053.91</ele>
      </trkpt>
      <trkpt lat="42.77751" lon="-109.18181">
        <ele>3053.12</ele>
      </trkpt>
      <trkpt lat="42.77752" lon="-109.18187">
        <ele>3052.24</ele>
      </trkpt>
      <trkpt lat="42.77753" lon="-109.18193">
        <ele>3051.8</ele>
      </trkpt>
      <trkpt lat="42.77753" lon="-109.182">
        <ele>3051.05</ele>
      </trkpt>
      <trkpt lat="42.77752" lon="-109.18206">
        <ele>3050.13</ele>
      </trkpt>
      <trkpt lat="42.7775" lon="-109.18212">
        <ele>3049.1</ele>
      </trkpt>
      <trkpt lat="42.77748" lon="-109.18218">
        <ele>3048.88</ele>
      </trkpt>
      <trkpt lat="42.77747" lon="-109.18224">
        <ele>3048.68</ele>
      </trkpt>
      <trkpt lat="42.77746" lon="-109.1823">
        <ele>3048.57</ele>
      </trkpt>
      <trkpt lat="42.77748" lon="-109.18236">
        <ele>3048.89</ele>
      </trkpt>
      <trkpt lat="42.77749" lon="-109.1824">
        <ele>3048.99</ele>
      </trkpt>
      <trkpt lat="42.77748" lon="-109.18252">
        <ele>3049.0</ele>
      </trkpt>
      <trkpt lat="42.77748" lon="-109.18259">
        <ele>3049.0</ele>
      </trkpt>
      <trkpt lat="42.77746" lon="-109.18265">
        <ele>3049.0</ele>
      </trkpt>
      <trkpt lat="42.77742" lon="-109.18269">
        <ele>3049.0</ele>
      </trkpt>
      <trkpt lat="42.77741" lon="-109.1827">
        <ele>3049.0</ele>
      </trkpt>
      <trkpt lat="42.77738" lon="-109.18271">
        <ele>3049.0</ele>
      </trkpt>
      <trkpt lat="42.77733" lon="-109.1827">
        <ele>3049.0</ele>
      </trkpt>
      <trkpt lat="42.77728" lon="-109.18271">
        <ele>3048.9</ele>
      </trkpt>
      <trkpt lat="42.77723" lon="-109.18272">
        <ele>3048.66</ele>
      </trkpt>
      <trkpt lat="42.77719" lon="-109.18273">
        <ele>3048.34</ele>
      </trkpt>
      <trkpt lat="42.77715" lon="-109.18277">
        <ele>3048.02</ele>
      </trkpt>
      <trkpt lat="42.77711" lon="-109.18279">
        <ele>3048.0</ele>
      </trkpt>
      <trkpt lat="42.77706" lon="-109.1828">
        <ele>3048.0</ele>
      </trkpt>
      <trkpt lat="42.77704" lon="-109.1828">
        <ele>3048.0</ele>
      </trkpt>
      <trkpt lat="42.77698" lon="-109.18284">
        <ele>3048.0</ele>
      </trkpt>
      <trkpt lat="42.77693" lon="-109.18285">
        <ele>3048.0</ele>
      </trkpt>
      <trkpt lat="42.77688" lon="-109.18285">
        <ele>3048.0</ele>
      </trkpt>
      <trkpt lat="42.77684" lon="-109.18289">
        <ele>3048.0</ele>
      </trkpt>
      <trkpt lat="42.77681" lon="-109.18294">
        <ele>3048.0</ele>
      </trkpt>
      <trkpt lat="42.77678" lon="-109.18298">
        <ele>3048.0</ele>
      </trkpt>
      <trkpt lat="42.77676" lon="-109.18302">
        <ele>3048.0</ele>
      </trkpt>
      <trkpt lat="42.77666" lon="-109.18319">
        <ele>3047.42</ele>
      </trkpt>
      <trkpt lat="42.77663" lon="-109.18323">
        <ele>3047.53</ele>
      </trkpt>
      <trkpt lat="42.77659" lon="-109.18327">
        <ele>3047.43</ele>
      </trkpt>
      <trkpt lat="42.77658" lon="-109.18333">
        <ele>3047.97</ele>
      </trkpt>
      <trkpt lat="42.77658" lon="-109.1834">
        <ele>3048.0</ele>
      </trkpt>
      <trkpt lat="42.77656" lon="-109.18346">
        <ele>3048.46</ele>
      </trkpt>
      <trkpt lat="42.77655" lon="-109.18347">
        <ele>3048.61</ele>
      </trkpt>
      <trkpt lat="42.77654" lon="-109.18351">
        <ele>3048.94</ele>
      </trkpt>
      <trkpt lat="42.77651" lon="-109.18356">
        <ele>3049.31</ele>
      </trkpt>
      <trkpt lat="42.77649" lon="-109.18362">
        <ele>3049.92</ele>
      </trkpt>
      <trkpt lat="42.77648" lon="-109.18368">
        <ele>3050.0</ele>
      </trkpt>
      <trkpt lat="42.77647" lon="-109.18375">
        <ele>3050.0</ele>
      </trkpt>
      <trkpt lat="42.77646" lon="-109.18382">
        <ele>3050.0</ele>
      </trkpt>
      <trkpt lat="42.77646" lon="-109.18385">
        <ele>3050.0</ele>
      </trkpt>
      <trkpt lat="42.77645" lon="-109.18391">
        <ele>3050.0</ele>
      </trkpt>
      <trkpt lat="42.77654" lon="-109.18448">
        <ele>3048.24</ele>
      </trkpt>
      <trkpt lat="42.77654" lon="-109.18448">
        <ele>3048.24</ele>
      </trkpt>
      <trkpt lat="42.77653" lon="-109.18469">
        <ele>3048.52</ele>
      </trkpt>
      <trkpt lat="42.77647" lon="-109.18482">
        <ele>3048.88</ele>
      </trkpt>
      <trkpt lat="42.77641" lon="-109.18509">
        <ele>3048.01</ele>
      </trkpt>
      <trkpt lat="42.77635" lon="-109.18525">
        <ele>3047.58</ele>
      </trkpt>
      <trkpt lat="42.77634" lon="-109.18539">
        <ele>3047.0</ele>
      </trkpt>
      <trkpt lat="42.77633" lon="-109.18542">
        <ele>3047.0</ele>
      </trkpt>
      <trkpt lat="42.77634" lon="-109.1855">
        <ele>3047.0</ele>
      </trkpt>
      <trkpt lat="42.77633" lon="-109.18564">
        <ele>3047.0</ele>
      </trkpt>
      <trkpt lat="42.77633" lon="-109.1857">
        <ele>3046.64</ele>
      </trkpt>
      <trkpt lat="42.77634" lon="-109.18576">
        <ele>3046.47</ele>
      </trkpt>
      <trkpt lat="42.77636" lon="-109.18583">
        <ele>3046.69</ele>
      </trkpt>
      <trkpt lat="42.77639" lon="-109.18589">
        <ele>3047.0</ele>
      </trkpt>
      <trkpt lat="42.7764" lon="-109.18595">
        <ele>3047.0</ele>
      </trkpt>
      <trkpt lat="42.77641" lon="-109.18601">
        <ele>3047.0</ele>
      </trkpt>
      <trkpt lat="42.7764" lon="-109.18608">
        <ele>3047.0</ele>
      </trkpt>
      <trkpt lat="42.77639" lon="-109.18613">
        <ele>3046.8</ele>
      </trkpt>
      <trkpt lat="42.77641" lon="-109.18619">
        <ele>3046.34</ele>
      </trkpt>
      <trkpt lat="42.77644" lon="-109.18624">
        <ele>3046.55</ele>
      </trkpt>
      <trkpt lat="42.77648" lon="-109.18629">
        <ele>3046.98</ele>
      </trkpt>
      <trkpt lat="42.7765" lon="-109.18636">
        <ele>3047.0</ele>
      </trkpt>
      <trkpt lat="42.77651" lon="-109.18642">
        <ele>3047.0</ele>
      </trkpt>
      <trkpt lat="42.77654" lon="-109.18648">
        <ele>3047.0</ele>
      </trkpt>
      <trkpt lat="42.77657" lon="-109.18653">
        <ele>3047.5</ele>
      </trkpt>
      <trkpt lat="42.77659" lon="-109.18659">
        <ele>3048.0</ele>
      </trkpt>
      <trkpt lat="42.77661" lon="-109.18665">
        <ele>3048.0</ele>
      </trkpt>
      <trkpt lat="42.77661" lon="-109.18665">
        <ele>3048.0</ele>
      </trkpt>
      <trkpt lat="42.77667" lon="-109.18681">
        <ele>3049.0</ele>
      </trkpt>
      <trkpt lat="42.77669" lon="-109.18687">
        <ele>3049.2</ele>
      </trkpt>
      <trkpt lat="42.77671" lon="-109.18694">
        <ele>3049.95</ele>
      </trkpt>
      <trkpt lat="42.77674" lon="-109.18699">
        <ele>3050.0</ele>
      </trkpt>
      <trkpt lat="42.77676" lon="-109.18705">
        <ele>3050.0</ele>
      </trkpt>
      <trkpt lat="42.77679" lon="-109.1871">
        <ele>3050.0</ele>
      </trkpt>
      <trkpt lat="42.77683" lon="-109.18714">
        <ele>3050.0</ele>
      </trkpt>
      <trkpt lat="42.77686" lon="-109.18718">
        <ele>3050.0</ele>
      </trkpt>
      <trkpt lat="42.77686" lon="-109.18719">
        <ele>3050.0</ele>
      </trkpt>
      <trkpt lat="42.77695" lon="-109.18734">
        <ele>3050.0</ele>
      </trkpt>
      <trkpt lat="42.77697" lon="-109.1874">
        <ele>3050.0</ele>
      </trkpt>
      <trkpt lat="42.77699" lon="-109.18746">
        <ele>3050.0</ele>
      </trkpt>
      <trkpt lat="42.77701" lon="-109.18752">
        <ele>3050.0</ele>
      </trkpt>
      <trkpt lat="42.77701" lon="-109.18752">
        <ele>3050.0</ele>
      </trkpt>
      <trkpt lat="42.77705" lon="-109.18759">
        <ele>3050.0</ele>
      </trkpt>
      <trkpt lat="42.77707" lon="-109.18766">
        <ele>3050.0</ele>
      </trkpt>
      <trkpt lat="42.7771" lon="-109.18771">
        <ele>3050.0</ele>
      </trkpt>
      <trkpt lat="42.77713" lon="-109.18777">
        <ele>3050.0</ele>
      </trkpt>
      <trkpt lat="42.77715" lon="-109.18783">
        <ele>3050.0</ele>
      </trkpt>
      <trkpt lat="42.77717" lon="-109.18789">
        <ele>3050.0</ele>
      </trkpt>
      <trkpt lat="42.77718" lon="-109.18792">
        <ele>3050.0</ele>
      </trkpt>
      <trkpt lat="42.77724" lon="-109.18804">
        <ele>3050.0</ele>
      </trkpt>
      <trkpt lat="42.77727" lon="-109.1881">
        <ele>3050.0</ele>
      </trkpt>
      <trkpt lat="42.77729" lon="-109.18815">
        <ele>3050.0</ele>
      </trkpt>
      <trkpt lat="42.77731" lon="-109.18822">
        <ele>3050.0</ele>
      </trkpt>
      <trkpt lat="42.77733" lon="-109.18827">
        <ele>3050.0</ele>
      </trkpt>
      <trkpt lat="42.77735" lon="-109.18833">
        <ele>3050.0</ele>
      </trkpt>
      <trkpt lat="42.77736" lon="-109.18835">
        <ele>3050.0</ele>
      </trkpt>
      <trkpt lat="42.77738" lon="-109.18849">
        <ele>3050.49</ele>
      </trkpt>
      <trkpt lat="42.77739" lon="-109.18855">
        <ele>3050.88</ele>
      </trkpt>
      <trkpt lat="42.77741" lon="-109.18862">
        <ele>3051.0</ele>
      </trkpt>
      <trkpt lat="42.77741" lon="-109.18867">
        <ele>3051.0</ele>
      </trkpt>
      <trkpt lat="42.77744" lon="-109.1889">
        <ele>3051.0</ele>
      </trkpt>
      <trkpt lat="42.77744" lon="-109.18896">
        <ele>3051.0</ele>
      </trkpt>
      <trkpt lat="42.77745" lon="-109.18903">
        <ele>3051.24</ele>
      </trkpt>
      <trkpt lat="42.77746" lon="-109.18909">
        <ele>3051.57</ele>
      </trkpt>
      <trkpt lat="42.77749" lon="-109.18916">
        <ele>3051.89</ele>
      </trkpt>
      <trkpt lat="42.77751" lon="-109.18921">
        <ele>3052.0</ele>
      </trkpt>
      <trkpt lat="42.77753" lon="-109.18927">
        <ele>3052.0</ele>
      </trkpt>
      <trkpt lat="42.77753" lon="-109.18934">
        <ele>3052.0</ele>
      </trkpt>
      <trkpt lat="42.77754" lon="-109.18941">
        <ele>3052.0</ele>
      </trkpt>
      <trkpt lat="42.77754" lon="-109.18946">
        <ele>3052.0</ele>
      </trkpt>
      <trkpt lat="42.77754" lon="-109.18967">
        <ele>3051.43</ele>
      </trkpt>
      <trkpt lat="42.77755" lon="-109.18974">
        <ele>3051.54</ele>
      </trkpt>
      <trkpt lat="42.77757" lon="-109.1898">
        <ele>3051.76</ele>
      </trkpt>
      <trkpt lat="42.77759" lon="-109.18986">
        <ele>3051.97</ele>
      </trkpt>
      <trkpt lat="42.77759" lon="-109.18988">
        <ele>3051.97</ele>
      </trkpt>
      <trkpt lat="42.77761" lon="-109.18995">
        <ele>3051.63</ele>
      </trkpt>
      <trkpt lat="42.77762" lon="-109.19001">
        <ele>3051.3</ele>
      </trkpt>
      <trkpt lat="42.77756" lon="-109.19035">
        <ele>3050.65</ele>
      </trkpt>
      <trkpt lat="42.77765" lon="-109.19094">
        <ele>3049.53</ele>
      </trkpt>
      <trkpt lat="42.77752" lon="-109.19183">
        <ele>3051.22</ele>
      </trkpt>
      <trkpt lat="42.77752" lon="-109.1921">
        <ele>3052.75</ele>
      </trkpt>
      <trkpt lat="42.77742" lon="-109.19228">
        <ele>3052.68</ele>
      </trkpt>
      <trkpt lat="42.77733" lon="-109.19267">
        <ele>3055.84</ele>
      </trkpt>
      <trkpt lat="42.7773" lon="-109.19302">
        <ele>3059.62</ele>
      </trkpt>
      <trkpt lat="42.77733" lon="-109.19311">
        <ele>3060.75</ele>
      </trkpt>
      <trkpt lat="42.77734" lon="-109.19325">
        <ele>3062.0</ele>
      </trkpt>
      <trkpt lat="42.77735" lon="-109.19347">
        <ele>3063.0</ele>
      </trkpt>
      <trkpt lat="42.77733" lon="-109.19376">
        <ele>3063.67</ele>
      </trkpt>
      <trkpt lat="42.77729" lon="-109.19398">
        <ele>3064.0</ele>
      </trkpt>
      <trkpt lat="42.77728" lon="-109.19418">
        <ele>3064.62</ele>
      </trkpt>
      <trkpt lat="42.77721" lon="-109.19446">
        <ele>3065.04</ele>
      </trkpt>
      <trkpt lat="42.77725" lon="-109.19458">
        <ele>3066.14</ele>
      </trkpt>
      <trkpt lat="42.77724" lon="-109.19496">
        <ele>3067.76</ele>
      </trkpt>
      <trkpt lat="42.77724" lon="-109.19539">
        <ele>3070.19</ele>
      </trkpt>
      <trkpt lat="42.77728" lon="-109.19558">
        <ele>3071.62</ele>
      </trkpt>
      <trkpt lat="42.77732" lon="-109.19569">
        <ele>3072.48</ele>
      </trkpt>
      <trkpt lat="42.7773" lon="-109.19581">
        <ele>3072.84</ele>
      </trkpt>
      <trkpt lat="42.77731" lon="-109.19603">
        <ele>3073.95</ele>
      </trkpt>
      <trkpt lat="42.77731" lon="-109.19604">
        <ele>3073.95</ele>
      </trkpt>
      <trkpt lat="42.77722" lon="-109.19635">
        <ele>3074.56</ele>
      </trkpt>
      <trkpt lat="42.77724" lon="-109.19644">
        <ele>3075.19</ele>
      </trkpt>
      <trkpt lat="42.77719" lon="-109.19674">
        <ele>3076.44</ele>
      </trkpt>
      <trkpt lat="42.77729" lon="-109.19707">
        <ele>3079.56</ele>
      </trkpt>
      <trkpt lat="42.77729" lon="-109.19712">
        <ele>3079.7</ele>
      </trkpt>
      <trkpt lat="42.77731" lon="-109.19725">
        <ele>3080.95</ele>
      </trkpt>
      <trkpt lat="42.77731" lon="-109.19732">
        <ele>3081.0</ele>
      </trkpt>
      <trkpt lat="42.7773" lon="-109.19738">
        <ele>3081.54</ele>
      </trkpt>
      <trkpt lat="42.77729" lon="-109.19745">
        <ele>3082.07</ele>
      </trkpt>
      <trkpt lat="42.77728" lon="-109.19746">
        <ele>3081.98</ele>
      </trkpt>
      <trkpt lat="42.77727" lon="-109.19753">
        <ele>3082.19</ele>
      </trkpt>
      <trkpt lat="42.77728" lon="-109.1976">
        <ele>3082.67</ele>
      </trkpt>
      <trkpt lat="42.77729" lon="-109.19766">
        <ele>3083.26</ele>
      </trkpt>
      <trkpt lat="42.77729" lon="-109.19773">
        <ele>3083.59</ele>
      </trkpt>
      <trkpt lat="42.77728" lon="-109.1978">
        <ele>3083.62</ele>
      </trkpt>
      <trkpt lat="42.77728" lon="-109.19787">
        <ele>3083.62</ele>
      </trkpt>
      <trkpt lat="42.77728" lon="-109.19787">
        <ele>3083.62</ele>
      </trkpt>
      <trkpt lat="42.77728" lon="-109.19808">
        <ele>3084.89</ele>
      </trkpt>
      <trkpt lat="42.77728" lon="-109.19814">
        <ele>3085.54</ele>
      </trkpt>
      <trkpt lat="42.77729" lon="-109.19821">
        <ele>3085.73</ele>
      </trkpt>
      <trkpt lat="42.77731" lon="-109.19827">
        <ele>3085.95</ele>
      </trkpt>
      <trkpt lat="42.77733" lon="-109.19833">
        <ele>3086.32</ele>
      </trkpt>
      <trkpt lat="42.77735" lon="-109.19839">
        <ele>3087.14</ele>
      </trkpt>
      <trkpt lat="42.77735" lon="-109.19839">
        <ele>3087.14</ele>
      </trkpt>
      <trkpt lat="42.77739" lon="-109.19845">
        <ele>3088.02</ele>
      </trkpt>
      <trkpt lat="42.7774" lon="-109.19851">
        <ele>3088.76</ele>
      </trkpt>
      <trkpt lat="42.77741" lon="-109.19857">
        <ele>3089.03</ele>
      </trkpt>
      <trkpt lat="42.77741" lon="-109.19863">
        <ele>3089.03</ele>
      </trkpt>
      <trkpt lat="42.7774" lon="-109.19869">
        <ele>3088.92</ele>
      </trkpt>
      <trkpt lat="42.77737" lon="-109.19874">
        <ele>3088.83</ele>
      </trkpt>
      <trkpt lat="42.77734" lon="-109.19879">
        <ele>3088.53</ele>
      </trkpt>
      <trkpt lat="42.77734" lon="-109.1988">
        <ele>3088.57</ele>
      </trkpt>
      <trkpt lat="42.77732" lon="-109.19902">
        <ele>3089.08</ele>
      </trkpt>
      <trkpt lat="42.77731" lon="-109.1991">
        <ele>3089.23</ele>
      </trkpt>
      <trkpt lat="42.77731" lon="-109.19918">
        <ele>3089.95</ele>
      </trkpt>
      <trkpt lat="42.7773" lon="-109.19925">
        <ele>3089.84</ele>
      </trkpt>
      <trkpt lat="42.77729" lon="-109.19929">
        <ele>3089.73</ele>
      </trkpt>
      <trkpt lat="42.77721" lon="-109.19951">
        <ele>3088.87</ele>
      </trkpt>
      <trkpt lat="42.77719" lon="-109.19957">
        <ele>3088.65</ele>
      </trkpt>
      <trkpt lat="42.77717" lon="-109.19963">
        <ele>3088.44</ele>
      </trkpt>
      <trkpt lat="42.77716" lon="-109.19969">
        <ele>3088.54</ele>
      </trkpt>
      <trkpt lat="42.77716" lon="-109.19975">
        <ele>3088.66</ele>
      </trkpt>
      <trkpt lat="42.77718" lon="-109.19982">
        <ele>3089.11</ele>
      </trkpt>
      <trkpt lat="42.77717" lon="-109.19987">
        <ele>3089.21</ele>
      </trkpt>
      <trkpt lat="42.77717" lon="-109.2">
        <ele>3089.44</ele>
      </trkpt>
      <trkpt lat="42.77719" lon="-109.20006">
        <ele>3089.65</ele>
      </trkpt>
      <trkpt lat="42.7772" lon="-109.20012">
        <ele>3089.76</ele>
      </trkpt>
      <trkpt lat="42.77721" lon="-109.20018">
        <ele>3089.87</ele>
      </trkpt>
      <trkpt lat="42.77722" lon="-109.20025">
        <ele>3090.66</ele>
      </trkpt>
      <trkpt lat="42.77724" lon="-109.20031">
        <ele>3091.19</ele>
      </trkpt>
      <trkpt lat="42.77726" lon="-109.20037">
        <ele>3091.41</ele>
      </trkpt>
      <trkpt lat="42.7773" lon="-109.20042">
        <ele>3091.84</ele>
      </trkpt>
      <trkpt lat="42.77734" lon="-109.20046">
        <ele>3092.54</ele>
      </trkpt>
      <trkpt lat="42.77734" lon="-109.20046">
        <ele>3092.54</ele>
      </trkpt>
      <trkpt lat="42.77741" lon="-109.20058">
        <ele>3094.04</ele>
      </trkpt>
      <trkpt lat="42.77744" lon="-109.20063">
        <ele>3094.64</ele>
      </trkpt>
      <trkpt lat="42.77748" lon="-109.20068">
        <ele>3095.57</ele>
      </trkpt>
      <trkpt lat="42.77751" lon="-109.20073">
        <ele>3096.11</ele>
      </trkpt>
      <trkpt lat="42.77754" lon="-109.20079">
        <ele>3096.43</ele>
      </trkpt>
      <trkpt lat="42.77757" lon="-109.20083">
        <ele>3096.76</ele>
      </trkpt>
      <trkpt lat="42.77761" lon="-109.20089">
        <ele>3097.38</ele>
      </trkpt>
      <trkpt lat="42.77764" lon="-109.20095">
        <ele>3098.15</ele>
      </trkpt>
      <trkpt lat="42.77766" lon="-109.201">
        <ele>3098.67</ele>
      </trkpt>
      <trkpt lat="42.77767" lon="-109.20105">
        <ele>3098.84</ele>
      </trkpt>
      <trkpt lat="42.7777" lon="-109.20124">
        <ele>3100.32</ele>
      </trkpt>
      <trkpt lat="42.77771" lon="-109.2013">
        <ele>3100.51</ele>
      </trkpt>
      <trkpt lat="42.77774" lon="-109.20135">
        <ele>3100.95</ele>
      </trkpt>
      <trkpt lat="42.77776" lon="-109.20141">
        <ele>3101.42</ele>
      </trkpt>
      <trkpt lat="42.77778" lon="-109.20147">
        <ele>3102.05</ele>
      </trkpt>
      <trkpt lat="42.77778" lon="-109.20154">
        <ele>3101.43</ele>
      </trkpt>
      <trkpt lat="42.77778" lon="-109.2016">
        <ele>3101.07</ele>
      </trkpt>
      <trkpt lat="42.77778" lon="-109.20166">
        <ele>3101.07</ele>
      </trkpt>
      <trkpt lat="42.77783" lon="-109.20186">
        <ele>3102.13</ele>
      </trkpt>
      <trkpt lat="42.77785" lon="-109.20192">
        <ele>3102.56</ele>
      </trkpt>
      <trkpt lat="42.77786" lon="-109.20198">
        <ele>3102.39</ele>
      </trkpt>
      <trkpt lat="42.77788" lon="-109.20204">
        <ele>3102.21</ele>
      </trkpt>
      <trkpt lat="42.7779" lon="-109.20209">
        <ele>3102.64</ele>
      </trkpt>
      <trkpt lat="42.77793" lon="-109.20215">
        <ele>3103.29</ele>
      </trkpt>
      <trkpt lat="42.77794" lon="-109.20221">
        <ele>3103.5</ele>
      </trkpt>
      <trkpt lat="42.77795" lon="-109.20223">
        <ele>3103.64</ele>
      </trkpt>
      <trkpt lat="42.77798" lon="-109.2025">
        <ele>3103.37</ele>
      </trkpt>
      <trkpt lat="42.77799" lon="-109.20256">
        <ele>3103.58</ele>
      </trkpt>
      <trkpt lat="42.77801" lon="-109.20263">
        <ele>3104.02</ele>
      </trkpt>
      <trkpt lat="42.77803" lon="-109.20268">
        <ele>3104.45</ele>
      </trkpt>
      <trkpt lat="42.77805" lon="-109.20274">
        <ele>3104.84</ele>
      </trkpt>
      <trkpt lat="42.77806" lon="-109.2028">
        <ele>3105.1</ele>
      </trkpt>
      <trkpt lat="42.77806" lon="-109.20286">
        <ele>3105.1</ele>
      </trkpt>
      <trkpt lat="42.77806" lon="-109.2029">
        <ele>3104.79</ele>
      </trkpt>
      <trkpt lat="42.77813" lon="-109.20303">
        <ele>3106.41</ele>
      </trkpt>
      <trkpt lat="42.77817" lon="-109.20306">
        <ele>3107.47</ele>
      </trkpt>
      <trkpt lat="42.77821" lon="-109.2031">
        <ele>3108.34</ele>
      </trkpt>
      <trkpt lat="42.77823" lon="-109.20316">
        <ele>3108.77</ele>
      </trkpt>
      <trkpt lat="42.77823" lon="-109.20322">
        <ele>3108.77</ele>
      </trkpt>
      <trkpt lat="42.77822" lon="-109.20329">
        <ele>3108.55</ele>
      </trkpt>
      <trkpt lat="42.77822" lon="-109.2033">
        <ele>3108.55</ele>
      </trkpt>
      <trkpt lat="42.77825" lon="-109.20349">
        <ele>3109.2</ele>
      </trkpt>
      <trkpt lat="42.77824" lon="-109.20355">
        <ele>3108.98</ele>
      </trkpt>
      <trkpt lat="42.77824" lon="-109.20361">
        <ele>3108.98</ele>
      </trkpt>
      <trkpt lat="42.77823" lon="-109.20368">
        <ele>3108.77</ele>
      </trkpt>
      <trkpt lat="42.77823" lon="-109.20375">
        <ele>3108.77</ele>
      </trkpt>
      <trkpt lat="42.77822" lon="-109.20377">
        <ele>3108.55</ele>
      </trkpt>
      <trkpt lat="42.77822" lon="-109.20386">
        <ele>3108.55</ele>
      </trkpt>
      <trkpt lat="42.77818" lon="-109.20397">
        <ele>3107.69</ele>
      </trkpt>
      <trkpt lat="42.77817" lon="-109.20452">
        <ele>3106.47</ele>
      </trkpt>
      <trkpt lat="42.77829" lon="-109.20531">
        <ele>3105.37</ele>
      </trkpt>
      <trkpt lat="42.77829" lon="-109.20531">
        <ele>3105.37</ele>
      </trkpt>
      <trkpt lat="42.77832" lon="-109.20548">
        <ele>3105.71</ele>
      </trkpt>
      <trkpt lat="42.77833" lon="-109.2059">
        <ele>3104.94</ele>
      </trkpt>
      <trkpt lat="42.77838" lon="-109.20632">
        <ele>3105.01</ele>
      </trkpt>
      <trkpt lat="42.77842" lon="-109.20651">
        <ele>3104.87</ele>
      </trkpt>
      <trkpt lat="42.77842" lon="-109.20656">
        <ele>3104.87</ele>
      </trkpt>
      <trkpt lat="42.77844" lon="-109.20682">
        <ele>3105.3</ele>
      </trkpt>
      <trkpt lat="42.77838" lon="-109.20697">
        <ele>3104.01</ele>
      </trkpt>
      <trkpt lat="42.77837" lon="-109.20715">
        <ele>3103.79</ele>
      </trkpt>
      <trkpt lat="42.77838" lon="-109.20726">
        <ele>3103.8</ele>
      </trkpt>
      <trkpt lat="42.77838" lon="-109.20753">
        <ele>3103.01</ele>
      </trkpt>
      <trkpt lat="42.7784" lon="-109.20774">
        <ele>3103.44</ele>
      </trkpt>
      <trkpt lat="42.77842" lon="-109.20813">
        <ele>3103.87</ele>
      </trkpt>
      <trkpt lat="42.77833" lon="-109.20837">
        <ele>3101.95</ele>
      </trkpt>
      <trkpt lat="42.7783" lon="-109.20893">
        <ele>3100.48</ele>
      </trkpt>
      <trkpt lat="42.77827" lon="-109.21037">
        <ele>3098.63</ele>
      </trkpt>
      <trkpt lat="42.7783" lon="-109.2105">
        <ele>3100.28</ele>
      </trkpt>
      <trkpt lat="42.7782" lon="-109.21072">
        <ele>3098.99</ele>
      </trkpt>
      <trkpt lat="42.77815" lon="-109.21083">
        <ele>3098.04</ele>
      </trkpt>
      <trkpt lat="42.77801" lon="-109.21091">
        <ele>3097.51</ele>
      </trkpt>
      <trkpt lat="42.77794" lon="-109.21094">
        <ele>3097.0</ele>
      </trkpt>
      <trkpt lat="42.77786" lon="-109.21112">
        <ele>3097.0</ele>
      </trkpt>
      <trkpt lat="42.77786" lon="-109.21112">
        <ele>3097.0</ele>
      </trkpt>
      <trkpt lat="42.77777" lon="-109.21147">
        <ele>3097.0</ele>
      </trkpt>
      <trkpt lat="42.77777" lon="-109.21147">
        <ele>3097.0</ele>
      </trkpt>
      <trkpt lat="42.77776" lon="-109.21151">
        <ele>3097.0</ele>
      </trkpt>
      <trkpt lat="42.77776" lon="-109.21158">
        <ele>3097.0</ele>
      </trkpt>
      <trkpt lat="42.77775" lon="-109.21165">
        <ele>3097.0</ele>
      </trkpt>
      <trkpt lat="42.77772" lon="-109.21169">
        <ele>3097.0</ele>
      </trkpt>
      <trkpt lat="42.77767" lon="-109.21169">
        <ele>3097.0</ele>
      </trkpt>
      <trkpt lat="42.77762" lon="-109.21169">
        <ele>3097.0</ele>
      </trkpt>
      <trkpt lat="42.77757" lon="-109.2117">
        <ele>3097.0</ele>
      </trkpt>
      <trkpt lat="42.77753" lon="-109.21172">
        <ele>3097.0</ele>
      </trkpt>
      <trkpt lat="42.77753" lon="-109.21172">
        <ele>3097.0</ele>
      </trkpt>
      <trkpt lat="42.77746" lon="-109.21173">
        <ele>3097.0</ele>
      </trkpt>
      <trkpt lat="42.77743" lon="-109.21177">
        <ele>3097.0</ele>
      </trkpt>
      <trkpt lat="42.77739" lon="-109.21181">
        <ele>3097.0</ele>
      </trkpt>
      <trkpt lat="42.77735" lon="-109.21184">
        <ele>3097.0</ele>
      </trkpt>
      <trkpt lat="42.77731" lon="-109.21187">
        <ele>3097.0</ele>
      </trkpt>
      <trkpt lat="42.7773" lon="-109.21188">
        <ele>3097.0</ele>
      </trkpt>
      <trkpt lat="42.77724" lon="-109.21193">
        <ele>3097.0</ele>
      </trkpt>
      <trkpt lat="42.77721" lon="-109.21198">
        <ele>3097.0</ele>
      </trkpt>
      <trkpt lat="42.77718" lon="-109.21203">
        <ele>3097.0</ele>
      </trkpt>
      <trkpt lat="42.77716" lon="-109.21209">
        <ele>3097.0</ele>
      </trkpt>
      <trkpt lat="42.77713" lon="-109.21215">
        <ele>3097.0</ele>
      </trkpt>
      <trkpt lat="42.7771" lon="-109.21221">
        <ele>3097.0</ele>
      </trkpt>
      <trkpt lat="42.77706" lon="-109.21226">
        <ele>3097.0</ele>
      </trkpt>
      <trkpt lat="42.77705" lon="-109.21227">
        <ele>3097.0</ele>
      </trkpt>
      <trkpt lat="42.77698" lon="-109.21234">
        <ele>3097.0</ele>
      </trkpt>
      <trkpt lat="42.77694" lon="-109.21238">
        <ele>3097.0</ele>
      </trkpt>
      <trkpt lat="42.7769" lon="-109.21242">
        <ele>3097.0</ele>
      </trkpt>
      <trkpt lat="42.77686" lon="-109.21244">
        <ele>3097.0</ele>
      </trkpt>
      <trkpt lat="42.77681" lon="-109.21247">
        <ele>3097.0</ele>
      </trkpt>
      <trkpt lat="42.77676" lon="-109.2125">
        <ele>3097.0</ele>
      </trkpt>
      <trkpt lat="42.77675" lon="-109.21251">
        <ele>3097.0</ele>
      </trkpt>
      <trkpt lat="42.77671" lon="-109.21257">
        <ele>3097.0</ele>
      </trkpt>
      <trkpt lat="42.77669" lon="-109.21261">
        <ele>3097.0</ele>
      </trkpt>
      <trkpt lat="42.77665" lon="-109.21265">
        <ele>3097.07</ele>
      </trkpt>
      <trkpt lat="42.77661" lon="-109.21269">
        <ele>3097.0</ele>
      </trkpt>
      <trkpt lat="42.7766" lon="-109.2127">
        <ele>3097.0</ele>
      </trkpt>
      <trkpt lat="42.77656" lon="-109.21274">
        <ele>3097.15</ele>
      </trkpt>
      <trkpt lat="42.77652" lon="-109.21276">
        <ele>3097.58</ele>
      </trkpt>
      <trkpt lat="42.77648" lon="-109.21281">
        <ele>3098.0</ele>
      </trkpt>
      <trkpt lat="42.77645" lon="-109.21284">
        <ele>3098.0</ele>
      </trkpt>
      <trkpt lat="42.77641" lon="-109.21288">
        <ele>3097.98</ele>
      </trkpt>
      <trkpt lat="42.77639" lon="-109.21291">
        <ele>3097.99</ele>
      </trkpt>
      <trkpt lat="42.77629" lon="-109.213">
        <ele>3098.0</ele>
      </trkpt>
      <trkpt lat="42.77625" lon="-109.21303">
        <ele>3098.0</ele>
      </trkpt>
      <trkpt lat="42.7762" lon="-109.21305">
        <ele>3098.0</ele>
      </trkpt>
      <trkpt lat="42.77616" lon="-109.21307">
        <ele>3098.0</ele>
      </trkpt>
      <trkpt lat="42.77613" lon="-109.21312">
        <ele>3098.0</ele>
      </trkpt>
      <trkpt lat="42.7761" lon="-109.21317">
        <ele>3098.36</ele>
      </trkpt>
      <trkpt lat="42.77606" lon="-109.21319">
        <ele>3099.0</ele>
      </trkpt>
      <trkpt lat="42.77602" lon="-109.2132">
        <ele>3099.54</ele>
      </trkpt>
      <trkpt lat="42.77596" lon="-109.21323">
        <ele>3101.15</ele>
      </trkpt>
      <trkpt lat="42.77593" lon="-109.21327">
        <ele>3102.23</ele>
      </trkpt>
      <trkpt lat="42.77589" lon="-109.21331">
        <ele>3103.91</ele>
      </trkpt>
      <trkpt lat="42.77588" lon="-109.21337">
        <ele>3104.88</ele>
      </trkpt>
      <trkpt lat="42.77585" lon="-109.21343">
        <ele>3106.46</ele>
      </trkpt>
      <trkpt lat="42.77583" lon="-109.21349">
        <ele>3107.11</ele>
      </trkpt>
      <trkpt lat="42.77582" lon="-109.21353">
        <ele>3107.54</ele>
      </trkpt>
      <trkpt lat="42.77573" lon="-109.21374">
        <ele>3111.0</ele>
      </trkpt>
      <trkpt lat="42.77569" lon="-109.21379">
        <ele>3111.0</ele>
      </trkpt>
      <trkpt lat="42.77565" lon="-109.21382">
        <ele>3111.0</ele>
      </trkpt>
      <trkpt lat="42.7756" lon="-109.21386">
        <ele>3111.0</ele>
      </trkpt>
      <trkpt lat="42.77558" lon="-109.21388">
        <ele>3111.0</ele>
      </trkpt>
      <trkpt lat="42.77553" lon="-109.21394">
        <ele>3110.72</ele>
      </trkpt>
      <trkpt lat="42.77549" lon="-109.21396">
        <ele>3110.29</ele>
      </trkpt>
      <trkpt lat="42.77544" lon="-109.21397">
        <ele>3109.78</ele>
      </trkpt>
      <trkpt lat="42.77539" lon="-109.21396">
        <ele>3109.39</ele>
      </trkpt>
      <trkpt lat="42.77534" lon="-109.21398">
        <ele>3108.69</ele>
      </trkpt>
      <trkpt lat="42.77531" lon="-109.21403">
        <ele>3108.35</ele>
      </trkpt>
      <trkpt lat="42.77527" lon="-109.21405">
        <ele>3108.0</ele>
      </trkpt>
      <trkpt lat="42.77527" lon="-109.21405">
        <ele>3108.0</ele>
      </trkpt>
      <trkpt lat="42.77511" lon="-109.21402">
        <ele>3108.0</ele>
      </trkpt>
      <trkpt lat="42.77506" lon="-109.21402">
        <ele>3108.0</ele>
      </trkpt>
      <trkpt lat="42.77501" lon="-109.21404">
        <ele>3108.0</ele>
      </trkpt>
      <trkpt lat="42.77496" lon="-109.21407">
        <ele>3108.0</ele>
      </trkpt>
      <trkpt lat="42.77495" lon="-109.21407">
        <ele>3108.0</ele>
      </trkpt>
      <trkpt lat="42.77476" lon="-109.21409">
        <ele>3108.59</ele>
      </trkpt>
      <trkpt lat="42.77471" lon="-109.21408">
        <ele>3109.01</ele>
      </trkpt>
      <trkpt lat="42.77466" lon="-109.21407">
        <ele>3109.0</ele>
      </trkpt>
      <trkpt lat="42.77461" lon="-109.21406">
        <ele>3109.21</ele>
      </trkpt>
      <trkpt lat="42.77457" lon="-109.21405">
        <ele>3109.64</ele>
      </trkpt>
      <trkpt lat="42.77456" lon="-109.21405">
        <ele>3109.75</ele>
      </trkpt>
      <trkpt lat="42.7745" lon="-109.21402">
        <ele>3110.0</ele>
      </trkpt>
      <trkpt lat="42.77445" lon="-109.21399">
        <ele>3110.0</ele>
      </trkpt>
      <trkpt lat="42.77441" lon="-109.21397">
        <ele>3110.74</ele>
      </trkpt>
      <trkpt lat="42.77436" lon="-109.21395">
        <ele>3111.82</ele>
      </trkpt>
      <trkpt lat="42.77432" lon="-109.21393">
        <ele>3112.84</ele>
      </trkpt>
      <trkpt lat="42.77427" lon="-109.2139">
        <ele>3113.87</ele>
      </trkpt>
      <trkpt lat="42.77424" lon="-109.21387">
        <ele>3114.79</ele>
      </trkpt>
      <trkpt lat="42.77424" lon="-109.21387">
        <ele>3114.79</ele>
      </trkpt>
      <trkpt lat="42.77421" lon="-109.21383">
        <ele>3115.79</ele>
      </trkpt>
      <trkpt lat="42.77416" lon="-109.2138">
        <ele>3117.33</ele>
      </trkpt>
      <trkpt lat="42.77411" lon="-109.21379">
        <ele>3119.38</ele>
      </trkpt>
      <trkpt lat="42.77407" lon="-109.21377">
        <ele>3120.85</ele>
      </trkpt>
      <trkpt lat="42.77403" lon="-109.21374">
        <ele>3121.82</ele>
      </trkpt>
      <trkpt lat="42.77399" lon="-109.21371">
        <ele>3122.79</ele>
      </trkpt>
      <trkpt lat="42.77394" lon="-109.21373">
        <ele>3124.63</ele>
      </trkpt>
      <trkpt lat="42.77393" lon="-109.21379">
        <ele>3125.6</ele>
      </trkpt>
      <trkpt lat="42.77389" lon="-109.21381">
        <ele>3127.26</ele>
      </trkpt>
      <trkpt lat="42.77388" lon="-109.21381">
        <ele>3127.68</ele>
      </trkpt>
      <trkpt lat="42.77385" lon="-109.21376">
        <ele>3128.29</ele>
      </trkpt>
      <trkpt lat="42.77381" lon="-109.21372">
        <ele>3129.58</ele>
      </trkpt>
      <trkpt lat="42.77377" lon="-109.21369">
        <ele>3130.99</ele>
      </trkpt>
      <trkpt lat="42.77372" lon="-109.21371">
        <ele>3133.36</ele>
      </trkpt>
      <trkpt lat="42.77369" lon="-109.21376">
        <ele>3135.05</ele>
      </trkpt>
      <trkpt lat="42.77365" lon="-109.2138">
        <ele>3136.78</ele>
      </trkpt>
      <trkpt lat="42.77361" lon="-109.21379">
        <ele>3137.98</ele>
      </trkpt>
      <trkpt lat="42.77356" lon="-109.21376">
        <ele>3139.82</ele>
      </trkpt>
      <trkpt lat="42.77354" lon="-109.21375">
        <ele>3140.57</ele>
      </trkpt>
      <trkpt lat="42.77347" lon="-109.21379">
        <ele>3144.03</ele>
      </trkpt>
      <trkpt lat="42.77343" lon="-109.21378">
        <ele>3145.65</ele>
      </trkpt>
      <trkpt lat="42.77338" lon="-109.21378">
        <ele>3146.9</ele>
      </trkpt>
      <trkpt lat="42.77333" lon="-109.21376">
        <ele>3148.06</ele>
      </trkpt>
      <trkpt lat="42.7733" lon="-109.21372">
        <ele>3148.42</ele>
      </trkpt>
      <trkpt lat="42.77326" lon="-109.2137">
        <ele>3148.78</ele>
      </trkpt>
      <trkpt lat="42.77322" lon="-109.2137">
        <ele>3149.45</ele>
      </trkpt>
      <trkpt lat="42.77318" lon="-109.21373">
        <ele>3150.6</ele>
      </trkpt>
      <trkpt lat="42.77314" lon="-109.21377">
        <ele>3151.92</ele>
      </trkpt>
      <trkpt lat="42.7731" lon="-109.21379">
        <ele>3153.01</ele>
      </trkpt>
      <trkpt lat="42.77305" lon="-109.2138">
        <ele>3154.12</ele>
      </trkpt>
      <trkpt lat="42.77301" lon="-109.21381">
        <ele>3154.98</ele>
      </trkpt>
      <trkpt lat="42.77297" lon="-109.21379">
        <ele>3155.85</ele>
      </trkpt>
      <trkpt lat="42.77292" lon="-109.21381">
        <ele>3156.86</ele>
      </trkpt>
      <trkpt lat="42.77289" lon="-109.21386">
        <ele>3157.03</ele>
      </trkpt>
      <trkpt lat="42.77286" lon="-109.21392">
        <ele>3157.19</ele>
      </trkpt>
      <trkpt lat="42.77285" lon="-109.21394">
        <ele>3157.32</ele>
      </trkpt>
      <trkpt lat="42.77279" lon="-109.21401">
        <ele>3157.87</ele>
      </trkpt>
      <trkpt lat="42.77275" lon="-109.21402">
        <ele>3158.42</ele>
      </trkpt>
      <trkpt lat="42.7727" lon="-109.214">
        <ele>3159.01</ele>
      </trkpt>
      <trkpt lat="42.77265" lon="-109.21399">
        <ele>3160.2</ele>
      </trkpt>
      <trkpt lat="42.77261" lon="-109.21401">
        <ele>3161.49</ele>
      </trkpt>
      <trkpt lat="42.7726" lon="-109.21401">
        <ele>3161.78</ele>
      </trkpt>
      <trkpt lat="42.77243" lon="-109.21406">
        <ele>3166.31</ele>
      </trkpt>
      <trkpt lat="42.77239" lon="-109.21408">
        <ele>3167.38</ele>
      </trkpt>
      <trkpt lat="42.77234" lon="-109.21411">
        <ele>3168.46</ele>
      </trkpt>
      <trkpt lat="42.77229" lon="-109.21412">
        <ele>3169.54</ele>
      </trkpt>
      <trkpt lat="42.77224" lon="-109.21415">
        <ele>3170.62</ele>
      </trkpt>
      <trkpt lat="42.7722" lon="-109.21416">
        <ele>3171.5</ele>
      </trkpt>
      <trkpt lat="42.7722" lon="-109.21417">
        <ele>3171.45</ele>
      </trkpt>
      <trkpt lat="42.77208" lon="-109.2142">
        <ele>3174.42</ele>
      </trkpt>
      <trkpt lat="42.77203" lon="-109.21419">
        <ele>3176.05</ele>
      </trkpt>
      <trkpt lat="42.77198" lon="-109.21419">
        <ele>3178.21</ele>
      </trkpt>
      <trkpt lat="42.77193" lon="-109.2142">
        <ele>3180.11</ele>
      </trkpt>
      <trkpt lat="42.77189" lon="-109.21421">
        <ele>3181.3</ele>
      </trkpt>
      <trkpt lat="42.77186" lon="-109.21422">
        <ele>3182.16</ele>
      </trkpt>
      <trkpt lat="42.77175" lon="-109.21426">
        <ele>3185.19</ele>
      </trkpt>
      <trkpt lat="42.7717" lon="-109.21426">
        <ele>3186.27</ele>
      </trkpt>
      <trkpt lat="42.77169" lon="-109.2142">
        <ele>3187.14</ele>
      </trkpt>
      <trkpt lat="42.77169" lon="-109.21414">
        <ele>3187.78</ele>
      </trkpt>
      <trkpt lat="42.77169" lon="-109.21411">
        <ele>3188.11</ele>
      </trkpt>
      <trkpt lat="42.77164" lon="-109.21394">
        <ele>3191.63</ele>
      </trkpt>
      <trkpt lat="42.7716" lon="-109.21389">
        <ele>3193.42</ele>
      </trkpt>
      <trkpt lat="42.77156" lon="-109.21387">
        <ele>3194.71</ele>
      </trkpt>
      <trkpt lat="42.77151" lon="-109.21385">
        <ele>3196.22</ele>
      </trkpt>
      <trkpt lat="42.77149" lon="-109.21384">
        <ele>3196.87</ele>
      </trkpt>
      <trkpt lat="42.77145" lon="-109.21377">
        <ele>3199.25</ele>
      </trkpt>
      <trkpt lat="42.77144" lon="-109.21371">
        <ele>3200.76</ele>
      </trkpt>
      <trkpt lat="42.77145" lon="-109.21364">
        <ele>3201.6</ele>
      </trkpt>
      <trkpt lat="42.77145" lon="-109.21358">
        <ele>3202.69</ele>
      </trkpt>
      <trkpt lat="42.77143" lon="-109.21352">
        <ele>3204.64</ele>
      </trkpt>
      <trkpt lat="42.77139" lon="-109.21349">
        <ele>3206.58</ele>
      </trkpt>
      <trkpt lat="42.77135" lon="-109.21346">
        <ele>3208.1</ele>
      </trkpt>
      <trkpt lat="42.77133" lon="-109.21341">
        <ele>3209.55</ele>
      </trkpt>
      <trkpt lat="42.77132" lon="-109.21331">
        <ele>3211.48</ele>
      </trkpt>
      <trkpt lat="42.77129" lon="-109.21326">
        <ele>3212.98</ele>
      </trkpt>
      <trkpt lat="42.77128" lon="-109.21319">
        <ele>3214.17</ele>
      </trkpt>
      <trkpt lat="42.77126" lon="-109.21313">
        <ele>3215.88</ele>
      </trkpt>
      <trkpt lat="42.77125" lon="-109.21306">
        <ele>3217.43</ele>
      </trkpt>
      <trkpt lat="42.77126" lon="-109.21302">
        <ele>3217.56</ele>
      </trkpt>
      <trkpt lat="42.77127" lon="-109.21291">
        <ele>3218.42</ele>
      </trkpt>
      <trkpt lat="42.77124" lon="-109.21286">
        <ele>3219.87</ele>
      </trkpt>
      <trkpt lat="42.7712" lon="-109.21282">
        <ele>3221.1</ele>
      </trkpt>
      <trkpt lat="42.77115" lon="-109.21282">
        <ele>3222.48</ele>
      </trkpt>
      <trkpt lat="42.77111" lon="-109.21283">
        <ele>3223.47</ele>
      </trkpt>
      <trkpt lat="42.77106" lon="-109.21284">
        <ele>3224.98</ele>
      </trkpt>
      <trkpt lat="42.77103" lon="-109.21285">
        <ele>3225.85</ele>
      </trkpt>
      <trkpt lat="42.77096" lon="-109.21289">
        <ele>3227.05</ele>
      </trkpt>
      <trkpt lat="42.77091" lon="-109.21289">
        <ele>3228.13</ele>
      </trkpt>
      <trkpt lat="42.77087" lon="-109.21286">
        <ele>3229.43</ele>
      </trkpt>
      <trkpt lat="42.77086" lon="-109.2128">
        <ele>3230.94</ele>
      </trkpt>
      <trkpt lat="42.77084" lon="-109.21274">
        <ele>3232.26</ele>
      </trkpt>
      <trkpt lat="42.77082" lon="-109.21268">
        <ele>3233.35</ele>
      </trkpt>
      <trkpt lat="42.77078" lon="-109.21267">
        <ele>3234.41</ele>
      </trkpt>
      <trkpt lat="42.77074" lon="-109.21268">
        <ele>3235.13</ele>
      </trkpt>
      <trkpt lat="42.77068" lon="-109.21264">
        <ele>3237.29</ele>
      </trkpt>
      <trkpt lat="42.77064" lon="-109.2126">
        <ele>3239.02</ele>
      </trkpt>
      <trkpt lat="42.77061" lon="-109.21256">
        <ele>3240.32</ele>
      </trkpt>
      <trkpt lat="42.77056" lon="-109.21256">
        <ele>3241.59</ele>
      </trkpt>
      <trkpt lat="42.77054" lon="-109.21256">
        <ele>3242.21</ele>
      </trkpt>
      <trkpt lat="42.77049" lon="-109.21257">
        <ele>3243.61</ele>
      </trkpt>
      <trkpt lat="42.77039" lon="-109.21257">
        <ele>3246.06</ele>
      </trkpt>
      <trkpt lat="42.7702" lon="-109.21258">
        <ele>3251.79</ele>
      </trkpt>
      <trkpt lat="42.77013" lon="-109.21258">
        <ele>3253.55</ele>
      </trkpt>
      <trkpt lat="42.77006" lon="-109.21258">
        <ele>3255.42</ele>
      </trkpt>
      <trkpt lat="42.77007" lon="-109.21241">
        <ele>3259.67</ele>
      </trkpt>
      <trkpt lat="42.77009" lon="-109.21206">
        <ele>3264.84</ele>
      </trkpt>
      <trkpt lat="42.7701" lon="-109.21199">
        <ele>3265.82</ele>
      </trkpt>
      <trkpt lat="42.77009" lon="-109.21193">
        <ele>3267.24</ele>
      </trkpt>
      <trkpt lat="42.77008" lon="-109.21188">
        <ele>3268.1</ele>
      </trkpt>
      <trkpt lat="42.76999" lon="-109.21172">
        <ele>3272.37</ele>
      </trkpt>
      <trkpt lat="42.76996" lon="-109.21167">
        <ele>3273.71</ele>
      </trkpt>
      <trkpt lat="42.76992" lon="-109.21163">
        <ele>3275.51</ele>
      </trkpt>
      <trkpt lat="42.76988" lon="-109.21161">
        <ele>3276.89</ele>
      </trkpt>
      <trkpt lat="42.76985" lon="-109.21156">
        <ele>3278.01</ele>
      </trkpt>
      <trkpt lat="42.76984" lon="-109.2115">
        <ele>3278.98</ele>
      </trkpt>
      <trkpt lat="42.76984" lon="-109.21148">
        <ele>3279.19</ele>
      </trkpt>
      <trkpt lat="42.76973" lon="-109.21131">
        <ele>3281.9</ele>
      </trkpt>
      <trkpt lat="42.76969" lon="-109.21128">
        <ele>3283.27</ele>
      </trkpt>
      <trkpt lat="42.76964" lon="-109.21126">
        <ele>3284.75</ele>
      </trkpt>
      <trkpt lat="42.7696" lon="-109.21124">
        <ele>3285.64</ele>
      </trkpt>
      <trkpt lat="42.76956" lon="-109.2112">
        <ele>3286.54</ele>
      </trkpt>
      <trkpt lat="42.76952" lon="-109.21117">
        <ele>3287.48</ele>
      </trkpt>
      <trkpt lat="42.76949" lon="-109.21114">
        <ele>3287.85</ele>
      </trkpt>
      <trkpt lat="42.7694" lon="-109.21111">
        <ele>3288.49</ele>
      </trkpt>
      <trkpt lat="42.76935" lon="-109.21111">
        <ele>3289.0</ele>
      </trkpt>
      <trkpt lat="42.76931" lon="-109.2111">
        <ele>3289.0</ele>
      </trkpt>
      <trkpt lat="42.76926" lon="-109.21108">
        <ele>3289.0</ele>
      </trkpt>
      <trkpt lat="42.76922" lon="-109.21105">
        <ele>3289.0</ele>
      </trkpt>
      <trkpt lat="42.76918" lon="-109.21101">
        <ele>3289.0</ele>
      </trkpt>
      <trkpt lat="42.76913" lon="-109.21099">
        <ele>3288.6</ele>
      </trkpt>
      <trkpt lat="42.76909" lon="-109.21098">
        <ele>3288.17</ele>
      </trkpt>
      <trkpt lat="42.76893" lon="-109.21098">
        <ele>3286.47</ele>
      </trkpt>
      <trkpt lat="42.76888" lon="-109.21099">
        <ele>3285.43</ele>
      </trkpt>
      <trkpt lat="42.76884" lon="-109.211">
        <ele>3284.32</ele>
      </trkpt>
      <trkpt lat="42.76879" lon="-109.21101">
        <ele>3282.86</ele>
      </trkpt>
      <trkpt lat="42.76874" lon="-109.21101">
        <ele>3281.78</ele>
      </trkpt>
      <trkpt lat="42.76869" lon="-109.21101">
        <ele>3280.84</ele>
      </trkpt>
      <trkpt lat="42.76865" lon="-109.211">
        <ele>3280.3</ele>
      </trkpt>
      <trkpt lat="42.7686" lon="-109.21098">
        <ele>3279.34</ele>
      </trkpt>
      <trkpt lat="42.7686" lon="-109.21098">
        <ele>3279.34</ele>
      </trkpt>
      <trkpt lat="42.76846" lon="-109.21097">
        <ele>3276.84</ele>
      </trkpt>
      <trkpt lat="42.76841" lon="-109.21097">
        <ele>3276.13</ele>
      </trkpt>
      <trkpt lat="42.76836" lon="-109.21098">
        <ele>3275.16</ele>
      </trkpt>
      <trkpt lat="42.76832" lon="-109.21098">
        <ele>3274.3</ele>
      </trkpt>
      <trkpt lat="42.76826" lon="-109.21098">
        <ele>3273.0</ele>
      </trkpt>
      <trkpt lat="42.76822" lon="-109.21098">
        <ele>3272.14</ele>
      </trkpt>
      <trkpt lat="42.76818" lon="-109.21099">
        <ele>3271.38</ele>
      </trkpt>
      <trkpt lat="42.76808" lon="-109.21101">
        <ele>3268.77</ele>
      </trkpt>
      <trkpt lat="42.76803" lon="-109.21102">
        <ele>3267.17</ele>
      </trkpt>
      <trkpt lat="42.76802" lon="-109.21102">
        <ele>3266.85</ele>
      </trkpt>
      <trkpt lat="42.76798" lon="-109.21104">
        <ele>3265.55</ele>
      </trkpt>
      <trkpt lat="42.76789" lon="-109.21107">
        <ele>3263.07</ele>
      </trkpt>
      <trkpt lat="42.76771" lon="-109.21128">
        <ele>3261.58</ele>
      </trkpt>
      <trkpt lat="42.76764" lon="-109.21132">
        <ele>3260.05</ele>
      </trkpt>
      <trkpt lat="42.76752" lon="-109.21139">
        <ele>3257.68</ele>
      </trkpt>
      <trkpt lat="42.76746" lon="-109.21145">
        <ele>3257.25</ele>
      </trkpt>
      <trkpt lat="42.76742" lon="-109.21148">
        <ele>3256.5</ele>
      </trkpt>
      <trkpt lat="42.76737" lon="-109.21149">
        <ele>3254.75</ele>
      </trkpt>
      <trkpt lat="42.76732" lon="-109.2115">
        <ele>3253.02</ele>
      </trkpt>
      <trkpt lat="42.76728" lon="-109.2115">
        <ele>3251.6</ele>
      </trkpt>
      <trkpt lat="42.76723" lon="-109.2115">
        <ele>3249.87</ele>
      </trkpt>
      <trkpt lat="42.76717" lon="-109.21148">
        <ele>3246.69</ele>
      </trkpt>
      <trkpt lat="42.76716" lon="-109.21148">
        <ele>3246.26</ele>
      </trkpt>
      <trkpt lat="42.76691" lon="-109.21141">
        <ele>3235.86</ele>
      </trkpt>
      <trkpt lat="42.76686" lon="-109.21141">
        <ele>3234.65</ele>
      </trkpt>
      <trkpt lat="42.76681" lon="-109.21141">
        <ele>3232.85</ele>
      </trkpt>
      <trkpt lat="42.76677" lon="-109.21142">
        <ele>3231.73</ele>
      </trkpt>
      <trkpt lat="42.76671" lon="-109.21141">
        <ele>3228.25</ele>
      </trkpt>
      <trkpt lat="42.76667" lon="-109.21141">
        <ele>3226.09</ele>
      </trkpt>
      <trkpt lat="42.76662" lon="-109.2114">
        <ele>3222.4</ele>
      </trkpt>
      <trkpt lat="42.76657" lon="-109.21139">
        <ele>3218.95</ele>
      </trkpt>
      <trkpt lat="42.76654" lon="-109.21138">
        <ele>3218.17</ele>
      </trkpt>
      <trkpt lat="42.76652" lon="-109.21134">
        <ele>3217.3</ele>
      </trkpt>
      <trkpt lat="42.76651" lon="-109.21127">
        <ele>3216.81</ele>
      </trkpt>
      <trkpt lat="42.7665" lon="-109.2112">
        <ele>3217.28</ele>
      </trkpt>
      <trkpt lat="42.76648" lon="-109.21115">
        <ele>3218.15</ele>
      </trkpt>
      <trkpt lat="42.76646" lon="-109.21109">
        <ele>3219.91</ele>
      </trkpt>
      <trkpt lat="42.76646" lon="-109.21109">
        <ele>3219.91</ele>
      </trkpt>
      <trkpt lat="42.76643" lon="-109.21106">
        <ele>3221.21</ele>
      </trkpt>
      <trkpt lat="42.7664" lon="-109.21102">
        <ele>3222.94</ele>
      </trkpt>
      <trkpt lat="42.76637" lon="-109.21097">
        <ele>3225.0</ele>
      </trkpt>
      <trkpt lat="42.76637" lon="-109.21095">
        <ele>3225.91</ele>
      </trkpt>
      <trkpt lat="42.76639" lon="-109.2109">
        <ele>3228.41</ele>
      </trkpt>
      <trkpt lat="42.76639" lon="-109.21088">
        <ele>3229.49</ele>
      </trkpt>
      <trkpt lat="42.76637" lon="-109.21086">
        <ele>3230.41</ele>
      </trkpt>
      <trkpt lat="42.76633" lon="-109.21083">
        <ele>3231.58</ele>
      </trkpt>
      <trkpt lat="42.76629" lon="-109.21082">
        <ele>3231.8</ele>
      </trkpt>
      <trkpt lat="42.76624" lon="-109.21081">
        <ele>3231.9</ele>
      </trkpt>
      <trkpt lat="42.7662" lon="-109.21078">
        <ele>3233.39</ele>
      </trkpt>
      <trkpt lat="42.76619" lon="-109.21077">
        <ele>3233.85</ele>
      </trkpt>
      <trkpt lat="42.76618" lon="-109.21074">
        <ele>3235.53</ele>
      </trkpt>
      <trkpt lat="42.76621" lon="-109.2107">
        <ele>3238.27</ele>
      </trkpt>
      <trkpt lat="42.76621" lon="-109.21067">
        <ele>3239.89</ele>
      </trkpt>
      <trkpt lat="42.76616" lon="-109.21065">
        <ele>3239.96</ele>
      </trkpt>
      <trkpt lat="42.76612" lon="-109.21062">
        <ele>3240.44</ele>
      </trkpt>
      <trkpt lat="42.76608" lon="-109.21058">
        <ele>3240.35</ele>
      </trkpt>
      <trkpt lat="42.76605" lon="-109.21054">
        <ele>3240.31</ele>
      </trkpt>
      <trkpt lat="42.76595" lon="-109.21048">
        <ele>3240.39</ele>
      </trkpt>
      <trkpt lat="42.76592" lon="-109.21043">
        <ele>3242.34</ele>
      </trkpt>
      <trkpt lat="42.76589" lon="-109.21038">
        <ele>3243.85</ele>
      </trkpt>
      <trkpt lat="42.76587" lon="-109.21033">
        <ele>3245.54</ele>
      </trkpt>
      <trkpt lat="42.76584" lon="-109.21028">
        <ele>3247.05</ele>
      </trkpt>
      <trkpt lat="42.76581" lon="-109.21023">
        <ele>3248.17</ele>
      </trkpt>
      <trkpt lat="42.76577" lon="-109.2102">
        <ele>3248.73</ele>
      </trkpt>
      <trkpt lat="42.76573" lon="-109.21016">
        <ele>3249.7</ele>
      </trkpt>
      <trkpt lat="42.76568" lon="-109.21015">
        <ele>3249.48</ele>
      </trkpt>
      <trkpt lat="42.76564" lon="-109.21013">
        <ele>3249.79</ele>
      </trkpt>
      <trkpt lat="42.7656" lon="-109.2101">
        <ele>3250.76</ele>
      </trkpt>
      <trkpt lat="42.76558" lon="-109.21007">
        <ele>3251.73</ele>
      </trkpt>
      <trkpt lat="42.76556" lon="-109.20998">
        <ele>3254.44</ele>
      </trkpt>
      <trkpt lat="42.76557" lon="-109.20996">
        <ele>3254.93</ele>
      </trkpt>
      <trkpt lat="42.76558" lon="-109.20994">
        <ele>3255.47</ele>
      </trkpt>
      <trkpt lat="42.7656" lon="-109.20993">
        <ele>3255.87</ele>
      </trkpt>
      <trkpt lat="42.76561" lon="-109.20992">
        <ele>3256.24</ele>
      </trkpt>
      <trkpt lat="42.76559" lon="-109.20986">
        <ele>3258.42</ele>
      </trkpt>
      <trkpt lat="42.76555" lon="-109.20982">
        <ele>3259.78</ele>
      </trkpt>
      <trkpt lat="42.76551" lon="-109.2098">
        <ele>3260.48</ele>
      </trkpt>
      <trkpt lat="42.76547" lon="-109.20975">
        <ele>3262.1</ele>
      </trkpt>
      <trkpt lat="42.76546" lon="-109.20974">
        <ele>3262.43</ele>
      </trkpt>
      <trkpt lat="42.76541" lon="-109.20968">
        <ele>3264.37</ele>
      </trkpt>
      <trkpt lat="42.76537" lon="-109.20967">
        <ele>3264.69</ele>
      </trkpt>
      <trkpt lat="42.76532" lon="-109.20968">
        <ele>3264.12</ele>
      </trkpt>
      <trkpt lat="42.76527" lon="-109.20967">
        <ele>3264.13</ele>
      </trkpt>
      <trkpt lat="42.76523" lon="-109.20966">
        <ele>3264.34</ele>
      </trkpt>
      <trkpt lat="42.76518" lon="-109.20965">
        <ele>3264.57</ele>
      </trkpt>
      <trkpt lat="42.76514" lon="-109.20963">
        <ele>3264.99</ele>
      </trkpt>
      <trkpt lat="42.76512" lon="-109.20959">
        <ele>3265.55</ele>
      </trkpt>
      <trkpt lat="42.76509" lon="-109.20957">
        <ele>3265.67</ele>
      </trkpt>
      <trkpt lat="42.76507" lon="-109.20954">
        <ele>3266.21</ele>
      </trkpt>
      <trkpt lat="42.76502" lon="-109.20953">
        <ele>3266.88</ele>
      </trkpt>
      <trkpt lat="42.76498" lon="-109.20952">
        <ele>3267.62</ele>
      </trkpt>
      <trkpt lat="42.76494" lon="-109.20948">
        <ele>3268.91</ele>
      </trkpt>
      <trkpt lat="42.76493" lon="-109.20944">
        <ele>3269.57</ele>
      </trkpt>
      <trkpt lat="42.76483" lon="-109.20924">
        <ele>3274.29</ele>
      </trkpt>
      <trkpt lat="42.76482" lon="-109.20918">
        <ele>3275.7</ele>
      </trkpt>
      <trkpt lat="42.7648" lon="-109.20912">
        <ele>3277.01</ele>
      </trkpt>
      <trkpt lat="42.76476" lon="-109.20909">
        <ele>3277.66</ele>
      </trkpt>
      <trkpt lat="42.76472" lon="-109.20906">
        <ele>3278.15</ele>
      </trkpt>
      <trkpt lat="42.7647" lon="-109.20905">
        <ele>3278.26</ele>
      </trkpt>
      <trkpt lat="42.76461" lon="-109.20899">
        <ele>3278.91</ele>
      </trkpt>
      <trkpt lat="42.7646" lon="-109.20893">
        <ele>3280.11</ele>
      </trkpt>
      <trkpt lat="42.76457" lon="-109.20888">
        <ele>3281.29</ele>
      </trkpt>
      <trkpt lat="42.76452" lon="-109.20887">
        <ele>3281.57</ele>
      </trkpt>
      <trkpt lat="42.76447" lon="-109.20889">
        <ele>3280.98</ele>
      </trkpt>
      <trkpt lat="42.76445" lon="-109.2089">
        <ele>3280.76</ele>
      </trkpt>
      <trkpt lat="42.76435" lon="-109.20898">
        <ele>3280.04</ele>
      </trkpt>
      <trkpt lat="42.7643" lon="-109.209">
        <ele>3280.36</ele>
      </trkpt>
      <trkpt lat="42.76426" lon="-109.20902">
        <ele>3280.58</ele>
      </trkpt>
      <trkpt lat="42.76422" lon="-109.20906">
        <ele>3280.58</ele>
      </trkpt>
      <trkpt lat="42.76418" lon="-109.20909">
        <ele>3280.68</ele>
      </trkpt>
      <trkpt lat="42.76414" lon="-109.2091">
        <ele>3281.3</ele>
      </trkpt>
      <trkpt lat="42.76413" lon="-109.2091">
        <ele>3281.51</ele>
      </trkpt>
      <trkpt lat="42.76406" lon="-109.20917">
        <ele>3282.12</ele>
      </trkpt>
      <trkpt lat="42.76401" lon="-109.20919">
        <ele>3282.61</ele>
      </trkpt>
      <trkpt lat="42.76401" lon="-109.20919">
        <ele>3282.61</ele>
      </trkpt>
      <trkpt lat="42.764" lon="-109.20917">
        <ele>3282.79</ele>
      </trkpt>
      <trkpt lat="42.76398" lon="-109.20911">
        <ele>3283.63</ele>
      </trkpt>
      <trkpt lat="42.76398" lon="-109.20909">
        <ele>3283.84</ele>
      </trkpt>
      <trkpt lat="42.76396" lon="-109.20909">
        <ele>3284.06</ele>
      </trkpt>
      <trkpt lat="42.76391" lon="-109.2091">
        <ele>3284.49</ele>
      </trkpt>
      <trkpt lat="42.76386" lon="-109.2091">
        <ele>3284.72</ele>
      </trkpt>
      <trkpt lat="42.76383" lon="-109.20911">
        <ele>3284.61</ele>
      </trkpt>
      <trkpt lat="42.76375" lon="-109.20913">
        <ele>3284.2</ele>
      </trkpt>
      <trkpt lat="42.7637" lon="-109.20915">
        <ele>3283.96</ele>
      </trkpt>
      <trkpt lat="42.76366" lon="-109.20915">
        <ele>3283.53</ele>
      </trkpt>
      <trkpt lat="42.76361" lon="-109.20916">
        <ele>3282.98</ele>
      </trkpt>
      <trkpt lat="42.76357" lon="-109.20915">
        <ele>3282.11</ele>
      </trkpt>
      <trkpt lat="42.76346" lon="-109.20914">
        <ele>3279.1</ele>
      </trkpt>
      <trkpt lat="42.76341" lon="-109.20914">
        <ele>3277.19</ele>
      </trkpt>
      <trkpt lat="42.76337" lon="-109.20915">
        <ele>3275.09</ele>
      </trkpt>
      <trkpt lat="42.76334" lon="-109.20916">
        <ele>3273.43</ele>
      </trkpt>
      <trkpt lat="42.76333" lon="-109.20918">
        <ele>3272.71</ele>
      </trkpt>
      <trkpt lat="42.76332" lon="-109.20918">
        <ele>3272.28</ele>
      </trkpt>
      <trkpt lat="42.7633" lon="-109.20916">
        <ele>3271.63</ele>
      </trkpt>
      <trkpt lat="42.76326" lon="-109.20916">
        <ele>3269.9</ele>
      </trkpt>
      <trkpt lat="42.76321" lon="-109.20914">
        <ele>3267.96</ele>
      </trkpt>
      <trkpt lat="42.76318" lon="-109.20911">
        <ele>3266.99</ele>
      </trkpt>
      <trkpt lat="42.76311" lon="-109.2091">
        <ele>3264.78</ele>
      </trkpt>
      <trkpt lat="42.76307" lon="-109.20906">
        <ele>3264.49</ele>
      </trkpt>
      <trkpt lat="42.76303" lon="-109.20903">
        <ele>3263.78</ele>
      </trkpt>
      <trkpt lat="42.76299" lon="-109.20899">
        <ele>3263.43</ele>
      </trkpt>
      <trkpt lat="42.76296" lon="-109.20897">
        <ele>3263.18</ele>
      </trkpt>
      <trkpt lat="42.76288" lon="-109.20893">
        <ele>3262.32</ele>
      </trkpt>
      <trkpt lat="42.76284" lon="-109.2089">
        <ele>3262.1</ele>
      </trkpt>
      <trkpt lat="42.7628" lon="-109.20888">
        <ele>3261.74</ele>
      </trkpt>
      <trkpt lat="42.76275" lon="-109.20887">
        <ele>3261.25</ele>
      </trkpt>
      <trkpt lat="42.76274" lon="-109.20886">
        <ele>3261.4</ele>
      </trkpt>
      <trkpt lat="42.76269" lon="-109.20883">
        <ele>3261.36</ele>
      </trkpt>
      <trkpt lat="42.76265" lon="-109.20879">
        <ele>3261.76</ele>
      </trkpt>
      <trkpt lat="42.76261" lon="-109.20877">
        <ele>3261.76</ele>
      </trkpt>
      <trkpt lat="42.76256" lon="-109.20877">
        <ele>3261.12</ele>
      </trkpt>
      <trkpt lat="42.76254" lon="-109.20877">
        <ele>3260.84</ele>
      </trkpt>
      <trkpt lat="42.7624" lon="-109.20875">
        <ele>3258.26</ele>
      </trkpt>
      <trkpt lat="42.76236" lon="-109.20872">
        <ele>3257.29</ele>
      </trkpt>
      <trkpt lat="42.76232" lon="-109.20869">
        <ele>3256.46</ele>
      </trkpt>
      <trkpt lat="42.76227" lon="-109.20867">
        <ele>3255.28</ele>
      </trkpt>
      <trkpt lat="42.76222" lon="-109.20867">
        <ele>3253.67</ele>
      </trkpt>
      <trkpt lat="42.76222" lon="-109.20866">
        <ele>3253.88</ele>
      </trkpt>
      <trkpt lat="42.76217" lon="-109.20863">
        <ele>3253.02</ele>
      </trkpt>
      <trkpt lat="42.76213" lon="-109.20859">
        <ele>3252.47</ele>
      </trkpt>
      <trkpt lat="42.76209" lon="-109.20855">
        <ele>3252.04</ele>
      </trkpt>
      <trkpt lat="42.76205" lon="-109.20853">
        <ele>3251.17</ele>
      </trkpt>
      <trkpt lat="42.76204" lon="-109.20853">
        <ele>3250.85</ele>
      </trkpt>
      <trkpt lat="42.76198" lon="-109.20851">
        <ele>3248.72</ele>
      </trkpt>
      <trkpt lat="42.76194" lon="-109.20849">
        <ele>3247.47</ele>
      </trkpt>
      <trkpt lat="42.76189" lon="-109.20847">
        <ele>3246.28</ele>
      </trkpt>
      <trkpt lat="42.76185" lon="-109.20846">
        <ele>3245.2</ele>
      </trkpt>
      <trkpt lat="42.76181" lon="-109.20844">
        <ele>3244.34</ele>
      </trkpt>
      <trkpt lat="42.76174" lon="-109.2084">
        <ele>3242.94</ele>
      </trkpt>
      <trkpt lat="42.7617" lon="-109.20837">
        <ele>3242.29</ele>
      </trkpt>
      <trkpt lat="42.76169" lon="-109.20838">
        <ele>3241.75</ele>
      </trkpt>
      <trkpt lat="42.76168" lon="-109.20841">
        <ele>3240.78</ele>
      </trkpt>
      <trkpt lat="42.76166" lon="-109.20847">
        <ele>3239.31</ele>
      </trkpt>
      <trkpt lat="42.76167" lon="-109.20853">
        <ele>3238.83</ele>
      </trkpt>
      <trkpt lat="42.76169" lon="-109.20859">
        <ele>3238.15</ele>
      </trkpt>
      <trkpt lat="42.76169" lon="-109.20862">
        <ele>3237.66</ele>
      </trkpt>
      <trkpt lat="42.76169" lon="-109.20876">
        <ele>3236.15</ele>
      </trkpt>
      <trkpt lat="42.76168" lon="-109.20878">
        <ele>3235.61</ele>
      </trkpt>
      <trkpt lat="42.76166" lon="-109.20879">
        <ele>3234.92</ele>
      </trkpt>
      <trkpt lat="42.76162" lon="-109.20876">
        <ele>3234.38</ele>
      </trkpt>
      <trkpt lat="42.76158" lon="-109.20873">
        <ele>3233.84</ele>
      </trkpt>
      <trkpt lat="42.76155" lon="-109.20869">
        <ele>3233.37</ele>
      </trkpt>
      <trkpt lat="42.7615" lon="-109.20866">
        <ele>3232.07</ele>
      </trkpt>
      <trkpt lat="42.76147" lon="-109.2087">
        <ele>3230.67</ele>
      </trkpt>
      <trkpt lat="42.76147" lon="-109.2087">
        <ele>3230.67</ele>
      </trkpt>
      <trkpt lat="42.76143" lon="-109.20872">
        <ele>3229.16</ele>
      </trkpt>
      <trkpt lat="42.76138" lon="-109.2087">
        <ele>3227.75</ele>
      </trkpt>
      <trkpt lat="42.76134" lon="-109.20867">
        <ele>3226.78</ele>
      </trkpt>
      <trkpt lat="42.76131" lon="-109.20865">
        <ele>3226.02</ele>
      </trkpt>
      <trkpt lat="42.76127" lon="-109.20853">
        <ele>3226.02</ele>
      </trkpt>
      <trkpt lat="42.76124" lon="-109.20849">
        <ele>3225.3</ele>
      </trkpt>
      <trkpt lat="42.7612" lon="-109.20845">
        <ele>3223.84</ele>
      </trkpt>
      <trkpt lat="42.76115" lon="-109.20842">
        <ele>3221.74</ele>
      </trkpt>
      <trkpt lat="42.76111" lon="-109.20841">
        <ele>3220.14</ele>
      </trkpt>
      <trkpt lat="42.76107" lon="-109.20842">
        <ele>3218.73</ele>
      </trkpt>
      <trkpt lat="42.76102" lon="-109.20844">
        <ele>3217.05</ele>
      </trkpt>
      <trkpt lat="42.76101" lon="-109.20846">
        <ele>3216.78</ele>
      </trkpt>
      <trkpt lat="42.76101" lon="-109.20847">
        <ele>3216.77</ele>
      </trkpt>
      <trkpt lat="42.76099" lon="-109.20853">
        <ele>3216.04</ele>
      </trkpt>
      <trkpt lat="42.76097" lon="-109.20853">
        <ele>3215.36</ele>
      </trkpt>
      <trkpt lat="42.76097" lon="-109.20853">
        <ele>3215.36</ele>
      </trkpt>
      <trkpt lat="42.76096" lon="-109.20851">
        <ele>3215.16</ele>
      </trkpt>
      <trkpt lat="42.76094" lon="-109.20846">
        <ele>3214.99</ele>
      </trkpt>
      <trkpt lat="42.76092" lon="-109.20845">
        <ele>3214.55</ele>
      </trkpt>
      <trkpt lat="42.76089" lon="-109.20843">
        <ele>3213.79</ele>
      </trkpt>
      <trkpt lat="42.76086" lon="-109.20838">
        <ele>3213.36</ele>
      </trkpt>
      <trkpt lat="42.76081" lon="-109.20836">
        <ele>3211.78</ele>
      </trkpt>
      <trkpt lat="42.76077" lon="-109.20834">
        <ele>3210.24</ele>
      </trkpt>
      <trkpt lat="42.76072" lon="-109.20834">
        <ele>3208.09</ele>
      </trkpt>
      <trkpt lat="42.76068" lon="-109.20835">
        <ele>3206.26</ele>
      </trkpt>
      <trkpt lat="42.76065" lon="-109.20841">
        <ele>3204.27</ele>
      </trkpt>
      <trkpt lat="42.76064" lon="-109.20844">
        <ele>3203.57</ele>
      </trkpt>
      <trkpt lat="42.76065" lon="-109.20852">
        <ele>3203.07</ele>
      </trkpt>
      <trkpt lat="42.76065" lon="-109.20852">
        <ele>3203.07</ele>
      </trkpt>
      <trkpt lat="42.76062" lon="-109.20851">
        <ele>3201.9</ele>
      </trkpt>
      <trkpt lat="42.76058" lon="-109.20849">
        <ele>3200.59</ele>
      </trkpt>
      <trkpt lat="42.76056" lon="-109.20849">
        <ele>3199.79</ele>
      </trkpt>
      <trkpt lat="42.76053" lon="-109.20844">
        <ele>3199.87</ele>
      </trkpt>
      <trkpt lat="42.76051" lon="-109.20844">
        <ele>3199.22</ele>
      </trkpt>
      <trkpt lat="42.76049" lon="-109.20845">
        <ele>3198.36</ele>
      </trkpt>
      <trkpt lat="42.76049" lon="-109.20847">
        <ele>3197.92</ele>
      </trkpt>
      <trkpt lat="42.76049" lon="-109.2085">
        <ele>3197.28</ele>
      </trkpt>
      <trkpt lat="42.76049" lon="-109.20851">
        <ele>3197.06</ele>
      </trkpt>
      <trkpt lat="42.76046" lon="-109.2085">
        <ele>3196.3</ele>
      </trkpt>
      <trkpt lat="42.76042" lon="-109.20848">
        <ele>3195.44</ele>
      </trkpt>
      <trkpt lat="42.76038" lon="-109.20847">
        <ele>3194.36</ele>
      </trkpt>
      <trkpt lat="42.7603" lon="-109.20849">
        <ele>3192.1</ele>
      </trkpt>
      <trkpt lat="42.76026" lon="-109.20851">
        <ele>3190.99</ele>
      </trkpt>
      <trkpt lat="42.76021" lon="-109.20854">
        <ele>3189.63</ele>
      </trkpt>
      <trkpt lat="42.76017" lon="-109.20854">
        <ele>3189.14</ele>
      </trkpt>
      <trkpt lat="42.76012" lon="-109.20853">
        <ele>3188.92</ele>
      </trkpt>
      <trkpt lat="42.76012" lon="-109.20853">
        <ele>3188.92</ele>
      </trkpt>
      <trkpt lat="42.76005" lon="-109.20855">
        <ele>3187.52</ele>
      </trkpt>
      <trkpt lat="42.76001" lon="-109.20855">
        <ele>3187.09</ele>
      </trkpt>
      <trkpt lat="42.75996" lon="-109.20853">
        <ele>3187.63</ele>
      </trkpt>
      <trkpt lat="42.75994" lon="-109.20853">
        <ele>3187.63</ele>
      </trkpt>
      <trkpt lat="42.75989" lon="-109.20858">
        <ele>3185.82</ele>
      </trkpt>
      <trkpt lat="42.75989" lon="-109.20865">
        <ele>3183.63</ele>
      </trkpt>
      <trkpt lat="42.75989" lon="-109.20871">
        <ele>3181.85</ele>
      </trkpt>
      <trkpt lat="42.7599" lon="-109.20877">
        <ele>3180.51</ele>
      </trkpt>
      <trkpt lat="42.75993" lon="-109.20882">
        <ele>3179.49</ele>
      </trkpt>
      <trkpt lat="42.75993" lon="-109.20887">
        <ele>3178.41</ele>
      </trkpt>
      <trkpt lat="42.75982" lon="-109.20902">
        <ele>3174.17</ele>
      </trkpt>
      <trkpt lat="42.75978" lon="-109.20904">
        <ele>3173.36</ele>
      </trkpt>
      <trkpt lat="42.75974" lon="-109.20907">
        <ele>3172.28</ele>
      </trkpt>
      <trkpt lat="42.75969" lon="-109.20908">
        <ele>3171.55</ele>
      </trkpt>
      <trkpt lat="42.75964" lon="-109.20908">
        <ele>3171.04</ele>
      </trkpt>
      <trkpt lat="42.75962" lon="-109.20908">
        <ele>3170.93</ele>
      </trkpt>
      <trkpt lat="42.75958" lon="-109.20918">
        <ele>3169.25</ele>
      </trkpt>
      <trkpt lat="42.75954" lon="-109.20922">
        <ele>3168.44</ele>
      </trkpt>
      <trkpt lat="42.75949" lon="-109.20923">
        <ele>3167.81</ele>
      </trkpt>
      <trkpt lat="42.75945" lon="-109.20921">
        <ele>3167.59</ele>
      </trkpt>
      <trkpt lat="42.75944" lon="-109.2092">
        <ele>3167.62</ele>
      </trkpt>
      <trkpt lat="42.75936" lon="-109.2092">
        <ele>3167.31</ele>
      </trkpt>
      <trkpt lat="42.75931" lon="-109.2092">
        <ele>3166.99</ele>
      </trkpt>
      <trkpt lat="42.75927" lon="-109.20919">
        <ele>3166.83</ele>
      </trkpt>
      <trkpt lat="42.75922" lon="-109.20919">
        <ele>3166.64</ele>
      </trkpt>
      <trkpt lat="42.75917" lon="-109.20919">
        <ele>3166.51</ele>
      </trkpt>
      <trkpt lat="42.75912" lon="-109.20919">
        <ele>3165.62</ele>
      </trkpt>
      <trkpt lat="42.75911" lon="-109.20918">
        <ele>3165.58</ele>
      </trkpt>
      <trkpt lat="42.75908" lon="-109.20914">
        <ele>3165.69</ele>
      </trkpt>
      <trkpt lat="42.75903" lon="-109.20914">
        <ele>3165.1</ele>
      </trkpt>
      <trkpt lat="42.75899" lon="-109.20915">
        <ele>3164.45</ele>
      </trkpt>
      <trkpt lat="42.75894" lon="-109.20915">
        <ele>3163.91</ele>
      </trkpt>
      <trkpt lat="42.7589" lon="-109.20918">
        <ele>3162.83</ele>
      </trkpt>
      <trkpt lat="42.75886" lon="-109.20922">
        <ele>3161.54</ele>
      </trkpt>
      <trkpt lat="42.75885" lon="-109.20923">
        <ele>3161.21</ele>
      </trkpt>
      <trkpt lat="42.7588" lon="-109.20923">
        <ele>3160.67</ele>
      </trkpt>
      <trkpt lat="42.75875" lon="-109.20926">
        <ele>3159.98</ele>
      </trkpt>
      <trkpt lat="42.7587" lon="-109.20926">
        <ele>3159.94</ele>
      </trkpt>
      <trkpt lat="42.75866" lon="-109.20925">
        <ele>3159.63</ele>
      </trkpt>
      <trkpt lat="42.75858" lon="-109.2093">
        <ele>3157.78</ele>
      </trkpt>
      <trkpt lat="42.75853" lon="-109.20931">
        <ele>3157.03</ele>
      </trkpt>
      <trkpt lat="42.75848" lon="-109.20931">
        <ele>3155.66</ele>
      </trkpt>
      <trkpt lat="42.75843" lon="-109.2093">
        <ele>3154.25</ele>
      </trkpt>
      <trkpt lat="42.7584" lon="-109.20929">
        <ele>3153.59</ele>
      </trkpt>
      <trkpt lat="42.75832" lon="-109.20927">
        <ele>3151.58</ele>
      </trkpt>
      <trkpt lat="42.75827" lon="-109.20927">
        <ele>3150.44</ele>
      </trkpt>
      <trkpt lat="42.7582" lon="-109.20927">
        <ele>3148.94</ele>
      </trkpt>
      <trkpt lat="42.75818" lon="-109.20926">
        <ele>3148.68</ele>
      </trkpt>
      <trkpt lat="42.75812" lon="-109.20925">
        <ele>3147.8</ele>
      </trkpt>
      <trkpt lat="42.75808" lon="-109.20922">
        <ele>3147.69</ele>
      </trkpt>
      <trkpt lat="42.75803" lon="-109.2092">
        <ele>3147.09</ele>
      </trkpt>
      <trkpt lat="42.75799" lon="-109.20916">
        <ele>3146.66</ele>
      </trkpt>
      <trkpt lat="42.75795" lon="-109.20913">
        <ele>3146.26</ele>
      </trkpt>
      <trkpt lat="42.75791" lon="-109.20911">
        <ele>3146.04</ele>
      </trkpt>
      <trkpt lat="42.75787" lon="-109.20914">
        <ele>3145.28</ele>
      </trkpt>
      <trkpt lat="42.75783" lon="-109.20918">
        <ele>3144.05</ele>
      </trkpt>
      <trkpt lat="42.75783" lon="-109.20918">
        <ele>3144.05</ele>
      </trkpt>
      <trkpt lat="42.75773" lon="-109.20922">
        <ele>3142.48</ele>
      </trkpt>
      <trkpt lat="42.75768" lon="-109.20922">
        <ele>3141.94</ele>
      </trkpt>
      <trkpt lat="42.75763" lon="-109.2092">
        <ele>3141.4</ele>
      </trkpt>
      <trkpt lat="42.75759" lon="-109.20917">
        <ele>3140.95</ele>
      </trkpt>
      <trkpt lat="42.75756" lon="-109.20912">
        <ele>3140.3</ele>
      </trkpt>
      <trkpt lat="42.75756" lon="-109.20912">
        <ele>3140.3</ele>
      </trkpt>
      <trkpt lat="42.75754" lon="-109.20908">
        <ele>3139.86</ele>
      </trkpt>
      <trkpt lat="42.75748" lon="-109.20903">
        <ele>3139.16</ele>
      </trkpt>
      <trkpt lat="42.75745" lon="-109.20893">
        <ele>3138.92</ele>
      </trkpt>
      <trkpt lat="42.75744" lon="-109.20889">
        <ele>3138.7</ele>
      </trkpt>
      <trkpt lat="42.75742" lon="-109.20893">
        <ele>3138.27</ele>
      </trkpt>
      <trkpt lat="42.75735" lon="-109.209">
        <ele>3137.38</ele>
      </trkpt>
      <trkpt lat="42.75726" lon="-109.209">
        <ele>3136.41</ele>
      </trkpt>
      <trkpt lat="42.75727" lon="-109.2089">
        <ele>3135.64</ele>
      </trkpt>
      <trkpt lat="42.75729" lon="-109.20877">
        <ele>3135.18</ele>
      </trkpt>
      <trkpt lat="42.75732" lon="-109.20873">
        <ele>3135.44</ele>
      </trkpt>
      <trkpt lat="42.75734" lon="-109.20868">
        <ele>3135.82</ele>
      </trkpt>
      <trkpt lat="42.75736" lon="-109.20862">
        <ele>3136.46</ele>
      </trkpt>
      <trkpt lat="42.75734" lon="-109.20856">
        <ele>3135.41</ele>
      </trkpt>
      <trkpt lat="42.7573" lon="-109.20853">
        <ele>3133.64</ele>
      </trkpt>
      <trkpt lat="42.7573" lon="-109.20853">
        <ele>3133.64</ele>
      </trkpt>
      <trkpt lat="42.75725" lon="-109.20857">
        <ele>3132.46</ele>
      </trkpt>
      <trkpt lat="42.7572" lon="-109.20854">
        <ele>3130.57</ele>
      </trkpt>
      <trkpt lat="42.75715" lon="-109.20854">
        <ele>3129.07</ele>
      </trkpt>
      <trkpt lat="42.75713" lon="-109.20854">
        <ele>3128.48</ele>
      </trkpt>
      <trkpt lat="42.7571" lon="-109.20849">
        <ele>3126.33</ele>
      </trkpt>
      <trkpt lat="42.75706" lon="-109.20845">
        <ele>3123.71</ele>
      </trkpt>
      <trkpt lat="42.75704" lon="-109.20843">
        <ele>3122.26</ele>
      </trkpt>
      <trkpt lat="42.757" lon="-109.2084">
        <ele>3120.42</ele>
      </trkpt>
      <trkpt lat="42.75696" lon="-109.20836">
        <ele>3117.73</ele>
      </trkpt>
      <trkpt lat="42.75692" lon="-109.20833">
        <ele>3115.36</ele>
      </trkpt>
      <trkpt lat="42.75688" lon="-109.20829">
        <ele>3113.2</ele>
      </trkpt>
      <trkpt lat="42.75684" lon="-109.20826">
        <ele>3111.37</ele>
      </trkpt>
      <trkpt lat="42.75679" lon="-109.20828">
        <ele>3110.94</ele>
      </trkpt>
      <trkpt lat="42.75676" lon="-109.20832">
        <ele>3111.58</ele>
      </trkpt>
      <trkpt lat="42.75673" lon="-109.20833">
        <ele>3111.58</ele>
      </trkpt>
      <trkpt lat="42.75668" lon="-109.20834">
        <ele>3111.5</ele>
      </trkpt>
      <trkpt lat="42.75663" lon="-109.20835">
        <ele>3111.5</ele>
      </trkpt>
      <trkpt lat="42.75658" lon="-109.20836">
        <ele>3111.5</ele>
      </trkpt>
      <trkpt lat="42.75653" lon="-109.20835">
        <ele>3110.81</ele>
      </trkpt>
      <trkpt lat="42.75648" lon="-109.20835">
        <ele>3110.71</ele>
      </trkpt>
      <trkpt lat="42.75648" lon="-109.20835">
        <ele>3110.71</ele>
      </trkpt>
      <trkpt lat="42.75647" lon="-109.20831">
        <ele>3108.9</ele>
      </trkpt>
      <trkpt lat="42.75651" lon="-109.20827">
        <ele>3107.47</ele>
      </trkpt>
      <trkpt lat="42.75655" lon="-109.20823">
        <ele>3106.48</ele>
      </trkpt>
      <trkpt lat="42.75659" lon="-109.20818">
        <ele>3105.86</ele>
      </trkpt>
      <trkpt lat="42.75662" lon="-109.20813">
        <ele>3104.91</ele>
      </trkpt>
      <trkpt lat="42.75664" lon="-109.20807">
        <ele>3103.18</ele>
      </trkpt>
      <trkpt lat="42.75664" lon="-109.20801">
        <ele>3101.73</ele>
      </trkpt>
      <trkpt lat="42.75664" lon="-109.20797">
        <ele>3100.86</ele>
      </trkpt>
      <trkpt lat="42.75669" lon="-109.20789">
        <ele>3099.48</ele>
      </trkpt>
      <trkpt lat="42.75668" lon="-109.20783">
        <ele>3097.75</ele>
      </trkpt>
      <trkpt lat="42.75669" lon="-109.20776">
        <ele>3095.68</ele>
      </trkpt>
      <trkpt lat="42.75673" lon="-109.20772">
        <ele>3094.81</ele>
      </trkpt>
      <trkpt lat="42.75674" lon="-109.20771">
        <ele>3094.6</ele>
      </trkpt>
      <trkpt lat="42.75679" lon="-109.20767">
        <ele>3093.51</ele>
      </trkpt>
      <trkpt lat="42.75683" lon="-109.20769">
        <ele>3094.16</ele>
      </trkpt>
      <trkpt lat="42.75683" lon="-109.20769">
        <ele>3094.16</ele>
      </trkpt>
      <trkpt lat="42.75693" lon="-109.20769">
        <ele>3094.2</ele>
      </trkpt>
      <trkpt lat="42.75697" lon="-109.20767">
        <ele>3093.74</ele>
      </trkpt>
      <trkpt lat="42.757" lon="-109.20763">
        <ele>3092.45</ele>
      </trkpt>
      <trkpt lat="42.757" lon="-109.20761">
        <ele>3091.68</ele>
      </trkpt>
      <trkpt lat="42.75696" lon="-109.20757">
        <ele>3090.27</ele>
      </trkpt>
      <trkpt lat="42.75693" lon="-109.20752">
        <ele>3088.65</ele>
      </trkpt>
      <trkpt lat="42.7569" lon="-109.20748">
        <ele>3087.35</ele>
      </trkpt>
      <trkpt lat="42.75687" lon="-109.20747">
        <ele>3087.03</ele>
      </trkpt>
      <trkpt lat="42.75688" lon="-109.20744">
        <ele>3086.06</ele>
      </trkpt>
      <trkpt lat="42.75692" lon="-109.20742">
        <ele>3085.41</ele>
      </trkpt>
      <trkpt lat="42.75696" lon="-109.20739">
        <ele>3084.62</ele>
      </trkpt>
      <trkpt lat="42.75701" lon="-109.20737">
        <ele>3084.19</ele>
      </trkpt>
      <trkpt lat="42.75706" lon="-109.20737">
        <ele>3084.29</ele>
      </trkpt>
      <trkpt lat="42.75706" lon="-109.20737">
        <ele>3084.29</ele>
      </trkpt>
      <trkpt lat="42.75712" lon="-109.20736">
        <ele>3084.43</ele>
      </trkpt>
      <trkpt lat="42.75715" lon="-109.20731">
        <ele>3083.91</ele>
      </trkpt>
      <trkpt lat="42.75719" lon="-109.20728">
        <ele>3083.49</ele>
      </trkpt>
      <trkpt lat="42.75722" lon="-109.20726">
        <ele>3083.39</ele>
      </trkpt>
      <trkpt lat="42.75725" lon="-109.20717">
        <ele>3082.74</ele>
      </trkpt>
      <trkpt lat="42.75728" lon="-109.20712">
        <ele>3082.62</ele>
      </trkpt>
      <trkpt lat="42.7573" lon="-109.20706">
        <ele>3082.84</ele>
      </trkpt>
      <trkpt lat="42.7573" lon="-109.20703">
        <ele>3082.78</ele>
      </trkpt>
      <trkpt lat="42.75735" lon="-109.20702">
        <ele>3083.2</ele>
      </trkpt>
      <trkpt lat="42.75738" lon="-109.20698">
        <ele>3083.09</ele>
      </trkpt>
      <trkpt lat="42.75741" lon="-109.20693">
        <ele>3083.03</ele>
      </trkpt>
      <trkpt lat="42.75746" lon="-109.20691">
        <ele>3083.57</ele>
      </trkpt>
      <trkpt lat="42.75747" lon="-109.2069">
        <ele>3083.68</ele>
      </trkpt>
      <trkpt lat="42.7575" lon="-109.20683">
        <ele>3084.0</ele>
      </trkpt>
      <trkpt lat="42.75751" lon="-109.20677">
        <ele>3084.01</ele>
      </trkpt>
      <trkpt lat="42.7575" lon="-109.2067">
        <ele>3084.0</ele>
      </trkpt>
      <trkpt lat="42.75749" lon="-109.20664">
        <ele>3083.89</ele>
      </trkpt>
      <trkpt lat="42.75747" lon="-109.20659">
        <ele>3083.68</ele>
      </trkpt>
      <trkpt lat="42.75744" lon="-109.20653">
        <ele>3083.66</ele>
      </trkpt>
      <trkpt lat="42.75742" lon="-109.20649">
        <ele>3083.92</ele>
      </trkpt>
      <trkpt lat="42.75736" lon="-109.20642">
        <ele>3083.83</ele>
      </trkpt>
      <trkpt lat="42.75733" lon="-109.20637">
        <ele>3084.0</ele>
      </trkpt>
      <trkpt lat="42.7573" lon="-109.20632">
        <ele>3083.96</ele>
      </trkpt>
      <trkpt lat="42.75728" lon="-109.20626">
        <ele>3084.24</ele>
      </trkpt>
      <trkpt lat="42.75725" lon="-109.20621">
        <ele>3084.28</ele>
      </trkpt>
      <trkpt lat="42.75721" lon="-109.20618">
        <ele>3084.26</ele>
      </trkpt>
      <trkpt lat="42.75717" lon="-109.20617">
        <ele>3084.36</ele>
      </trkpt>
      <trkpt lat="42.75715" lon="-109.20616">
        <ele>3084.47</ele>
      </trkpt>
      <trkpt lat="42.75703" lon="-109.2061">
        <ele>3084.11</ele>
      </trkpt>
      <trkpt lat="42.75699" lon="-109.20607">
        <ele>3084.22</ele>
      </trkpt>
      <trkpt lat="42.75695" lon="-109.20602">
        <ele>3084.06</ele>
      </trkpt>
      <trkpt lat="42.75691" lon="-109.206">
        <ele>3084.2</ele>
      </trkpt>
      <trkpt lat="42.75686" lon="-109.20599">
        <ele>3084.31</ele>
      </trkpt>
      <trkpt lat="42.75682" lon="-109.20596">
        <ele>3084.29</ele>
      </trkpt>
      <trkpt lat="42.75679" lon="-109.20591">
        <ele>3084.5</ele>
      </trkpt>
      <trkpt lat="42.75677" lon="-109.20588">
        <ele>3084.61</ele>
      </trkpt>
      <trkpt lat="42.75671" lon="-109.20583">
        <ele>3084.5</ele>
      </trkpt>
      <trkpt lat="42.75668" lon="-109.20579">
        <ele>3084.61</ele>
      </trkpt>
      <trkpt lat="42.75665" lon="-109.20574">
        <ele>3085.02</ele>
      </trkpt>
      <trkpt lat="42.75661" lon="-109.20569">
        <ele>3086.31</ele>
      </trkpt>
      <trkpt lat="42.75657" lon="-109.20567">
        <ele>3086.53</ele>
      </trkpt>
      <trkpt lat="42.75652" lon="-109.20564">
        <ele>3087.26</ele>
      </trkpt>
      <trkpt lat="42.7565" lon="-109.20562">
        <ele>3087.91</ele>
      </trkpt>
      <trkpt lat="42.75642" lon="-109.20559">
        <ele>3088.88</ele>
      </trkpt>
      <trkpt lat="42.75637" lon="-109.20557">
        <ele>3089.53</ele>
      </trkpt>
      <trkpt lat="42.75633" lon="-109.20555">
        <ele>3090.24</ele>
      </trkpt>
      <trkpt lat="42.75628" lon="-109.20556">
        <ele>3090.02</ele>
      </trkpt>
      <trkpt lat="42.75624" lon="-109.2056">
        <ele>3088.88</ele>
      </trkpt>
      <trkpt lat="42.75623" lon="-109.20561">
        <ele>3088.53</ele>
      </trkpt>
      <trkpt lat="42.7562" lon="-109.2056">
        <ele>3089.08</ele>
      </trkpt>
      <trkpt lat="42.75617" lon="-109.20555">
        <ele>3091.24</ele>
      </trkpt>
      <trkpt lat="42.75612" lon="-109.20553">
        <ele>3092.1</ele>
      </trkpt>
      <trkpt lat="42.75607" lon="-109.20551">
        <ele>3093.19</ele>
      </trkpt>
      <trkpt lat="42.75604" lon="-109.20547">
        <ele>3095.41</ele>
      </trkpt>
      <trkpt lat="42.75603" lon="-109.20546">
        <ele>3096.01</ele>
      </trkpt>
      <trkpt lat="42.75596" lon="-109.2054">
        <ele>3098.72</ele>
      </trkpt>
      <trkpt lat="42.75592" lon="-109.20537">
        <ele>3100.01</ele>
      </trkpt>
      <trkpt lat="42.75588" lon="-109.20536">
        <ele>3100.39</ele>
      </trkpt>
      <trkpt lat="42.75583" lon="-109.20534">
        <ele>3101.31</ele>
      </trkpt>
      <trkpt lat="42.75581" lon="-109.20535">
        <ele>3100.88</ele>
      </trkpt>
      <trkpt lat="42.7558" lon="-109.20537">
        <ele>3100.02</ele>
      </trkpt>
      <trkpt lat="42.7558" lon="-109.20538">
        <ele>3099.58</ele>
      </trkpt>
      <trkpt lat="42.7558" lon="-109.20542">
        <ele>3097.86</ele>
      </trkpt>
      <trkpt lat="42.75575" lon="-109.20544">
        <ele>3096.99</ele>
      </trkpt>
      <trkpt lat="42.7557" lon="-109.20542">
        <ele>3097.62</ele>
      </trkpt>
      <trkpt lat="42.75567" lon="-109.20541">
        <ele>3097.96</ele>
      </trkpt>
      <trkpt lat="42.75558" lon="-109.20541">
        <ele>3097.86</ele>
      </trkpt>
      <trkpt lat="42.75555" lon="-109.20537">
        <ele>3099.95</ele>
      </trkpt>
      <trkpt lat="42.75552" lon="-109.20532">
        <ele>3101.46</ele>
      </trkpt>
      <trkpt lat="42.75548" lon="-109.20528">
        <ele>3102.91</ele>
      </trkpt>
      <trkpt lat="42.75544" lon="-109.20527">
        <ele>3103.11</ele>
      </trkpt>
      <trkpt lat="42.7554" lon="-109.20527">
        <ele>3102.71</ele>
      </trkpt>
      <trkpt lat="42.75535" lon="-109.20527">
        <ele>3102.4</ele>
      </trkpt>
      <trkpt lat="42.75531" lon="-109.20526">
        <ele>3102.83</ele>
      </trkpt>
      <trkpt lat="42.75526" lon="-109.20524">
        <ele>3103.52</ele>
      </trkpt>
      <trkpt lat="42.75522" lon="-109.20521">
        <ele>3104.76</ele>
      </trkpt>
      <trkpt lat="42.75517" lon="-109.20521">
        <ele>3104.5</ele>
      </trkpt>
      <trkpt lat="42.75512" lon="-109.20522">
        <ele>3103.42</ele>
      </trkpt>
      <trkpt lat="42.75512" lon="-109.20522">
        <ele>3103.42</ele>
      </trkpt>
      <trkpt lat="42.75505" lon="-109.20522">
        <ele>3102.83</ele>
      </trkpt>
      <trkpt lat="42.75472" lon="-109.20515">
        <ele>3104.14</ele>
      </trkpt>
      <trkpt lat="42.75468" lon="-109.20514">
        <ele>3104.46</ele>
      </trkpt>
      <trkpt lat="42.75464" lon="-109.20513">
        <ele>3104.79</ele>
      </trkpt>
      <trkpt lat="42.7546" lon="-109.20511">
        <ele>3105.38</ele>
      </trkpt>
      <trkpt lat="42.75458" lon="-109.20505">
        <ele>3107.38</ele>
      </trkpt>
      <trkpt lat="42.75457" lon="-109.20499">
        <ele>3109.25</ele>
      </trkpt>
      <trkpt lat="42.75455" lon="-109.20493">
        <ele>3110.62</ele>
      </trkpt>
      <trkpt lat="42.75453" lon="-109.20491">
        <ele>3110.94</ele>
      </trkpt>
      <trkpt lat="42.75454" lon="-109.20485">
        <ele>3112.89</ele>
      </trkpt>
      <trkpt lat="42.75453" lon="-109.20479">
        <ele>3114.73</ele>
      </trkpt>
      <trkpt lat="42.75457" lon="-109.20475">
        <ele>3116.21</ele>
      </trkpt>
      <trkpt lat="42.7546" lon="-109.20471">
        <ele>3117.35</ele>
      </trkpt>
      <trkpt lat="42.75461" lon="-109.20468">
        <ele>3118.27</ele>
      </trkpt>
      <trkpt lat="42.75461" lon="-109.20461">
        <ele>3120.42</ele>
      </trkpt>
      <trkpt lat="42.75462" lon="-109.20458">
        <ele>3121.5</ele>
      </trkpt>
      <trkpt lat="42.75465" lon="-109.20455">
        <ele>3122.8</ele>
      </trkpt>
      <trkpt lat="42.75462" lon="-109.2045">
        <ele>3124.1</ele>
      </trkpt>
      <trkpt lat="42.75458" lon="-109.20448">
        <ele>3124.31</ele>
      </trkpt>
      <trkpt lat="42.75453" lon="-109.20447">
        <ele>3124.1</ele>
      </trkpt>
      <trkpt lat="42.75453" lon="-109.20447">
        <ele>3124.1</ele>
      </trkpt>
      <trkpt lat="42.75446" lon="-109.20438">
        <ele>3126.26</ele>
      </trkpt>
      <trkpt lat="42.75442" lon="-109.20435">
        <ele>3126.8</ele>
      </trkpt>
      <trkpt lat="42.75438" lon="-109.20434">
        <ele>3126.69</ele>
      </trkpt>
      <trkpt lat="42.75433" lon="-109.20436">
        <ele>3125.52</ele>
      </trkpt>
      <trkpt lat="42.7543" lon="-109.20437">
        <ele>3124.96</ele>
      </trkpt>
      <trkpt lat="42.75424" lon="-109.20437">
        <ele>3124.57</ele>
      </trkpt>
      <trkpt lat="42.7542" lon="-109.20433">
        <ele>3125.71</ele>
      </trkpt>
      <trkpt lat="42.75416" lon="-109.20431">
        <ele>3126.28</ele>
      </trkpt>
      <trkpt lat="42.75411" lon="-109.2043">
        <ele>3126.07</ele>
      </trkpt>
      <trkpt lat="42.75406" lon="-109.20431">
        <ele>3125.2</ele>
      </trkpt>
      <trkpt lat="42.75403" lon="-109.20431">
        <ele>3124.88</ele>
      </trkpt>
      <trkpt lat="42.75395" lon="-109.20429">
        <ele>3125.0</ele>
      </trkpt>
      <trkpt lat="42.7539" lon="-109.20428">
        <ele>3125.33</ele>
      </trkpt>
      <trkpt lat="42.75385" lon="-109.20427">
        <ele>3125.23</ele>
      </trkpt>
      <trkpt lat="42.7538" lon="-109.20427">
        <ele>3124.69</ele>
      </trkpt>
      <trkpt lat="42.75377" lon="-109.20428">
        <ele>3123.76</ele>
      </trkpt>
      <trkpt lat="42.75372" lon="-109.2043">
        <ele>3122.03</ele>
      </trkpt>
      <trkpt lat="42.75367" lon="-109.2043">
        <ele>3121.32</ele>
      </trkpt>
      <trkpt lat="42.75362" lon="-109.20432">
        <ele>3120.13</ele>
      </trkpt>
      <trkpt lat="42.75358" lon="-109.20432">
        <ele>3119.7</ele>
      </trkpt>
      <trkpt lat="42.75353" lon="-109.20431">
        <ele>3119.48</ele>
      </trkpt>
      <trkpt lat="42.75352" lon="-109.20431">
        <ele>3119.37</ele>
      </trkpt>
      <trkpt lat="42.75347" lon="-109.20427">
        <ele>3119.66</ele>
      </trkpt>
      <trkpt lat="42.75343" lon="-109.20424">
        <ele>3119.71</ele>
      </trkpt>
      <trkpt lat="42.75339" lon="-109.20421">
        <ele>3120.0</ele>
      </trkpt>
      <trkpt lat="42.75335" lon="-109.2042">
        <ele>3119.58</ele>
      </trkpt>
      <trkpt lat="42.75327" lon="-109.20421">
        <ele>3118.38</ele>
      </trkpt>
      <trkpt lat="42.75327" lon="-109.2042">
        <ele>3118.6</ele>
      </trkpt>
      <trkpt lat="42.75325" lon="-109.20417">
        <ele>3119.03</ele>
      </trkpt>
      <trkpt lat="42.75325" lon="-109.20411">
        <ele>3120.39</ele>
      </trkpt>
      <trkpt lat="42.75324" lon="-109.20405">
        <ele>3121.76</ele>
      </trkpt>
      <trkpt lat="42.7532" lon="-109.20401">
        <ele>3122.2</ele>
      </trkpt>
      <trkpt lat="42.75316" lon="-109.20403">
        <ele>3120.68</ele>
      </trkpt>
      <trkpt lat="42.75314" lon="-109.20409">
        <ele>3118.48</ele>
      </trkpt>
      <trkpt lat="42.75314" lon="-109.20415">
        <ele>3117.18</ele>
      </trkpt>
      <trkpt lat="42.75313" lon="-109.20422">
        <ele>3115.46</ele>
      </trkpt>
      <trkpt lat="42.75311" lon="-109.20423">
        <ele>3114.81</ele>
      </trkpt>
      <trkpt lat="42.75305" lon="-109.20419">
        <ele>3114.38</ele>
      </trkpt>
      <trkpt lat="42.75303" lon="-109.20414">
        <ele>3115.02</ele>
      </trkpt>
      <trkpt lat="42.753" lon="-109.20408">
        <ele>3115.67</ele>
      </trkpt>
      <trkpt lat="42.75296" lon="-109.20405">
        <ele>3115.71</ele>
      </trkpt>
      <trkpt lat="42.75292" lon="-109.20403">
        <ele>3115.28</ele>
      </trkpt>
      <trkpt lat="42.7529" lon="-109.20403">
        <ele>3114.74</ele>
      </trkpt>
      <trkpt lat="42.75279" lon="-109.20397">
        <ele>3112.77</ele>
      </trkpt>
      <trkpt lat="42.75274" lon="-109.20395">
        <ele>3112.07</ele>
      </trkpt>
      <trkpt lat="42.7527" lon="-109.20397">
        <ele>3110.59</ele>
      </trkpt>
      <trkpt lat="42.75266" lon="-109.204">
        <ele>3109.11</ele>
      </trkpt>
      <trkpt lat="42.75261" lon="-109.20402">
        <ele>3107.88</ele>
      </trkpt>
      <trkpt lat="42.75256" lon="-109.20402">
        <ele>3107.23</ele>
      </trkpt>
      <trkpt lat="42.75256" lon="-109.20402">
        <ele>3107.23</ele>
      </trkpt>
      <trkpt lat="42.75248" lon="-109.204">
        <ele>3106.71</ele>
      </trkpt>
      <trkpt lat="42.75243" lon="-109.20401">
        <ele>3106.23</ele>
      </trkpt>
      <trkpt lat="42.75239" lon="-109.20403">
        <ele>3105.24</ele>
      </trkpt>
      <trkpt lat="42.75234" lon="-109.20404">
        <ele>3104.38</ele>
      </trkpt>
      <trkpt lat="42.75234" lon="-109.20404">
        <ele>3104.38</ele>
      </trkpt>
      <trkpt lat="42.75226" lon="-109.20408">
        <ele>3102.22</ele>
      </trkpt>
      <trkpt lat="42.75222" lon="-109.20408">
        <ele>3101.81</ele>
      </trkpt>
      <trkpt lat="42.75217" lon="-109.20406">
        <ele>3102.46</ele>
      </trkpt>
      <trkpt lat="42.75213" lon="-109.20405">
        <ele>3102.78</ele>
      </trkpt>
      <trkpt lat="42.75208" lon="-109.20406">
        <ele>3102.0</ele>
      </trkpt>
      <trkpt lat="42.75203" lon="-109.20408">
        <ele>3100.94</ele>
      </trkpt>
      <trkpt lat="42.75198" lon="-109.20409">
        <ele>3101.17</ele>
      </trkpt>
      <trkpt lat="42.75198" lon="-109.20409">
        <ele>3101.17</ele>
      </trkpt>
      <trkpt lat="42.7519" lon="-109.20414">
        <ele>3099.86</ele>
      </trkpt>
      <trkpt lat="42.75185" lon="-109.20414">
        <ele>3099.86</ele>
      </trkpt>
      <trkpt lat="42.75179" lon="-109.20414">
        <ele>3099.67</ele>
      </trkpt>
      <trkpt lat="42.75174" lon="-109.20414">
        <ele>3099.37</ele>
      </trkpt>
      <trkpt lat="42.75171" lon="-109.20414">
        <ele>3099.04</ele>
      </trkpt>
      <trkpt lat="42.75159" lon="-109.20412">
        <ele>3097.77</ele>
      </trkpt>
      <trkpt lat="42.75155" lon="-109.20411">
        <ele>3097.58</ele>
      </trkpt>
      <trkpt lat="42.7515" lon="-109.20412">
        <ele>3096.71</ele>
      </trkpt>
      <trkpt lat="42.75145" lon="-109.20412">
        <ele>3096.17</ele>
      </trkpt>
      <trkpt lat="42.75142" lon="-109.20411">
        <ele>3096.17</ele>
      </trkpt>
      <trkpt lat="42.75139" lon="-109.20404">
        <ele>3098.12</ele>
      </trkpt>
      <trkpt lat="42.75137" lon="-109.20404">
        <ele>3097.9</ele>
      </trkpt>
      <trkpt lat="42.75131" lon="-109.20402">
        <ele>3097.9</ele>
      </trkpt>
      <trkpt lat="42.75126" lon="-109.20401">
        <ele>3098.08</ele>
      </trkpt>
      <trkpt lat="42.75121" lon="-109.20398">
        <ele>3099.05</ele>
      </trkpt>
      <trkpt lat="42.75116" lon="-109.20395">
        <ele>3099.55</ele>
      </trkpt>
      <trkpt lat="42.75113" lon="-109.20394">
        <ele>3099.55</ele>
      </trkpt>
      <trkpt lat="42.75105" lon="-109.20392">
        <ele>3099.99</ele>
      </trkpt>
      <trkpt lat="42.75101" lon="-109.20395">
        <ele>3099.02</ele>
      </trkpt>
      <trkpt lat="42.75096" lon="-109.20398">
        <ele>3098.05</ele>
      </trkpt>
      <trkpt lat="42.75092" lon="-109.20401">
        <ele>3097.43</ele>
      </trkpt>
      <trkpt lat="42.75089" lon="-109.20406">
        <ele>3096.36</ele>
      </trkpt>
      <trkpt lat="42.75085" lon="-109.20407">
        <ele>3096.12</ele>
      </trkpt>
      <trkpt lat="42.7508" lon="-109.20408">
        <ele>3095.81</ele>
      </trkpt>
      <trkpt lat="42.75076" lon="-109.20408">
        <ele>3095.81</ele>
      </trkpt>
      <trkpt lat="42.75063" lon="-109.20405">
        <ele>3097.78</ele>
      </trkpt>
      <trkpt lat="42.75062" lon="-109.20405">
        <ele>3097.78</ele>
      </trkpt>
      <trkpt lat="42.7506" lon="-109.20405">
        <ele>3097.78</ele>
      </trkpt>
      <trkpt lat="42.75059" lon="-109.20407">
        <ele>3097.13</ele>
      </trkpt>
      <trkpt lat="42.75058" lon="-109.20411">
        <ele>3095.45</ele>
      </trkpt>
      <trkpt lat="42.75056" lon="-109.20417">
        <ele>3092.86</ele>
      </trkpt>
      <trkpt lat="42.75052" lon="-109.2042">
        <ele>3091.56</ele>
      </trkpt>
      <trkpt lat="42.75048" lon="-109.20424">
        <ele>3089.83</ele>
      </trkpt>
      <trkpt lat="42.75048" lon="-109.20424">
        <ele>3089.83</ele>
      </trkpt>
      <trkpt lat="42.75042" lon="-109.20428">
        <ele>3088.22</ele>
      </trkpt>
      <trkpt lat="42.75038" lon="-109.2043">
        <ele>3087.29</ele>
      </trkpt>
      <trkpt lat="42.75033" lon="-109.20432">
        <ele>3086.23</ele>
      </trkpt>
      <trkpt lat="42.75028" lon="-109.20432">
        <ele>3086.04</ele>
      </trkpt>
      <trkpt lat="42.75024" lon="-109.20431">
        <ele>3086.13</ele>
      </trkpt>
      <trkpt lat="42.75019" lon="-109.20429">
        <ele>3086.69</ele>
      </trkpt>
      <trkpt lat="42.75018" lon="-109.20428">
        <ele>3087.1</ele>
      </trkpt>
      <trkpt lat="42.75008" lon="-109.20426">
        <ele>3087.83</ele>
      </trkpt>
      <trkpt lat="42.75003" lon="-109.20427">
        <ele>3086.86</ele>
      </trkpt>
      <trkpt lat="42.74998" lon="-109.20427">
        <ele>3086.32</ele>
      </trkpt>
      <trkpt lat="42.74995" lon="-109.20428">
        <ele>3085.56</ele>
      </trkpt>
      <trkpt lat="42.74994" lon="-109.2043">
        <ele>3084.59</ele>
      </trkpt>
      <trkpt lat="42.74991" lon="-109.20435">
        <ele>3082.11</ele>
      </trkpt>
      <trkpt lat="42.74987" lon="-109.20439">
        <ele>3080.36</ele>
      </trkpt>
      <trkpt lat="42.74986" lon="-109.2044">
        <ele>3079.93</ele>
      </trkpt>
      <trkpt lat="42.74984" lon="-109.20445">
        <ele>3078.09</ele>
      </trkpt>
      <trkpt lat="42.7498" lon="-109.20446">
        <ele>3077.36</ele>
      </trkpt>
      <trkpt lat="42.74978" lon="-109.20447">
        <ele>3076.9</ele>
      </trkpt>
      <trkpt lat="42.74977" lon="-109.20452">
        <ele>3075.46</ele>
      </trkpt>
      <trkpt lat="42.74979" lon="-109.20458">
        <ele>3073.95</ele>
      </trkpt>
      <trkpt lat="42.74984" lon="-109.2046">
        <ele>3073.73</ele>
      </trkpt>
      <trkpt lat="42.74988" lon="-109.20462">
        <ele>3073.28</ele>
      </trkpt>
      <trkpt lat="42.74991" lon="-109.20467">
        <ele>3072.58</ele>
      </trkpt>
      <trkpt lat="42.74991" lon="-109.20469">
        <ele>3072.36</ele>
      </trkpt>
      <trkpt lat="42.74996" lon="-109.20474">
        <ele>3071.73</ele>
      </trkpt>
      <trkpt lat="42.75001" lon="-109.20476">
        <ele>3071.66</ele>
      </trkpt>
      <trkpt lat="42.75006" lon="-109.20477">
        <ele>3071.8</ele>
      </trkpt>
      <trkpt lat="42.7501" lon="-109.20479">
        <ele>3071.54</ele>
      </trkpt>
      <trkpt lat="42.75015" lon="-109.20482">
        <ele>3070.94</ele>
      </trkpt>
      <trkpt lat="42.75017" lon="-109.20485">
        <ele>3070.62</ele>
      </trkpt>
      <trkpt lat="42.75017" lon="-109.20488">
        <ele>3070.3</ele>
      </trkpt>
      <trkpt lat="42.75012" lon="-109.2049">
        <ele>3070.08</ele>
      </trkpt>
      <trkpt lat="42.75008" lon="-109.20495">
        <ele>3069.94</ele>
      </trkpt>
      <trkpt lat="42.75008" lon="-109.20495">
        <ele>3069.94</ele>
      </trkpt>
      <trkpt lat="42.75008" lon="-109.20503">
        <ele>3069.91</ele>
      </trkpt>
      <trkpt lat="42.75005" lon="-109.20509">
        <ele>3069.99</ele>
      </trkpt>
      <trkpt lat="42.75002" lon="-109.20514">
        <ele>3070.51</ele>
      </trkpt>
      <trkpt lat="42.75001" lon="-109.20516">
        <ele>3070.73</ele>
      </trkpt>
      <trkpt lat="42.7499" lon="-109.20522">
        <ele>3070.33</ele>
      </trkpt>
      <trkpt lat="42.74986" lon="-109.20523">
        <ele>3070.22</ele>
      </trkpt>
      <trkpt lat="42.74981" lon="-109.20524">
        <ele>3070.15</ele>
      </trkpt>
      <trkpt lat="42.74977" lon="-109.20527">
        <ele>3070.39</ele>
      </trkpt>
      <trkpt lat="42.74972" lon="-109.20529">
        <ele>3070.23</ele>
      </trkpt>
      <trkpt lat="42.74968" lon="-109.20531">
        <ele>3069.92</ele>
      </trkpt>
      <trkpt lat="42.74963" lon="-109.20534">
        <ele>3069.01</ele>
      </trkpt>
      <trkpt lat="42.74962" lon="-109.20535">
        <ele>3068.61</ele>
      </trkpt>
      <trkpt lat="42.74955" lon="-109.2054">
        <ele>3065.92</ele>
      </trkpt>
      <trkpt lat="42.7495" lon="-109.20543">
        <ele>3064.16</ele>
      </trkpt>
      <trkpt lat="42.74946" lon="-109.20545">
        <ele>3063.13</ele>
      </trkpt>
      <trkpt lat="42.74941" lon="-109.20547">
        <ele>3063.85</ele>
      </trkpt>
      <trkpt lat="42.74936" lon="-109.20548">
        <ele>3064.86</ele>
      </trkpt>
      <trkpt lat="42.74932" lon="-109.2055">
        <ele>3065.86</ele>
      </trkpt>
      <trkpt lat="42.74932" lon="-109.2055">
        <ele>3065.86</ele>
      </trkpt>
      <trkpt lat="42.74923" lon="-109.20557">
        <ele>3068.1</ele>
      </trkpt>
      <trkpt lat="42.74919" lon="-109.2056">
        <ele>3068.33</ele>
      </trkpt>
      <trkpt lat="42.74915" lon="-109.20564">
        <ele>3068.64</ele>
      </trkpt>
      <trkpt lat="42.74911" lon="-109.20567">
        <ele>3068.86</ele>
      </trkpt>
      <trkpt lat="42.74906" lon="-109.20569">
        <ele>3068.75</ele>
      </trkpt>
      <trkpt lat="42.74905" lon="-109.20569">
        <ele>3068.64</ele>
      </trkpt>
      <trkpt lat="42.749" lon="-109.20574">
        <ele>3069.18</ele>
      </trkpt>
      <trkpt lat="42.74895" lon="-109.20575">
        <ele>3069.2</ele>
      </trkpt>
      <trkpt lat="42.7489" lon="-109.20575">
        <ele>3069.2</ele>
      </trkpt>
      <trkpt lat="42.74886" lon="-109.20571">
        <ele>3068.34</ele>
      </trkpt>
      <trkpt lat="42.74882" lon="-109.20569">
        <ele>3067.9</ele>
      </trkpt>
      <trkpt lat="42.7487" lon="-109.20566">
        <ele>3067.26</ele>
      </trkpt>
      <trkpt lat="42.74865" lon="-109.20565">
        <ele>3067.04</ele>
      </trkpt>
      <trkpt lat="42.7486" lon="-109.20565">
        <ele>3067.04</ele>
      </trkpt>
      <trkpt lat="42.74855" lon="-109.20565">
        <ele>3067.04</ele>
      </trkpt>
      <trkpt lat="42.74851" lon="-109.20566">
        <ele>3067.26</ele>
      </trkpt>
      <trkpt lat="42.74831" lon="-109.20565">
        <ele>3067.03</ele>
      </trkpt>
      <trkpt lat="42.74826" lon="-109.20565">
        <ele>3067.02</ele>
      </trkpt>
      <trkpt lat="42.74821" lon="-109.20565">
        <ele>3067.02</ele>
      </trkpt>
      <trkpt lat="42.74816" lon="-109.20565">
        <ele>3067.02</ele>
      </trkpt>
      <trkpt lat="42.74814" lon="-109.20565">
        <ele>3067.02</ele>
      </trkpt>
      <trkpt lat="42.74797" lon="-109.20566">
        <ele>3067.25</ele>
      </trkpt>
      <trkpt lat="42.74792" lon="-109.20566">
        <ele>3067.66</ele>
      </trkpt>
      <trkpt lat="42.74788" lon="-109.20565">
        <ele>3067.92</ele>
      </trkpt>
      <trkpt lat="42.74783" lon="-109.20564">
        <ele>3068.35</ele>
      </trkpt>
      <trkpt lat="42.74779" lon="-109.20561">
        <ele>3068.46</ele>
      </trkpt>
      <trkpt lat="42.74774" lon="-109.20558">
        <ele>3069.08</ele>
      </trkpt>
      <trkpt lat="42.74774" lon="-109.20558">
        <ele>3069.08</ele>
      </trkpt>
      <trkpt lat="42.74765" lon="-109.20556">
        <ele>3070.45</ele>
      </trkpt>
      <trkpt lat="42.74762" lon="-109.20552">
        <ele>3070.21</ele>
      </trkpt>
      <trkpt lat="42.74757" lon="-109.20549">
        <ele>3070.61</ele>
      </trkpt>
      <trkpt lat="42.74752" lon="-109.20547">
        <ele>3070.92</ele>
      </trkpt>
      <trkpt lat="42.74748" lon="-109.20545">
        <ele>3071.15</ele>
      </trkpt>
      <trkpt lat="42.74745" lon="-109.20544">
        <ele>3071.58</ele>
      </trkpt>
      <trkpt lat="42.74739" lon="-109.20538">
        <ele>3071.4</ele>
      </trkpt>
      <trkpt lat="42.74735" lon="-109.20534">
        <ele>3070.76</ele>
      </trkpt>
      <trkpt lat="42.74732" lon="-109.2053">
        <ele>3069.71</ele>
      </trkpt>
      <trkpt lat="42.74729" lon="-109.20525">
        <ele>3068.67</ele>
      </trkpt>
      <trkpt lat="42.74726" lon="-109.20521">
        <ele>3068.13</ele>
      </trkpt>
      <trkpt lat="42.74722" lon="-109.20515">
        <ele>3066.87</ele>
      </trkpt>
      <trkpt lat="42.74719" lon="-109.20511">
        <ele>3065.85</ele>
      </trkpt>
      <trkpt lat="42.74715" lon="-109.20508">
        <ele>3065.4</ele>
      </trkpt>
      <trkpt lat="42.7471" lon="-109.20505">
        <ele>3064.77</ele>
      </trkpt>
      <trkpt lat="42.74706" lon="-109.20505">
        <ele>3064.97</ele>
      </trkpt>
      <trkpt lat="42.74704" lon="-109.20505">
        <ele>3065.07</ele>
      </trkpt>
      <trkpt lat="42.74693" lon="-109.20509">
        <ele>3065.94</ele>
      </trkpt>
      <trkpt lat="42.74689" lon="-109.20509">
        <ele>3065.94</ele>
      </trkpt>
      <trkpt lat="42.74684" lon="-109.20508">
        <ele>3065.73</ele>
      </trkpt>
      <trkpt lat="42.7468" lon="-109.20507">
        <ele>3065.51</ele>
      </trkpt>
      <trkpt lat="42.74675" lon="-109.20508">
        <ele>3065.71</ele>
      </trkpt>
      <trkpt lat="42.7467" lon="-109.20506">
        <ele>3065.07</ele>
      </trkpt>
      <trkpt lat="42.74665" lon="-109.20504">
        <ele>3064.22</ele>
      </trkpt>
      <trkpt lat="42.74661" lon="-109.20501">
        <ele>3063.26</ele>
      </trkpt>
      <trkpt lat="42.74659" lon="-109.20498">
        <ele>3062.57</ele>
      </trkpt>
      <trkpt lat="42.74648" lon="-109.20486">
        <ele>3059.96</ele>
      </trkpt>
      <trkpt lat="42.74643" lon="-109.20485">
        <ele>3059.2</ele>
      </trkpt>
      <trkpt lat="42.74638" lon="-109.20487">
        <ele>3059.19</ele>
      </trkpt>
      <trkpt lat="42.74634" lon="-109.20491">
        <ele>3060.04</ele>
      </trkpt>
      <trkpt lat="42.74631" lon="-109.20496">
        <ele>3060.65</ele>
      </trkpt>
      <trkpt lat="42.74629" lon="-109.20501">
        <ele>3061.15</ele>
      </trkpt>
      <trkpt lat="42.74625" lon="-109.20505">
        <ele>3061.58</ele>
      </trkpt>
      <trkpt lat="42.74621" lon="-109.20507">
        <ele>3061.58</ele>
      </trkpt>
      <trkpt lat="42.74616" lon="-109.20508">
        <ele>3061.73</ele>
      </trkpt>
      <trkpt lat="42.74612" lon="-109.20507">
        <ele>3061.51</ele>
      </trkpt>
      <trkpt lat="42.74609" lon="-109.20504">
        <ele>3060.99</ele>
      </trkpt>
      <trkpt lat="42.74604" lon="-109.20503">
        <ele>3061.17</ele>
      </trkpt>
      <trkpt lat="42.74599" lon="-109.20503">
        <ele>3061.42</ele>
      </trkpt>
      <trkpt lat="42.74595" lon="-109.20503">
        <ele>3061.56</ele>
      </trkpt>
      <trkpt lat="42.7459" lon="-109.20505">
        <ele>3061.93</ele>
      </trkpt>
      <trkpt lat="42.74586" lon="-109.20507">
        <ele>3061.97</ele>
      </trkpt>
      <trkpt lat="42.7458" lon="-109.20508">
        <ele>3061.5</ele>
      </trkpt>
      <trkpt lat="42.74575" lon="-109.20508">
        <ele>3060.96</ele>
      </trkpt>
      <trkpt lat="42.74573" lon="-109.20509">
        <ele>3060.63</ele>
      </trkpt>
      <trkpt lat="42.74565" lon="-109.20515">
        <ele>3058.68</ele>
      </trkpt>
      <trkpt lat="42.74561" lon="-109.20517">
        <ele>3056.84</ele>
      </trkpt>
      <trkpt lat="42.74557" lon="-109.2052">
        <ele>3054.78</ele>
      </trkpt>
      <trkpt lat="42.74554" lon="-109.20526">
        <ele>3053.16</ele>
      </trkpt>
      <trkpt lat="42.74552" lon="-109.20533">
        <ele>3052.08</ele>
      </trkpt>
      <trkpt lat="42.74552" lon="-109.20539">
        <ele>3052.08</ele>
      </trkpt>
      <trkpt lat="42.74551" lon="-109.20545">
        <ele>3051.54</ele>
      </trkpt>
      <trkpt lat="42.74552" lon="-109.20552">
        <ele>3052.32</ele>
      </trkpt>
      <trkpt lat="42.74551" lon="-109.20558">
        <ele>3052.3</ele>
      </trkpt>
      <trkpt lat="42.74549" lon="-109.20562">
        <ele>3051.86</ele>
      </trkpt>
      <trkpt lat="42.74546" lon="-109.20562">
        <ele>3050.6</ele>
      </trkpt>
      <trkpt lat="42.74545" lon="-109.2056">
        <ele>3050.06</ele>
      </trkpt>
      <trkpt lat="42.74545" lon="-109.20557">
        <ele>3049.74</ele>
      </trkpt>
      <trkpt lat="42.74545" lon="-109.20554">
        <ele>3049.41</ele>
      </trkpt>
      <trkpt lat="42.74543" lon="-109.20553">
        <ele>3048.66</ele>
      </trkpt>
      <trkpt lat="42.74543" lon="-109.20553">
        <ele>3048.66</ele>
      </trkpt>
      <trkpt lat="42.74542" lon="-109.20555">
        <ele>3048.55</ele>
      </trkpt>
      <trkpt lat="42.74541" lon="-109.20561">
        <ele>3048.87</ele>
      </trkpt>
      <trkpt lat="42.7454" lon="-109.20564">
        <ele>3048.87</ele>
      </trkpt>
      <trkpt lat="42.74539" lon="-109.20563">
        <ele>3048.44</ele>
      </trkpt>
      <trkpt lat="42.74538" lon="-109.20557">
        <ele>3047.47</ele>
      </trkpt>
      <trkpt lat="42.74537" lon="-109.20554">
        <ele>3046.82</ele>
      </trkpt>
      <trkpt lat="42.74533" lon="-109.20556">
        <ele>3045.72</ele>
      </trkpt>
      <trkpt lat="42.7453" lon="-109.20561">
        <ele>3044.86</ele>
      </trkpt>
      <trkpt lat="42.74526" lon="-109.20564">
        <ele>3043.42</ele>
      </trkpt>
      <trkpt lat="42.74521" lon="-109.20567">
        <ele>3042.04</ele>
      </trkpt>
      <trkpt lat="42.74521" lon="-109.20568">
        <ele>3042.15</ele>
      </trkpt>
      <trkpt lat="42.74508" lon="-109.20575">
        <ele>3037.68</ele>
      </trkpt>
      <trkpt lat="42.74504" lon="-109.20577">
        <ele>3036.43</ele>
      </trkpt>
      <trkpt lat="42.745" lon="-109.2058">
        <ele>3035.0</ele>
      </trkpt>
      <trkpt lat="42.74499" lon="-109.20583">
        <ele>3034.67</ele>
      </trkpt>
      <trkpt lat="42.74495" lon="-109.20584">
        <ele>3033.45</ele>
      </trkpt>
      <trkpt lat="42.7449" lon="-109.20582">
        <ele>3031.68</ele>
      </trkpt>
      <trkpt lat="42.74487" lon="-109.20577">
        <ele>3030.23</ele>
      </trkpt>
      <trkpt lat="42.74485" lon="-109.20571">
        <ele>3028.6</ele>
      </trkpt>
      <trkpt lat="42.74484" lon="-109.20564">
        <ele>3027.0</ele>
      </trkpt>
      <trkpt lat="42.74485" lon="-109.20557">
        <ele>3026.68</ele>
      </trkpt>
      <trkpt lat="42.74485" lon="-109.20551">
        <ele>3026.03</ele>
      </trkpt>
      <trkpt lat="42.74485" lon="-109.2055">
        <ele>3025.92</ele>
      </trkpt>
      <trkpt lat="42.74481" lon="-109.20542">
        <ele>3023.43</ele>
      </trkpt>
      <trkpt lat="42.74478" lon="-109.20536">
        <ele>3022.32</ele>
      </trkpt>
      <trkpt lat="42.74476" lon="-109.2053">
        <ele>3022.13</ele>
      </trkpt>
      <trkpt lat="42.74473" lon="-109.20525">
        <ele>3021.53</ele>
      </trkpt>
      <trkpt lat="42.74469" lon="-109.20521">
        <ele>3020.78</ele>
      </trkpt>
      <trkpt lat="42.74464" lon="-109.20518">
        <ele>3019.39</ele>
      </trkpt>
      <trkpt lat="42.74461" lon="-109.20515">
        <ele>3018.66</ele>
      </trkpt>
      <trkpt lat="42.74459" lon="-109.20512">
        <ele>3018.12</ele>
      </trkpt>
      <trkpt lat="42.7445" lon="-109.20499">
        <ele>3014.46</ele>
      </trkpt>
      <trkpt lat="42.74447" lon="-109.20494">
        <ele>3013.28</ele>
      </trkpt>
      <trkpt lat="42.74445" lon="-109.20488">
        <ele>3012.3</ele>
      </trkpt>
      <trkpt lat="42.74443" lon="-109.20482">
        <ele>3011.37</ele>
      </trkpt>
      <trkpt lat="42.74441" lon="-109.20476">
        <ele>3009.92</ele>
      </trkpt>
      <trkpt lat="42.7444" lon="-109.20476">
        <ele>3009.49</ele>
      </trkpt>
      <trkpt lat="42.74438" lon="-109.20477">
        <ele>3008.73</ele>
      </trkpt>
      <trkpt lat="42.74438" lon="-109.20483">
        <ele>3009.1</ele>
      </trkpt>
      <trkpt lat="42.74439" lon="-109.2049">
        <ele>3009.11</ele>
      </trkpt>
      <trkpt lat="42.74438" lon="-109.20496">
        <ele>3008.52</ele>
      </trkpt>
      <trkpt lat="42.74436" lon="-109.20499">
        <ele>3007.44</ele>
      </trkpt>
      <trkpt lat="42.74433" lon="-109.20496">
        <ele>3005.92</ele>
      </trkpt>
      <trkpt lat="42.7443" lon="-109.20491">
        <ele>3004.74</ele>
      </trkpt>
      <trkpt lat="42.74428" lon="-109.20485">
        <ele>3004.03</ele>
      </trkpt>
      <trkpt lat="42.74425" lon="-109.20482">
        <ele>3002.59</ele>
      </trkpt>
      <trkpt lat="42.74422" lon="-109.2048">
        <ele>3001.3</ele>
      </trkpt>
      <trkpt lat="42.7442" lon="-109.20481">
        <ele>3000.44</ele>
      </trkpt>
      <trkpt lat="42.74419" lon="-109.20483">
        <ele>2999.89</ele>
      </trkpt>
      <trkpt lat="42.74418" lon="-109.20489">
        <ele>2998.88</ele>
      </trkpt>
      <trkpt lat="42.74417" lon="-109.20495">
        <ele>2997.72</ele>
      </trkpt>
      <trkpt lat="42.74416" lon="-109.20501">
        <ele>2996.6</ele>
      </trkpt>
      <trkpt lat="42.74415" lon="-109.20506">
        <ele>2995.63</ele>
      </trkpt>
      <trkpt lat="42.74413" lon="-109.20506">
        <ele>2994.77</ele>
      </trkpt>
      <trkpt lat="42.7441" lon="-109.20501">
        <ele>2994.01</ele>
      </trkpt>
      <trkpt lat="42.74407" lon="-109.20496">
        <ele>2992.76</ele>
      </trkpt>
      <trkpt lat="42.74404" lon="-109.20492">
        <ele>2991.11</ele>
      </trkpt>
      <trkpt lat="42.74401" lon="-109.20486">
        <ele>2989.54</ele>
      </trkpt>
      <trkpt lat="42.74401" lon="-109.20486">
        <ele>2989.54</ele>
      </trkpt>
      <trkpt lat="42.74397" lon="-109.20482">
        <ele>2987.25</ele>
      </trkpt>
      <trkpt lat="42.74395" lon="-109.20476">
        <ele>2986.16</ele>
      </trkpt>
      <trkpt lat="42.74393" lon="-109.2047">
        <ele>2984.98</ele>
      </trkpt>
      <trkpt lat="42.74391" lon="-109.20463">
        <ele>2983.14</ele>
      </trkpt>
      <trkpt lat="42.7439" lon="-109.20456">
        <ele>2982.51</ele>
      </trkpt>
      <trkpt lat="42.74389" lon="-109.2045">
        <ele>2981.25</ele>
      </trkpt>
      <trkpt lat="42.74388" lon="-109.20444">
        <ele>2979.66</ele>
      </trkpt>
      <trkpt lat="42.74388" lon="-109.20439">
        <ele>2979.12</ele>
      </trkpt>
      <trkpt lat="42.74385" lon="-109.20438">
        <ele>2978.04</ele>
      </trkpt>
      <trkpt lat="42.7438" lon="-109.20442">
        <ele>2976.86</ele>
      </trkpt>
      <trkpt lat="42.74376" lon="-109.20445">
        <ele>2975.86</ele>
      </trkpt>
      <trkpt lat="42.74373" lon="-109.2045">
        <ele>2975.02</ele>
      </trkpt>
      <trkpt lat="42.7437" lon="-109.20455">
        <ele>2973.88</ele>
      </trkpt>
      <trkpt lat="42.74368" lon="-109.20461">
        <ele>2973.23</ele>
      </trkpt>
      <trkpt lat="42.74367" lon="-109.20467">
        <ele>2972.91</ele>
      </trkpt>
      <trkpt lat="42.74366" lon="-109.20474">
        <ele>2972.39</ele>
      </trkpt>
      <trkpt lat="42.74365" lon="-109.20477">
        <ele>2971.74</ele>
      </trkpt>
      <trkpt lat="42.74361" lon="-109.20483">
        <ele>2969.65</ele>
      </trkpt>
      <trkpt lat="42.7436" lon="-109.20489">
        <ele>2968.23</ele>
      </trkpt>
      <trkpt lat="42.74358" lon="-109.20495">
        <ele>2966.89</ele>
      </trkpt>
      <trkpt lat="42.74356" lon="-109.20501">
        <ele>2965.3</ele>
      </trkpt>
      <trkpt lat="42.74354" lon="-109.20508">
        <ele>2964.5</ele>
      </trkpt>
      <trkpt lat="42.74353" lon="-109.20511">
        <ele>2964.08</ele>
      </trkpt>
      <trkpt lat="42.74347" lon="-109.20532">
        <ele>2962.24</ele>
      </trkpt>
      <trkpt lat="42.74346" lon="-109.20539">
        <ele>2961.66</ele>
      </trkpt>
      <trkpt lat="42.74346" lon="-109.20546">
        <ele>2961.38</ele>
      </trkpt>
      <trkpt lat="42.74345" lon="-109.20553">
        <ele>2961.26</ele>
      </trkpt>
      <trkpt lat="42.74344" lon="-109.20559">
        <ele>2961.15</ele>
      </trkpt>
      <trkpt lat="42.74343" lon="-109.20566">
        <ele>2961.04</ele>
      </trkpt>
      <trkpt lat="42.74341" lon="-109.20573">
        <ele>2960.83</ele>
      </trkpt>
      <trkpt lat="42.74339" lon="-109.20578">
        <ele>2960.78</ele>
      </trkpt>
      <trkpt lat="42.74339" lon="-109.20579">
        <ele>2960.82</ele>
      </trkpt>
      <trkpt lat="42.74332" lon="-109.20591">
        <ele>2960.98</ele>
      </trkpt>
      <trkpt lat="42.74328" lon="-109.20594">
        <ele>2961.15</ele>
      </trkpt>
      <trkpt lat="42.74323" lon="-109.20595">
        <ele>2961.17</ele>
      </trkpt>
      <trkpt lat="42.74319" lon="-109.20598">
        <ele>2961.36</ele>
      </trkpt>
      <trkpt lat="42.74314" lon="-109.20599">
        <ele>2961.24</ele>
      </trkpt>
      <trkpt lat="42.74309" lon="-109.206">
        <ele>2960.47</ele>
      </trkpt>
      <trkpt lat="42.74305" lon="-109.206">
        <ele>2959.74</ele>
      </trkpt>
      <trkpt lat="42.74303" lon="-109.20599">
        <ele>2959.42</ele>
      </trkpt>
      <trkpt lat="42.74295" lon="-109.20595">
        <ele>2958.26</ele>
      </trkpt>
      <trkpt lat="42.7429" lon="-109.20595">
        <ele>2958.26</ele>
      </trkpt>
      <trkpt lat="42.74285" lon="-109.20594">
        <ele>2957.97</ele>
      </trkpt>
      <trkpt lat="42.7428" lon="-109.20594">
        <ele>2957.51</ele>
      </trkpt>
      <trkpt lat="42.74275" lon="-109.20596">
        <ele>2957.55</ele>
      </trkpt>
      <trkpt lat="42.74275" lon="-109.20596">
        <ele>2957.55</ele>
      </trkpt>
      <trkpt lat="42.74261" lon="-109.20602">
        <ele>2958.22</ele>
      </trkpt>
      <trkpt lat="42.74257" lon="-109.20606">
        <ele>2958.65</ele>
      </trkpt>
      <trkpt lat="42.74253" lon="-109.20608">
        <ele>2958.65</ele>
      </trkpt>
      <trkpt lat="42.74248" lon="-109.20611">
        <ele>2958.55</ele>
      </trkpt>
      <trkpt lat="42.74243" lon="-109.20615">
        <ele>2958.65</ele>
      </trkpt>
      <trkpt lat="42.74242" lon="-109.20615">
        <ele>2958.47</ele>
      </trkpt>
      <trkpt lat="42.74231" lon="-109.20623">
        <ele>2959.23</ele>
      </trkpt>
      <trkpt lat="42.74227" lon="-109.20627">
        <ele>2959.23</ele>
      </trkpt>
      <trkpt lat="42.74223" lon="-109.20631">
        <ele>2959.38</ele>
      </trkpt>
      <trkpt lat="42.74219" lon="-109.20635">
        <ele>2959.96</ele>
      </trkpt>
      <trkpt lat="42.74215" lon="-109.20639">
        <ele>2960.23</ele>
      </trkpt>
      <trkpt lat="42.74211" lon="-109.20643">
        <ele>2960.23</ele>
      </trkpt>
      <trkpt lat="42.74207" lon="-109.20646">
        <ele>2960.12</ele>
      </trkpt>
      <trkpt lat="42.74204" lon="-109.20648">
        <ele>2960.02</ele>
      </trkpt>
      <trkpt lat="42.7419" lon="-109.20657">
        <ele>2959.5</ele>
      </trkpt>
      <trkpt lat="42.74186" lon="-109.20659">
        <ele>2959.09</ele>
      </trkpt>
      <trkpt lat="42.74181" lon="-109.20661">
        <ele>2958.72</ele>
      </trkpt>
      <trkpt lat="42.74177" lon="-109.20662">
        <ele>2958.55</ele>
      </trkpt>
      <trkpt lat="42.74172" lon="-109.20662">
        <ele>2957.86</ele>
      </trkpt>
      <trkpt lat="42.74167" lon="-109.2066">
        <ele>2957.05</ele>
      </trkpt>
      <trkpt lat="42.74163" lon="-109.20659">
        <ele>2957.0</ele>
      </trkpt>
      <trkpt lat="42.74148" lon="-109.20654">
        <ele>2957.63</ele>
      </trkpt>
      <trkpt lat="42.74144" lon="-109.20652">
        <ele>2957.42</ele>
      </trkpt>
      <trkpt lat="42.74139" lon="-109.20651">
        <ele>2957.31</ele>
      </trkpt>
      <trkpt lat="42.74134" lon="-109.20652">
        <ele>2957.42</ele>
      </trkpt>
      <trkpt lat="42.74129" lon="-109.20652">
        <ele>2957.46</ele>
      </trkpt>
      <trkpt lat="42.74126" lon="-109.20652">
        <ele>2957.64</ele>
      </trkpt>
      <trkpt lat="42.7411" lon="-109.2065">
        <ele>2958.0</ele>
      </trkpt>
      <trkpt lat="42.74105" lon="-109.20649">
        <ele>2958.0</ele>
      </trkpt>
      <trkpt lat="42.74101" lon="-109.20648">
        <ele>2957.98</ele>
      </trkpt>
      <trkpt lat="42.74096" lon="-109.20646">
        <ele>2957.77</ele>
      </trkpt>
      <trkpt lat="42.74091" lon="-109.20645">
        <ele>2957.66</ele>
      </trkpt>
      <trkpt lat="42.74091" lon="-109.20645">
        <ele>2957.66</ele>
      </trkpt>
      <trkpt lat="42.74082" lon="-109.20645">
        <ele>2957.66</ele>
      </trkpt>
      <trkpt lat="42.74076" lon="-109.20645">
        <ele>2957.66</ele>
      </trkpt>
      <trkpt lat="42.74072" lon="-109.20644">
        <ele>2957.55</ele>
      </trkpt>
      <trkpt lat="42.74067" lon="-109.20644">
        <ele>2957.55</ele>
      </trkpt>
      <trkpt lat="42.74062" lon="-109.20646">
        <ele>2957.77</ele>
      </trkpt>
      <trkpt lat="42.74062" lon="-109.20646">
        <ele>2957.77</ele>
      </trkpt>
      <trkpt lat="42.74052" lon="-109.20653">
        <ele>2957.82</ele>
      </trkpt>
      <trkpt lat="42.74048" lon="-109.20658">
        <ele>2958.0</ele>
      </trkpt>
      <trkpt lat="42.74044" lon="-109.20661">
        <ele>2958.0</ele>
      </trkpt>
      <trkpt lat="42.74039" lon="-109.20664">
        <ele>2958.0</ele>
      </trkpt>
      <trkpt lat="42.74037" lon="-109.20664">
        <ele>2958.0</ele>
      </trkpt>
      <trkpt lat="42.74019" lon="-109.20674">
        <ele>2957.8</ele>
      </trkpt>
      <trkpt lat="42.74015" lon="-109.20676">
        <ele>2957.62</ele>
      </trkpt>
      <trkpt lat="42.74011" lon="-109.20679">
        <ele>2957.46</ele>
      </trkpt>
      <trkpt lat="42.74007" lon="-109.20683">
        <ele>2957.58</ele>
      </trkpt>
      <trkpt lat="42.74007" lon="-109.20683">
        <ele>2957.58</ele>
      </trkpt>
      <trkpt lat="42.74" lon="-109.2069">
        <ele>2957.52</ele>
      </trkpt>
      <trkpt lat="42.73996" lon="-109.20694">
        <ele>2957.11</ele>
      </trkpt>
      <trkpt lat="42.73992" lon="-109.20698">
        <ele>2956.6</ele>
      </trkpt>
      <trkpt lat="42.73987" lon="-109.207">
        <ele>2956.2</ele>
      </trkpt>
      <trkpt lat="42.73985" lon="-109.20702">
        <ele>2956.2</ele>
      </trkpt>
      <trkpt lat="42.73973" lon="-109.2071">
        <ele>2956.68</ele>
      </trkpt>
      <trkpt lat="42.73968" lon="-109.20711">
        <ele>2956.33</ele>
      </trkpt>
      <trkpt lat="42.73964" lon="-109.20713">
        <ele>2956.12</ele>
      </trkpt>
      <trkpt lat="42.73959" lon="-109.20716">
        <ele>2956.52</ele>
      </trkpt>
      <trkpt lat="42.73955" lon="-109.20719">
        <ele>2956.74</ele>
      </trkpt>
      <trkpt lat="42.73955" lon="-109.20719">
        <ele>2956.74</ele>
      </trkpt>
      <trkpt lat="42.73945" lon="-109.20731">
        <ele>2958.0</ele>
      </trkpt>
      <trkpt lat="42.73941" lon="-109.20734">
        <ele>2958.44</ele>
      </trkpt>
      <trkpt lat="42.73937" lon="-109.20738">
        <ele>2958.84</ele>
      </trkpt>
      <trkpt lat="42.73933" lon="-109.20742">
        <ele>2958.9</ele>
      </trkpt>
      <trkpt lat="42.73932" lon="-109.20744">
        <ele>2959.01</ele>
      </trkpt>
      <trkpt lat="42.73925" lon="-109.20749">
        <ele>2958.8</ele>
      </trkpt>
      <trkpt lat="42.73921" lon="-109.20753">
        <ele>2958.79</ele>
      </trkpt>
      <trkpt lat="42.73919" lon="-109.20759">
        <ele>2959.22</ele>
      </trkpt>
      <trkpt lat="42.73918" lon="-109.20765">
        <ele>2959.76</ele>
      </trkpt>
      <trkpt lat="42.73913" lon="-109.20782">
        <ele>2960.88</ele>
      </trkpt>
      <trkpt lat="42.7391" lon="-109.20787">
        <ele>2960.56</ele>
      </trkpt>
      <trkpt lat="42.73907" lon="-109.20792">
        <ele>2960.49</ele>
      </trkpt>
      <trkpt lat="42.73903" lon="-109.20796">
        <ele>2960.49</ele>
      </trkpt>
      <trkpt lat="42.739" lon="-109.20801">
        <ele>2960.71</ele>
      </trkpt>
      <trkpt lat="42.73899" lon="-109.20802">
        <ele>2960.71</ele>
      </trkpt>
      <trkpt lat="42.73895" lon="-109.20814">
        <ele>2961.54</ele>
      </trkpt>
      <trkpt lat="42.73891" lon="-109.20817">
        <ele>2961.46</ele>
      </trkpt>
      <trkpt lat="42.73887" lon="-109.20819">
        <ele>2961.04</ele>
      </trkpt>
      <trkpt lat="42.73882" lon="-109.2082">
        <ele>2960.07</ele>
      </trkpt>
      <trkpt lat="42.73882" lon="-109.2082">
        <ele>2960.07</ele>
      </trkpt>
      <trkpt lat="42.73876" lon="-109.20827">
        <ele>2960.12</ele>
      </trkpt>
      <trkpt lat="42.73873" lon="-109.20831">
        <ele>2960.24</ele>
      </trkpt>
      <trkpt lat="42.73869" lon="-109.20835">
        <ele>2960.06</ele>
      </trkpt>
      <trkpt lat="42.73864" lon="-109.20839">
        <ele>2959.85</ele>
      </trkpt>
      <trkpt lat="42.73862" lon="-109.20841">
        <ele>2959.85</ele>
      </trkpt>
      <trkpt lat="42.73858" lon="-109.20854">
        <ele>2961.13</ele>
      </trkpt>
      <trkpt lat="42.73855" lon="-109.2086">
        <ele>2962.1</ele>
      </trkpt>
      <trkpt lat="42.73851" lon="-109.20864">
        <ele>2962.13</ele>
      </trkpt>
      <trkpt lat="42.73847" lon="-109.20868">
        <ele>2961.7</ele>
      </trkpt>
      <trkpt lat="42.73845" lon="-109.2087">
        <ele>2961.48</ele>
      </trkpt>
      <trkpt lat="42.73839" lon="-109.20879">
        <ele>2962.09</ele>
      </trkpt>
      <trkpt lat="42.73836" lon="-109.20884">
        <ele>2962.52</ele>
      </trkpt>
      <trkpt lat="42.73834" lon="-109.2089">
        <ele>2963.38</ele>
      </trkpt>
      <trkpt lat="42.73831" lon="-109.20895">
        <ele>2963.56</ele>
      </trkpt>
      <trkpt lat="42.73828" lon="-109.209">
        <ele>2963.79</ele>
      </trkpt>
      <trkpt lat="42.73824" lon="-109.20905">
        <ele>2964.2</ele>
      </trkpt>
      <trkpt lat="42.7382" lon="-109.2091">
        <ele>2964.36</ele>
      </trkpt>
      <trkpt lat="42.73816" lon="-109.20913">
        <ele>2964.12</ele>
      </trkpt>
      <trkpt lat="42.73816" lon="-109.20913">
        <ele>2964.12</ele>
      </trkpt>
      <trkpt lat="42.73812" lon="-109.20913">
        <ele>2963.2</ele>
      </trkpt>
      <trkpt lat="42.73807" lon="-109.20916">
        <ele>2963.1</ele>
      </trkpt>
      <trkpt lat="42.73804" lon="-109.2092">
        <ele>2963.38</ele>
      </trkpt>
      <trkpt lat="42.738" lon="-109.20923">
        <ele>2963.17</ele>
      </trkpt>
      <trkpt lat="42.73795" lon="-109.20925">
        <ele>2962.65</ele>
      </trkpt>
      <trkpt lat="42.73791" lon="-109.20927">
        <ele>2962.71</ele>
      </trkpt>
      <trkpt lat="42.73787" lon="-109.20931">
        <ele>2963.09</ele>
      </trkpt>
      <trkpt lat="42.73783" lon="-109.20934">
        <ele>2962.87</ele>
      </trkpt>
      <trkpt lat="42.73779" lon="-109.20935">
        <ele>2962.22</ele>
      </trkpt>
      <trkpt lat="42.73763" lon="-109.20941">
        <ele>2960.06</ele>
      </trkpt>
      <trkpt lat="42.73757" lon="-109.20944">
        <ele>2959.42</ele>
      </trkpt>
      <trkpt lat="42.73753" lon="-109.20947">
        <ele>2959.29</ele>
      </trkpt>
      <trkpt lat="42.73749" lon="-109.20951">
        <ele>2959.23</ele>
      </trkpt>
      <trkpt lat="42.73744" lon="-109.20953">
        <ele>2958.6</ele>
      </trkpt>
      <trkpt lat="42.73744" lon="-109.20953">
        <ele>2958.6</ele>
      </trkpt>
      <trkpt lat="42.73737" lon="-109.20958">
        <ele>2958.34</ele>
      </trkpt>
      <trkpt lat="42.73734" lon="-109.20962">
        <ele>2958.41</ele>
      </trkpt>
      <trkpt lat="42.73731" lon="-109.20967">
        <ele>2958.77</ele>
      </trkpt>
      <trkpt lat="42.73728" lon="-109.20972">
        <ele>2959.2</ele>
      </trkpt>
      <trkpt lat="42.73724" lon="-109.20975">
        <ele>2958.93</ele>
      </trkpt>
      <trkpt lat="42.73719" lon="-109.20979">
        <ele>2958.77</ele>
      </trkpt>
      <trkpt lat="42.73716" lon="-109.20982">
        <ele>2958.75</ele>
      </trkpt>
      <trkpt lat="42.73712" lon="-109.2099">
        <ele>2959.63</ele>
      </trkpt>
      <trkpt lat="42.73708" lon="-109.20994">
        <ele>2959.63</ele>
      </trkpt>
      <trkpt lat="42.73704" lon="-109.20998">
        <ele>2959.63</ele>
      </trkpt>
      <trkpt lat="42.73699" lon="-109.21002">
        <ele>2959.42</ele>
      </trkpt>
      <trkpt lat="42.73694" lon="-109.21004">
        <ele>2958.77</ele>
      </trkpt>
      <trkpt lat="42.73689" lon="-109.21008">
        <ele>2958.55</ele>
      </trkpt>
      <trkpt lat="42.73686" lon="-109.21011">
        <ele>2958.55</ele>
      </trkpt>
      <trkpt lat="42.73675" lon="-109.21019">
        <ele>2957.9</ele>
      </trkpt>
      <trkpt lat="42.73671" lon="-109.21023">
        <ele>2957.9</ele>
      </trkpt>
      <trkpt lat="42.73668" lon="-109.21028">
        <ele>2958.31</ele>
      </trkpt>
      <trkpt lat="42.73665" lon="-109.21032">
        <ele>2958.1</ele>
      </trkpt>
      <trkpt lat="42.73662" lon="-109.21035">
        <ele>2957.77</ele>
      </trkpt>
      <trkpt lat="42.73657" lon="-109.21044">
        <ele>2957.66</ele>
      </trkpt>
      <trkpt lat="42.73655" lon="-109.2105">
        <ele>2957.88</ele>
      </trkpt>
      <trkpt lat="42.73651" lon="-109.21055">
        <ele>2957.56</ele>
      </trkpt>
      <trkpt lat="42.73647" lon="-109.2106">
        <ele>2957.23</ele>
      </trkpt>
      <trkpt lat="42.73644" lon="-109.21065">
        <ele>2957.12</ele>
      </trkpt>
      <trkpt lat="42.73642" lon="-109.21071">
        <ele>2957.34</ele>
      </trkpt>
      <trkpt lat="42.73642" lon="-109.21078">
        <ele>2958.1</ele>
      </trkpt>
      <trkpt lat="42.73642" lon="-109.21084">
        <ele>2958.77</ele>
      </trkpt>
      <trkpt lat="42.73641" lon="-109.21091">
        <ele>2959.47</ele>
      </trkpt>
      <trkpt lat="42.73639" lon="-109.21097">
        <ele>2959.98</ele>
      </trkpt>
      <trkpt lat="42.73636" lon="-109.21101">
        <ele>2959.91</ele>
      </trkpt>
      <trkpt lat="42.73632" lon="-109.21106">
        <ele>2959.66</ele>
      </trkpt>
      <trkpt lat="42.73629" lon="-109.21109">
        <ele>2959.41</ele>
      </trkpt>
      <trkpt lat="42.7362" lon="-109.21122">
        <ele>2960.1</ele>
      </trkpt>
      <trkpt lat="42.73618" lon="-109.21129">
        <ele>2960.66</ele>
      </trkpt>
      <trkpt lat="42.73616" lon="-109.21135">
        <ele>2961.41</ele>
      </trkpt>
      <trkpt lat="42.73613" lon="-109.21141">
        <ele>2961.86</ele>
      </trkpt>
      <trkpt lat="42.73609" lon="-109.21146">
        <ele>2962.31</ele>
      </trkpt>
      <trkpt lat="42.73605" lon="-109.2115">
        <ele>2962.41</ele>
      </trkpt>
      <trkpt lat="42.73602" lon="-109.21153">
        <ele>2962.02</ele>
      </trkpt>
      <trkpt lat="42.73598" lon="-109.21159">
        <ele>2961.76</ele>
      </trkpt>
      <trkpt lat="42.73595" lon="-109.21165">
        <ele>2962.08</ele>
      </trkpt>
      <trkpt lat="42.73593" lon="-109.2117">
        <ele>2962.42</ele>
      </trkpt>
      <trkpt lat="42.73591" lon="-109.21177">
        <ele>2962.94</ele>
      </trkpt>
      <trkpt lat="42.73589" lon="-109.21183">
        <ele>2963.38</ele>
      </trkpt>
      <trkpt lat="42.73587" lon="-109.21189">
        <ele>2963.97</ele>
      </trkpt>
      <trkpt lat="42.73584" lon="-109.21193">
        <ele>2963.98</ele>
      </trkpt>
      <trkpt lat="42.7358" lon="-109.21199">
        <ele>2964.45</ele>
      </trkpt>
      <trkpt lat="42.73575" lon="-109.21204">
        <ele>2964.26</ele>
      </trkpt>
      <trkpt lat="42.73572" lon="-109.21208">
        <ele>2964.48</ele>
      </trkpt>
      <trkpt lat="42.73572" lon="-109.21209">
        <ele>2964.7</ele>
      </trkpt>
      <trkpt lat="42.73568" lon="-109.21211">
        <ele>2964.26</ele>
      </trkpt>
      <trkpt lat="42.73563" lon="-109.21213">
        <ele>2963.61</ele>
      </trkpt>
      <trkpt lat="42.73558" lon="-109.21217">
        <ele>2962.96</ele>
      </trkpt>
      <trkpt lat="42.73555" lon="-109.2122">
        <ele>2962.71</ele>
      </trkpt>
      <trkpt lat="42.73551" lon="-109.21225">
        <ele>2962.96</ele>
      </trkpt>
      <trkpt lat="42.73549" lon="-109.21228">
        <ele>2963.1</ele>
      </trkpt>
      <trkpt lat="42.7354" lon="-109.2124">
        <ele>2963.24</ele>
      </trkpt>
      <trkpt lat="42.73536" lon="-109.21244">
        <ele>2963.2</ele>
      </trkpt>
      <trkpt lat="42.73533" lon="-109.21248">
        <ele>2963.01</ele>
      </trkpt>
      <trkpt lat="42.7353" lon="-109.21253">
        <ele>2963.13</ele>
      </trkpt>
      <trkpt lat="42.73528" lon="-109.21259">
        <ele>2963.99</ele>
      </trkpt>
      <trkpt lat="42.73525" lon="-109.21265">
        <ele>2964.13</ele>
      </trkpt>
      <trkpt lat="42.73521" lon="-109.21269">
        <ele>2963.64</ele>
      </trkpt>
      <trkpt lat="42.73517" lon="-109.21275">
        <ele>2964.17</ele>
      </trkpt>
      <trkpt lat="42.73517" lon="-109.21276">
        <ele>2964.35</ele>
      </trkpt>
      <trkpt lat="42.73507" lon="-109.21289">
        <ele>2964.67</ele>
      </trkpt>
      <trkpt lat="42.73504" lon="-109.21293">
        <ele>2965.86</ele>
      </trkpt>
      <trkpt lat="42.735" lon="-109.21297">
        <ele>2967.15</ele>
      </trkpt>
      <trkpt lat="42.73496" lon="-109.213">
        <ele>2968.49</ele>
      </trkpt>
      <trkpt lat="42.73493" lon="-109.21305">
        <ele>2969.68</ele>
      </trkpt>
      <trkpt lat="42.7349" lon="-109.21311">
        <ele>2970.67</ele>
      </trkpt>
      <trkpt lat="42.73489" lon="-109.21317">
        <ele>2971.38</ele>
      </trkpt>
      <trkpt lat="42.7349" lon="-109.21324">
        <ele>2971.99</ele>
      </trkpt>
      <trkpt lat="42.7349" lon="-109.21331">
        <ele>2972.0</ele>
      </trkpt>
      <trkpt lat="42.73491" lon="-109.21338">
        <ele>2972.5</ele>
      </trkpt>
      <trkpt lat="42.73491" lon="-109.21343">
        <ele>2973.0</ele>
      </trkpt>
      <trkpt lat="42.73489" lon="-109.21372">
        <ele>2971.97</ele>
      </trkpt>
      <trkpt lat="42.73487" lon="-109.21379">
        <ele>2971.62</ele>
      </trkpt>
      <trkpt lat="42.73485" lon="-109.21384">
        <ele>2971.2</ele>
      </trkpt>
      <trkpt lat="42.73481" lon="-109.2139">
        <ele>2970.83</ele>
      </trkpt>
      <trkpt lat="42.73478" lon="-109.21394">
        <ele>2970.07</ele>
      </trkpt>
      <trkpt lat="42.73473" lon="-109.21398">
        <ele>2969.1</ele>
      </trkpt>
      <trkpt lat="42.73473" lon="-109.21399">
        <ele>2969.08</ele>
      </trkpt>
      <trkpt lat="42.73471" lon="-109.21413">
        <ele>2968.26</ele>
      </trkpt>
      <trkpt lat="42.7347" lon="-109.21419">
        <ele>2967.57</ele>
      </trkpt>
      <trkpt lat="42.73467" lon="-109.21425">
        <ele>2967.04</ele>
      </trkpt>
      <trkpt lat="42.73464" lon="-109.2143">
        <ele>2966.61</ele>
      </trkpt>
      <trkpt lat="42.7346" lon="-109.21434">
        <ele>2965.81</ele>
      </trkpt>
      <trkpt lat="42.73456" lon="-109.21436">
        <ele>2965.16</ele>
      </trkpt>
      <trkpt lat="42.73451" lon="-109.21436">
        <ele>2964.65</ele>
      </trkpt>
      <trkpt lat="42.73446" lon="-109.21435">
        <ele>2964.19</ele>
      </trkpt>
      <trkpt lat="42.73442" lon="-109.21438">
        <ele>2964.0</ele>
      </trkpt>
      <trkpt lat="42.73438" lon="-109.21442">
        <ele>2964.0</ele>
      </trkpt>
      <trkpt lat="42.73436" lon="-109.21443">
        <ele>2964.0</ele>
      </trkpt>
      <trkpt lat="42.73427" lon="-109.21447">
        <ele>2963.08</ele>
      </trkpt>
      <trkpt lat="42.73423" lon="-109.2145">
        <ele>2963.0</ele>
      </trkpt>
      <trkpt lat="42.73419" lon="-109.21455">
        <ele>2963.0</ele>
      </trkpt>
      <trkpt lat="42.73416" lon="-109.2146">
        <ele>2963.0</ele>
      </trkpt>
      <trkpt lat="42.73414" lon="-109.21466">
        <ele>2963.0</ele>
      </trkpt>
      <trkpt lat="42.73413" lon="-109.21472">
        <ele>2963.0</ele>
      </trkpt>
      <trkpt lat="42.7341" lon="-109.21478">
        <ele>2963.17</ele>
      </trkpt>
      <trkpt lat="42.73407" lon="-109.21483">
        <ele>2963.16</ele>
      </trkpt>
      <trkpt lat="42.73404" lon="-109.21489">
        <ele>2963.51</ele>
      </trkpt>
      <trkpt lat="42.73402" lon="-109.21494">
        <ele>2963.77</ele>
      </trkpt>
      <trkpt lat="42.73399" lon="-109.215">
        <ele>2964.09</ele>
      </trkpt>
      <trkpt lat="42.73399" lon="-109.21501">
        <ele>2964.09</ele>
      </trkpt>
      <trkpt lat="42.73395" lon="-109.21507">
        <ele>2963.66</ele>
      </trkpt>
      <trkpt lat="42.73392" lon="-109.21513">
        <ele>2963.47</ele>
      </trkpt>
      <trkpt lat="42.73391" lon="-109.2152">
        <ele>2963.46</ele>
      </trkpt>
      <trkpt lat="42.73391" lon="-109.21527">
        <ele>2963.46</ele>
      </trkpt>
      <trkpt lat="42.73391" lon="-109.21534">
        <ele>2963.97</ele>
      </trkpt>
      <trkpt lat="42.7339" lon="-109.2154">
        <ele>2964.16</ele>
      </trkpt>
      <trkpt lat="42.73388" lon="-109.21546">
        <ele>2963.9</ele>
      </trkpt>
      <trkpt lat="42.73385" lon="-109.21552">
        <ele>2963.58</ele>
      </trkpt>
      <trkpt lat="42.73382" lon="-109.21555">
        <ele>2963.26</ele>
      </trkpt>
      <trkpt lat="42.73379" lon="-109.21554">
        <ele>2962.93</ele>
      </trkpt>
      <trkpt lat="42.73375" lon="-109.21551">
        <ele>2962.5</ele>
      </trkpt>
      <trkpt lat="42.7337" lon="-109.21549">
        <ele>2961.97</ele>
      </trkpt>
      <trkpt lat="42.73365" lon="-109.21549">
        <ele>2961.59</ele>
      </trkpt>
      <trkpt lat="42.73361" lon="-109.21551">
        <ele>2961.5</ele>
      </trkpt>
      <trkpt lat="42.73357" lon="-109.21555">
        <ele>2961.52</ele>
      </trkpt>
      <trkpt lat="42.73355" lon="-109.21561">
        <ele>2961.34</ele>
      </trkpt>
      <trkpt lat="42.73354" lon="-109.21567">
        <ele>2961.41</ele>
      </trkpt>
      <trkpt lat="42.73353" lon="-109.21574">
        <ele>2961.99</ele>
      </trkpt>
      <trkpt lat="42.73353" lon="-109.21577">
        <ele>2962.04</ele>
      </trkpt>
      <trkpt lat="42.73347" lon="-109.21595">
        <ele>2962.48</ele>
      </trkpt>
      <trkpt lat="42.73346" lon="-109.21601">
        <ele>2962.37</ele>
      </trkpt>
      <trkpt lat="42.73343" lon="-109.21607">
        <ele>2962.07</ele>
      </trkpt>
      <trkpt lat="42.7334" lon="-109.21612">
        <ele>2961.79</ele>
      </trkpt>
      <trkpt lat="42.73337" lon="-109.21616">
        <ele>2961.61</ele>
      </trkpt>
      <trkpt lat="42.73333" lon="-109.2162">
        <ele>2960.96</ele>
      </trkpt>
      <trkpt lat="42.73329" lon="-109.21624">
        <ele>2960.92</ele>
      </trkpt>
      <trkpt lat="42.73325" lon="-109.21628">
        <ele>2960.92</ele>
      </trkpt>
      <trkpt lat="42.73322" lon="-109.21632">
        <ele>2960.78</ele>
      </trkpt>
      <trkpt lat="42.73316" lon="-109.21647">
        <ele>2961.0</ele>
      </trkpt>
      <trkpt lat="42.73314" lon="-109.21654">
        <ele>2961.54</ele>
      </trkpt>
      <trkpt lat="42.73311" lon="-109.21659">
        <ele>2961.76</ele>
      </trkpt>
      <trkpt lat="42.73308" lon="-109.21665">
        <ele>2962.08</ele>
      </trkpt>
      <trkpt lat="42.73305" lon="-109.21669">
        <ele>2962.13</ele>
      </trkpt>
      <trkpt lat="42.73301" lon="-109.21674">
        <ele>2961.81</ele>
      </trkpt>
      <trkpt lat="42.73297" lon="-109.21677">
        <ele>2961.27</ele>
      </trkpt>
      <trkpt lat="42.73295" lon="-109.21679">
        <ele>2961.05</ele>
      </trkpt>
      <trkpt lat="42.73285" lon="-109.21694">
        <ele>2960.51</ele>
      </trkpt>
      <trkpt lat="42.73281" lon="-109.21699">
        <ele>2960.19</ele>
      </trkpt>
      <trkpt lat="42.73278" lon="-109.21704">
        <ele>2960.08</ele>
      </trkpt>
      <trkpt lat="42.73275" lon="-109.21708">
        <ele>2960.16</ele>
      </trkpt>
      <trkpt lat="42.73271" lon="-109.21713">
        <ele>2960.27</ele>
      </trkpt>
      <trkpt lat="42.73268" lon="-109.21718">
        <ele>2960.43</ele>
      </trkpt>
      <trkpt lat="42.73264" lon="-109.21722">
        <ele>2960.0</ele>
      </trkpt>
      <trkpt lat="42.73261" lon="-109.21727">
        <ele>2959.79</ele>
      </trkpt>
      <trkpt lat="42.73258" lon="-109.21732">
        <ele>2959.74</ele>
      </trkpt>
      <trkpt lat="42.73255" lon="-109.21736">
        <ele>2959.3</ele>
      </trkpt>
      <trkpt lat="42.73252" lon="-109.21745">
        <ele>2959.32</ele>
      </trkpt>
      <trkpt lat="42.7325" lon="-109.21751">
        <ele>2959.11</ele>
      </trkpt>
      <trkpt lat="42.73246" lon="-109.21757">
        <ele>2959.32</ele>
      </trkpt>
      <trkpt lat="42.73243" lon="-109.21762">
        <ele>2959.32</ele>
      </trkpt>
      <trkpt lat="42.73241" lon="-109.21767">
        <ele>2959.05</ele>
      </trkpt>
      <trkpt lat="42.7324" lon="-109.21767">
        <ele>2958.91</ele>
      </trkpt>
      <trkpt lat="42.73227" lon="-109.21781">
        <ele>2958.2</ele>
      </trkpt>
      <trkpt lat="42.73223" lon="-109.21784">
        <ele>2957.78</ele>
      </trkpt>
      <trkpt lat="42.7322" lon="-109.21788">
        <ele>2957.62</ele>
      </trkpt>
      <trkpt lat="42.73217" lon="-109.21793">
        <ele>2957.52</ele>
      </trkpt>
      <trkpt lat="42.73213" lon="-109.21798">
        <ele>2957.19</ele>
      </trkpt>
      <trkpt lat="42.73211" lon="-109.21804">
        <ele>2957.41</ele>
      </trkpt>
      <trkpt lat="42.73209" lon="-109.2181">
        <ele>2957.62</ele>
      </trkpt>
      <trkpt lat="42.73209" lon="-109.21811">
        <ele>2957.73</ele>
      </trkpt>
      <trkpt lat="42.73207" lon="-109.21816">
        <ele>2957.84</ele>
      </trkpt>
      <trkpt lat="42.73203" lon="-109.2182">
        <ele>2957.41</ele>
      </trkpt>
      <trkpt lat="42.732" lon="-109.21826">
        <ele>2957.41</ele>
      </trkpt>
      <trkpt lat="42.73198" lon="-109.21831">
        <ele>2957.52</ele>
      </trkpt>
      <trkpt lat="42.73195" lon="-109.21837">
        <ele>2957.52</ele>
      </trkpt>
      <trkpt lat="42.73191" lon="-109.21842">
        <ele>2957.54</ele>
      </trkpt>
      <trkpt lat="42.73187" lon="-109.21845">
        <ele>2957.51</ele>
      </trkpt>
      <trkpt lat="42.73185" lon="-109.21847">
        <ele>2957.44</ele>
      </trkpt>
      <trkpt lat="42.73169" lon="-109.21865">
        <ele>2956.34</ele>
      </trkpt>
      <trkpt lat="42.73165" lon="-109.2187">
        <ele>2956.57</ele>
      </trkpt>
      <trkpt lat="42.73162" lon="-109.21875">
        <ele>2956.74</ele>
      </trkpt>
      <trkpt lat="42.73159" lon="-109.2188">
        <ele>2957.22</ele>
      </trkpt>
      <trkpt lat="42.73154" lon="-109.21886">
        <ele>2957.21</ele>
      </trkpt>
      <trkpt lat="42.7315" lon="-109.2189">
        <ele>2957.34</ele>
      </trkpt>
      <trkpt lat="42.73146" lon="-109.21894">
        <ele>2957.32</ele>
      </trkpt>
      <trkpt lat="42.73146" lon="-109.21894">
        <ele>2957.32</ele>
      </trkpt>
      <trkpt lat="42.73135" lon="-109.21902">
        <ele>2957.0</ele>
      </trkpt>
      <trkpt lat="42.73131" lon="-109.21904">
        <ele>2956.78</ele>
      </trkpt>
      <trkpt lat="42.73127" lon="-109.21908">
        <ele>2956.78</ele>
      </trkpt>
      <trkpt lat="42.73124" lon="-109.21912">
        <ele>2956.89</ele>
      </trkpt>
      <trkpt lat="42.73119" lon="-109.21916">
        <ele>2956.63</ele>
      </trkpt>
      <trkpt lat="42.73118" lon="-109.21918">
        <ele>2956.63</ele>
      </trkpt>
      <trkpt lat="42.7311" lon="-109.21928">
        <ele>2956.1</ele>
      </trkpt>
      <trkpt lat="42.73108" lon="-109.21934">
        <ele>2956.54</ele>
      </trkpt>
      <trkpt lat="42.73106" lon="-109.2194">
        <ele>2956.97</ele>
      </trkpt>
      <trkpt lat="42.73104" lon="-109.21946">
        <ele>2957.4</ele>
      </trkpt>
      <trkpt lat="42.73102" lon="-109.21951">
        <ele>2957.72</ele>
      </trkpt>
      <trkpt lat="42.73099" lon="-109.21957">
        <ele>2958.05</ele>
      </trkpt>
      <trkpt lat="42.73095" lon="-109.21963">
        <ele>2958.26</ele>
      </trkpt>
      <trkpt lat="42.73093" lon="-109.21966">
        <ele>2958.37</ele>
      </trkpt>
      <trkpt lat="42.73079" lon="-109.21984">
        <ele>2957.8</ele>
      </trkpt>
      <trkpt lat="42.73075" lon="-109.21989">
        <ele>2957.91</ele>
      </trkpt>
      <trkpt lat="42.73072" lon="-109.21994">
        <ele>2957.78</ele>
      </trkpt>
      <trkpt lat="42.73068" lon="-109.21999">
        <ele>2957.34</ele>
      </trkpt>
      <trkpt lat="42.73065" lon="-109.22003">
        <ele>2957.34</ele>
      </trkpt>
      <trkpt lat="42.73062" lon="-109.22008">
        <ele>2957.56</ele>
      </trkpt>
      <trkpt lat="42.73058" lon="-109.22013">
        <ele>2957.26</ele>
      </trkpt>
      <trkpt lat="42.73057" lon="-109.2202">
        <ele>2957.18</ele>
      </trkpt>
      <trkpt lat="42.73056" lon="-109.22026">
        <ele>2957.09</ele>
      </trkpt>
      <trkpt lat="42.73055" lon="-109.2203">
        <ele>2957.18</ele>
      </trkpt>
      <trkpt lat="42.73054" lon="-109.22043">
        <ele>2957.83</ele>
      </trkpt>
      <trkpt lat="42.73056" lon="-109.2205">
        <ele>2958.07</ele>
      </trkpt>
      <trkpt lat="42.73058" lon="-109.22056">
        <ele>2958.53</ele>
      </trkpt>
      <trkpt lat="42.73057" lon="-109.22063">
        <ele>2958.31</ele>
      </trkpt>
      <trkpt lat="42.73054" lon="-109.22068">
        <ele>2958.12</ele>
      </trkpt>
      <trkpt lat="42.73051" lon="-109.22073">
        <ele>2957.96</ele>
      </trkpt>
      <trkpt lat="42.73047" lon="-109.22078">
        <ele>2956.76</ele>
      </trkpt>
      <trkpt lat="42.73046" lon="-109.2208">
        <ele>2956.32</ele>
      </trkpt>
      <trkpt lat="42.7304" lon="-109.22091">
        <ele>2954.76</ele>
      </trkpt>
      <trkpt lat="42.73036" lon="-109.22096">
        <ele>2953.45</ele>
      </trkpt>
      <trkpt lat="42.73033" lon="-109.22102">
        <ele>2952.56</ele>
      </trkpt>
      <trkpt lat="42.73032" lon="-109.22108">
        <ele>2952.09</ele>
      </trkpt>
      <trkpt lat="42.7303" lon="-109.22114">
        <ele>2951.79</ele>
      </trkpt>
      <trkpt lat="42.73027" lon="-109.2212">
        <ele>2951.88</ele>
      </trkpt>
      <trkpt lat="42.73025" lon="-109.22123">
        <ele>2951.7</ele>
      </trkpt>
      <trkpt lat="42.73019" lon="-109.22134">
        <ele>2951.08</ele>
      </trkpt>
      <trkpt lat="42.73016" lon="-109.2214">
        <ele>2950.82</ele>
      </trkpt>
      <trkpt lat="42.73014" lon="-109.22145">
        <ele>2950.85</ele>
      </trkpt>
      <trkpt lat="42.73013" lon="-109.22151">
        <ele>2950.81</ele>
      </trkpt>
      <trkpt lat="42.73011" lon="-109.22157">
        <ele>2950.38</ele>
      </trkpt>
      <trkpt lat="42.73009" lon="-109.2216">
        <ele>2950.26</ele>
      </trkpt>
      <trkpt lat="42.72999" lon="-109.2218">
        <ele>2948.95</ele>
      </trkpt>
      <trkpt lat="42.72996" lon="-109.22186">
        <ele>2948.53</ele>
      </trkpt>
      <trkpt lat="42.72994" lon="-109.22191">
        <ele>2947.95</ele>
      </trkpt>
      <trkpt lat="42.72991" lon="-109.22197">
        <ele>2947.06</ele>
      </trkpt>
      <trkpt lat="42.72989" lon="-109.22202">
        <ele>2946.66</ele>
      </trkpt>
      <trkpt lat="42.72986" lon="-109.22208">
        <ele>2945.98</ele>
      </trkpt>
      <trkpt lat="42.72986" lon="-109.22209">
        <ele>2945.98</ele>
      </trkpt>
      <trkpt lat="42.72984" lon="-109.22221">
        <ele>2945.54</ele>
      </trkpt>
      <trkpt lat="42.72982" lon="-109.22227">
        <ele>2945.63</ele>
      </trkpt>
      <trkpt lat="42.7298" lon="-109.22233">
        <ele>2945.55</ele>
      </trkpt>
      <trkpt lat="42.72976" lon="-109.22238">
        <ele>2944.64</ele>
      </trkpt>
      <trkpt lat="42.72973" lon="-109.22242">
        <ele>2944.3</ele>
      </trkpt>
      <trkpt lat="42.7297" lon="-109.22245">
        <ele>2943.98</ele>
      </trkpt>
      <trkpt lat="42.72958" lon="-109.22255">
        <ele>2941.93</ele>
      </trkpt>
      <trkpt lat="42.72954" lon="-109.22259">
        <ele>2941.07</ele>
      </trkpt>
      <trkpt lat="42.7295" lon="-109.22263">
        <ele>2940.44</ele>
      </trkpt>
      <trkpt lat="42.72946" lon="-109.22266">
        <ele>2939.46</ele>
      </trkpt>
      <trkpt lat="42.72942" lon="-109.22269">
        <ele>2938.56</ele>
      </trkpt>
      <trkpt lat="42.72937" lon="-109.22271">
        <ele>2937.71</ele>
      </trkpt>
      <trkpt lat="42.72937" lon="-109.22271">
        <ele>2937.71</ele>
      </trkpt>
      <trkpt lat="42.72925" lon="-109.22278">
        <ele>2936.02</ele>
      </trkpt>
      <trkpt lat="42.72922" lon="-109.22282">
        <ele>2936.26</ele>
      </trkpt>
      <trkpt lat="42.72918" lon="-109.22287">
        <ele>2936.14</ele>
      </trkpt>
      <trkpt lat="42.72915" lon="-109.22292">
        <ele>2935.82</ele>
      </trkpt>
      <trkpt lat="42.72913" lon="-109.22297">
        <ele>2935.6</ele>
      </trkpt>
      <trkpt lat="42.72912" lon="-109.22298">
        <ele>2935.5</ele>
      </trkpt>
      <trkpt lat="42.72905" lon="-109.22318">
        <ele>2935.74</ele>
      </trkpt>
      <trkpt lat="42.72903" lon="-109.22324">
        <ele>2935.52</ele>
      </trkpt>
      <trkpt lat="42.72901" lon="-109.2233">
        <ele>2935.51</ele>
      </trkpt>
      <trkpt lat="42.729" lon="-109.22336">
        <ele>2935.69</ele>
      </trkpt>
      <trkpt lat="42.72898" lon="-109.22342">
        <ele>2935.89</ele>
      </trkpt>
      <trkpt lat="42.72896" lon="-109.22348">
        <ele>2935.44</ele>
      </trkpt>
      <trkpt lat="42.72894" lon="-109.22351">
        <ele>2935.06</ele>
      </trkpt>
      <trkpt lat="42.7289" lon="-109.22361">
        <ele>2934.36</ele>
      </trkpt>
      <trkpt lat="42.72889" lon="-109.22367">
        <ele>2934.67</ele>
      </trkpt>
      <trkpt lat="42.72887" lon="-109.22373">
        <ele>2934.67</ele>
      </trkpt>
      <trkpt lat="42.72883" lon="-109.22377">
        <ele>2933.81</ele>
      </trkpt>
      <trkpt lat="42.7288" lon="-109.22382">
        <ele>2933.38</ele>
      </trkpt>
      <trkpt lat="42.72877" lon="-109.22386">
        <ele>2932.84</ele>
      </trkpt>
      <trkpt lat="42.72874" lon="-109.22391">
        <ele>2932.4</ele>
      </trkpt>
      <trkpt lat="42.7287" lon="-109.22395">
        <ele>2931.58</ele>
      </trkpt>
      <trkpt lat="42.72866" lon="-109.224">
        <ele>2931.36</ele>
      </trkpt>
      <trkpt lat="42.72865" lon="-109.224">
        <ele>2931.12</ele>
      </trkpt>
      <trkpt lat="42.72859" lon="-109.22403">
        <ele>2930.07</ele>
      </trkpt>
      <trkpt lat="42.72853" lon="-109.22403">
        <ele>2928.77</ele>
      </trkpt>
      <trkpt lat="42.72849" lon="-109.22403">
        <ele>2927.91</ele>
      </trkpt>
      <trkpt lat="42.72844" lon="-109.22404">
        <ele>2926.94</ele>
      </trkpt>
      <trkpt lat="42.72839" lon="-109.22405">
        <ele>2926.45</ele>
      </trkpt>
      <trkpt lat="42.72834" lon="-109.22407">
        <ele>2926.07</ele>
      </trkpt>
      <trkpt lat="42.72833" lon="-109.22409">
        <ele>2926.0</ele>
      </trkpt>
      <trkpt lat="42.72822" lon="-109.22418">
        <ele>2925.66</ele>
      </trkpt>
      <trkpt lat="42.72818" lon="-109.22423">
        <ele>2925.11</ele>
      </trkpt>
      <trkpt lat="42.72815" lon="-109.22427">
        <ele>2924.89</ele>
      </trkpt>
      <trkpt lat="42.72811" lon="-109.22431">
        <ele>2924.04</ele>
      </trkpt>
      <trkpt lat="42.72808" lon="-109.22436">
        <ele>2923.26</ele>
      </trkpt>
      <trkpt lat="42.72806" lon="-109.22439">
        <ele>2923.05</ele>
      </trkpt>
      <trkpt lat="42.72793" lon="-109.22456">
        <ele>2920.8</ele>
      </trkpt>
      <trkpt lat="42.72791" lon="-109.22462">
        <ele>2920.81</ele>
      </trkpt>
      <trkpt lat="42.7279" lon="-109.22468">
        <ele>2921.18</ele>
      </trkpt>
      <trkpt lat="42.72787" lon="-109.22474">
        <ele>2921.19</ele>
      </trkpt>
      <trkpt lat="42.72784" lon="-109.2248">
        <ele>2921.24</ele>
      </trkpt>
      <trkpt lat="42.72781" lon="-109.22485">
        <ele>2920.94</ele>
      </trkpt>
      <trkpt lat="42.72776" lon="-109.22489">
        <ele>2920.46</ele>
      </trkpt>
      <trkpt lat="42.72772" lon="-109.22492">
        <ele>2919.84</ele>
      </trkpt>
      <trkpt lat="42.72771" lon="-109.22492">
        <ele>2919.64</ele>
      </trkpt>
      <trkpt lat="42.72768" lon="-109.22503">
        <ele>2920.27</ele>
      </trkpt>
      <trkpt lat="42.72765" lon="-109.22509">
        <ele>2920.59</ele>
      </trkpt>
      <trkpt lat="42.72762" lon="-109.22513">
        <ele>2920.58</ele>
      </trkpt>
      <trkpt lat="42.72758" lon="-109.22517">
        <ele>2920.7</ele>
      </trkpt>
      <trkpt lat="42.72755" lon="-109.22522">
        <ele>2920.54</ele>
      </trkpt>
      <trkpt lat="42.7275" lon="-109.22526">
        <ele>2920.0</ele>
      </trkpt>
      <trkpt lat="42.72749" lon="-109.22528">
        <ele>2920.02</ele>
      </trkpt>
      <trkpt lat="42.72738" lon="-109.22541">
        <ele>2920.13</ele>
      </trkpt>
      <trkpt lat="42.72734" lon="-109.22546">
        <ele>2920.24</ele>
      </trkpt>
      <trkpt lat="42.72731" lon="-109.22551">
        <ele>2920.46</ele>
      </trkpt>
      <trkpt lat="42.72729" lon="-109.22557">
        <ele>2920.73</ele>
      </trkpt>
      <trkpt lat="42.72726" lon="-109.22562">
        <ele>2920.41</ele>
      </trkpt>
      <trkpt lat="42.72723" lon="-109.22566">
        <ele>2920.21</ele>
      </trkpt>
      <trkpt lat="42.72718" lon="-109.22571">
        <ele>2920.21</ele>
      </trkpt>
      <trkpt lat="42.72717" lon="-109.22572">
        <ele>2920.21</ele>
      </trkpt>
      <trkpt lat="42.72712" lon="-109.22583">
        <ele>2920.86</ele>
      </trkpt>
      <trkpt lat="42.7271" lon="-109.2259">
        <ele>2920.68</ele>
      </trkpt>
      <trkpt lat="42.72709" lon="-109.22596">
        <ele>2920.94</ele>
      </trkpt>
      <trkpt lat="42.72708" lon="-109.22603">
        <ele>2921.53</ele>
      </trkpt>
      <trkpt lat="42.72706" lon="-109.22608">
        <ele>2921.75</ele>
      </trkpt>
      <trkpt lat="42.72702" lon="-109.22614">
        <ele>2921.87</ele>
      </trkpt>
      <trkpt lat="42.72698" lon="-109.22618">
        <ele>2921.84</ele>
      </trkpt>
      <trkpt lat="42.72695" lon="-109.2262">
        <ele>2921.96</ele>
      </trkpt>
      <trkpt lat="42.7269" lon="-109.22627">
        <ele>2921.52</ele>
      </trkpt>
      <trkpt lat="42.72689" lon="-109.22633">
        <ele>2921.78</ele>
      </trkpt>
      <trkpt lat="42.72688" lon="-109.2264">
        <ele>2922.3</ele>
      </trkpt>
      <trkpt lat="42.72688" lon="-109.22647">
        <ele>2922.3</ele>
      </trkpt>
      <trkpt lat="42.72687" lon="-109.22653">
        <ele>2922.72</ele>
      </trkpt>
      <trkpt lat="42.72684" lon="-109.2266">
        <ele>2923.15</ele>
      </trkpt>
      <trkpt lat="42.72683" lon="-109.22662">
        <ele>2923.26</ele>
      </trkpt>
      <trkpt lat="42.7268" lon="-109.22683">
        <ele>2924.2</ele>
      </trkpt>
      <trkpt lat="42.72678" lon="-109.22689">
        <ele>2924.22</ele>
      </trkpt>
      <trkpt lat="42.72675" lon="-109.22695">
        <ele>2924.05</ele>
      </trkpt>
      <trkpt lat="42.72672" lon="-109.22699">
        <ele>2924.28</ele>
      </trkpt>
      <trkpt lat="42.72668" lon="-109.22703">
        <ele>2924.13</ele>
      </trkpt>
      <trkpt lat="42.72664" lon="-109.22707">
        <ele>2924.25</ele>
      </trkpt>
      <trkpt lat="42.72659" lon="-109.2271">
        <ele>2924.12</ele>
      </trkpt>
      <trkpt lat="42.72657" lon="-109.22711">
        <ele>2924.0</ele>
      </trkpt>
      <trkpt lat="42.72653" lon="-109.22716">
        <ele>2924.33</ele>
      </trkpt>
      <trkpt lat="42.7265" lon="-109.22722">
        <ele>2924.98</ele>
      </trkpt>
      <trkpt lat="42.72647" lon="-109.22727">
        <ele>2925.06</ele>
      </trkpt>
      <trkpt lat="42.72645" lon="-109.22733">
        <ele>2925.34</ele>
      </trkpt>
      <trkpt lat="42.72643" lon="-109.22739">
        <ele>2925.56</ele>
      </trkpt>
      <trkpt lat="42.72642" lon="-109.22746">
        <ele>2925.85</ele>
      </trkpt>
      <trkpt lat="42.72642" lon="-109.22752">
        <ele>2926.0</ele>
      </trkpt>
      <trkpt lat="42.72644" lon="-109.22758">
        <ele>2926.0</ele>
      </trkpt>
      <trkpt lat="42.72646" lon="-109.22763">
        <ele>2926.0</ele>
      </trkpt>
      <trkpt lat="42.72646" lon="-109.2277">
        <ele>2926.0</ele>
      </trkpt>
      <trkpt lat="42.72645" lon="-109.22772">
        <ele>2926.0</ele>
      </trkpt>
      <trkpt lat="42.7264" lon="-109.22778">
        <ele>2926.0</ele>
      </trkpt>
      <trkpt lat="42.72636" lon="-109.22783">
        <ele>2926.0</ele>
      </trkpt>
      <trkpt lat="42.72633" lon="-109.22788">
        <ele>2925.9</ele>
      </trkpt>
      <trkpt lat="42.7263" lon="-109.22794">
        <ele>2925.25</ele>
      </trkpt>
      <trkpt lat="42.72628" lon="-109.22799">
        <ele>2924.83</ele>
      </trkpt>
      <trkpt lat="42.72628" lon="-109.22806">
        <ele>2923.85</ele>
      </trkpt>
      <trkpt lat="42.72627" lon="-109.22813">
        <ele>2921.36</ele>
      </trkpt>
      <trkpt lat="42.72624" lon="-109.22818">
        <ele>2919.29</ele>
      </trkpt>
      <trkpt lat="42.72621" lon="-109.22823">
        <ele>2916.65</ele>
      </trkpt>
      <trkpt lat="42.72617" lon="-109.22828">
        <ele>2916.2</ele>
      </trkpt>
      <trkpt lat="42.72617" lon="-109.22828">
        <ele>2916.2</ele>
      </trkpt>
      <trkpt lat="42.72608" lon="-109.22844">
        <ele>2914.57</ele>
      </trkpt>
      <trkpt lat="42.72605" lon="-109.2285">
        <ele>2914.26</ele>
      </trkpt>
      <trkpt lat="42.72604" lon="-109.22856">
        <ele>2913.66</ele>
      </trkpt>
      <trkpt lat="42.72605" lon="-109.22863">
        <ele>2913.34</ele>
      </trkpt>
      <trkpt lat="42.72605" lon="-109.22869">
        <ele>2913.34</ele>
      </trkpt>
      <trkpt lat="42.72603" lon="-109.22875">
        <ele>2912.69</ele>
      </trkpt>
      <trkpt lat="42.72601" lon="-109.22881">
        <ele>2911.85</ele>
      </trkpt>
      <trkpt lat="42.72598" lon="-109.22886">
        <ele>2911.31</ele>
      </trkpt>
      <trkpt lat="42.72594" lon="-109.22892">
        <ele>2910.43</ele>
      </trkpt>
      <trkpt lat="42.72592" lon="-109.22896">
        <ele>2909.41</ele>
      </trkpt>
      <trkpt lat="42.7259" lon="-109.22903">
        <ele>2907.9</ele>
      </trkpt>
      <trkpt lat="42.72589" lon="-109.22907">
        <ele>2906.91</ele>
      </trkpt>
      <trkpt lat="42.72589" lon="-109.2292">
        <ele>2905.26</ele>
      </trkpt>
      <trkpt lat="42.72588" lon="-109.22926">
        <ele>2904.0</ele>
      </trkpt>
      <trkpt lat="42.72587" lon="-109.22933">
        <ele>2903.19</ele>
      </trkpt>
      <trkpt lat="42.72589" lon="-109.22938">
        <ele>2903.0</ele>
      </trkpt>
      <trkpt lat="42.72592" lon="-109.22943">
        <ele>2903.0</ele>
      </trkpt>
      <trkpt lat="42.72592" lon="-109.2295">
        <ele>2904.72</ele>
      </trkpt>
      <trkpt lat="42.72592" lon="-109.2295">
        <ele>2904.72</ele>
      </trkpt>
      <trkpt lat="42.72588" lon="-109.22955">
        <ele>2905.43</ele>
      </trkpt>
      <trkpt lat="42.72583" lon="-109.22957">
        <ele>2905.02</ele>
      </trkpt>
      <trkpt lat="42.72579" lon="-109.2296">
        <ele>2905.25</ele>
      </trkpt>
      <trkpt lat="42.72576" lon="-109.22964">
        <ele>2905.66</ele>
      </trkpt>
      <trkpt lat="42.72572" lon="-109.22968">
        <ele>2905.64</ele>
      </trkpt>
      <trkpt lat="42.72569" lon="-109.22973">
        <ele>2906.03</ele>
      </trkpt>
      <trkpt lat="42.72568" lon="-109.22978">
        <ele>2906.53</ele>
      </trkpt>
      <trkpt lat="42.72566" lon="-109.22989">
        <ele>2908.01</ele>
      </trkpt>
      <trkpt lat="42.72563" lon="-109.22995">
        <ele>2908.24</ele>
      </trkpt>
      <trkpt lat="42.7256" lon="-109.23">
        <ele>2907.92</ele>
      </trkpt>
      <trkpt lat="42.72557" lon="-109.23005">
        <ele>2907.7</ele>
      </trkpt>
      <trkpt lat="42.72555" lon="-109.23011">
        <ele>2908.18</ele>
      </trkpt>
      <trkpt lat="42.72553" lon="-109.23016">
        <ele>2908.43</ele>
      </trkpt>
      <trkpt lat="42.7255" lon="-109.23021">
        <ele>2908.14</ele>
      </trkpt>
      <trkpt lat="42.72545" lon="-109.23025">
        <ele>2906.98</ele>
      </trkpt>
      <trkpt lat="42.72544" lon="-109.23026">
        <ele>2906.87</ele>
      </trkpt>
      <trkpt lat="42.72537" lon="-109.23033">
        <ele>2906.12</ele>
      </trkpt>
      <trkpt lat="42.72533" lon="-109.23036">
        <ele>2905.52</ele>
      </trkpt>
      <trkpt lat="42.72531" lon="-109.23042">
        <ele>2906.12</ele>
      </trkpt>
      <trkpt lat="42.72529" lon="-109.23047">
        <ele>2906.56</ele>
      </trkpt>
      <trkpt lat="42.72524" lon="-109.23049">
        <ele>2905.36</ele>
      </trkpt>
      <trkpt lat="42.7252" lon="-109.23051">
        <ele>2904.5</ele>
      </trkpt>
      <trkpt lat="42.72515" lon="-109.23054">
        <ele>2903.97</ele>
      </trkpt>
      <trkpt lat="42.72512" lon="-109.23058">
        <ele>2903.93</ele>
      </trkpt>
      <trkpt lat="42.72512" lon="-109.23058">
        <ele>2903.93</ele>
      </trkpt>
      <trkpt lat="42.72504" lon="-109.23066">
        <ele>2903.05</ele>
      </trkpt>
      <trkpt lat="42.725" lon="-109.23071">
        <ele>2902.67</ele>
      </trkpt>
      <trkpt lat="42.72496" lon="-109.23076">
        <ele>2902.89</ele>
      </trkpt>
      <trkpt lat="42.72492" lon="-109.2308">
        <ele>2902.86</ele>
      </trkpt>
      <trkpt lat="42.72487" lon="-109.23082">
        <ele>2902.45</ele>
      </trkpt>
      <trkpt lat="42.72483" lon="-109.23085">
        <ele>2902.37</ele>
      </trkpt>
      <trkpt lat="42.72479" lon="-109.23089">
        <ele>2902.18</ele>
      </trkpt>
      <trkpt lat="42.72476" lon="-109.23094">
        <ele>2901.97</ele>
      </trkpt>
      <trkpt lat="42.72473" lon="-109.23097">
        <ele>2901.64</ele>
      </trkpt>
      <trkpt lat="42.72455" lon="-109.23107">
        <ele>2900.7</ele>
      </trkpt>
      <trkpt lat="42.72451" lon="-109.23109">
        <ele>2900.48</ele>
      </trkpt>
      <trkpt lat="42.72447" lon="-109.23113">
        <ele>2900.48</ele>
      </trkpt>
      <trkpt lat="42.72443" lon="-109.23116">
        <ele>2900.37</ele>
      </trkpt>
      <trkpt lat="42.7244" lon="-109.2312">
        <ele>2900.48</ele>
      </trkpt>
      <trkpt lat="42.72439" lon="-109.23121">
        <ele>2900.48</ele>
      </trkpt>
      <trkpt lat="42.72428" lon="-109.23133">
        <ele>2900.59</ele>
      </trkpt>
      <trkpt lat="42.72424" lon="-109.23137">
        <ele>2900.59</ele>
      </trkpt>
      <trkpt lat="42.72419" lon="-109.2314">
        <ele>2900.37</ele>
      </trkpt>
      <trkpt lat="42.72414" lon="-109.23141">
        <ele>2899.65</ele>
      </trkpt>
      <trkpt lat="42.7241" lon="-109.23145">
        <ele>2899.22</ele>
      </trkpt>
      <trkpt lat="42.72406" lon="-109.23149">
        <ele>2898.94</ele>
      </trkpt>
      <trkpt lat="42.72403" lon="-109.23154">
        <ele>2899.16</ele>
      </trkpt>
      <trkpt lat="42.724" lon="-109.23159">
        <ele>2899.37</ele>
      </trkpt>
      <trkpt lat="42.72398" lon="-109.23164">
        <ele>2899.68</ele>
      </trkpt>
      <trkpt lat="42.72387" lon="-109.23179">
        <ele>2898.59</ele>
      </trkpt>
      <trkpt lat="42.72385" lon="-109.23184">
        <ele>2898.16</ele>
      </trkpt>
      <trkpt lat="42.72382" lon="-109.23189">
        <ele>2897.92</ele>
      </trkpt>
      <trkpt lat="42.72379" lon="-109.23194">
        <ele>2897.82</ele>
      </trkpt>
      <trkpt lat="42.72376" lon="-109.23199">
        <ele>2897.71</ele>
      </trkpt>
      <trkpt lat="42.72372" lon="-109.23204">
        <ele>2897.41</ele>
      </trkpt>
      <trkpt lat="42.72371" lon="-109.23207">
        <ele>2897.82</ele>
      </trkpt>
      <trkpt lat="42.72361" lon="-109.23218">
        <ele>2897.05</ele>
      </trkpt>
      <trkpt lat="42.72357" lon="-109.23222">
        <ele>2896.62</ele>
      </trkpt>
      <trkpt lat="42.72353" lon="-109.23224">
        <ele>2895.73</ele>
      </trkpt>
      <trkpt lat="42.72348" lon="-109.23226">
        <ele>2894.4</ele>
      </trkpt>
      <trkpt lat="42.72344" lon="-109.23229">
        <ele>2893.3</ele>
      </trkpt>
      <trkpt lat="42.7234" lon="-109.23233">
        <ele>2892.96</ele>
      </trkpt>
      <trkpt lat="42.72337" lon="-109.23238">
        <ele>2892.95</ele>
      </trkpt>
      <trkpt lat="42.72337" lon="-109.23238">
        <ele>2892.95</ele>
      </trkpt>
      <trkpt lat="42.72327" lon="-109.23259">
        <ele>2892.25</ele>
      </trkpt>
      <trkpt lat="42.72325" lon="-109.23265">
        <ele>2892.08</ele>
      </trkpt>
      <trkpt lat="42.72322" lon="-109.2327">
        <ele>2891.68</ele>
      </trkpt>
      <trkpt lat="42.72319" lon="-109.23275">
        <ele>2891.22</ele>
      </trkpt>
      <trkpt lat="42.72316" lon="-109.23279">
        <ele>2890.53</ele>
      </trkpt>
      <trkpt lat="42.72312" lon="-109.23282">
        <ele>2890.32</ele>
      </trkpt>
      <trkpt lat="42.72308" lon="-109.23285">
        <ele>2890.21</ele>
      </trkpt>
      <trkpt lat="42.72304" lon="-109.23289">
        <ele>2890.0</ele>
      </trkpt>
      <trkpt lat="42.72301" lon="-109.23296">
        <ele>2890.0</ele>
      </trkpt>
      <trkpt lat="42.72301" lon="-109.23296">
        <ele>2890.0</ele>
      </trkpt>
      <trkpt lat="42.72294" lon="-109.2332">
        <ele>2890.31</ele>
      </trkpt>
      <trkpt lat="42.72291" lon="-109.23325">
        <ele>2890.51</ele>
      </trkpt>
      <trkpt lat="42.72288" lon="-109.23329">
        <ele>2890.21</ele>
      </trkpt>
      <trkpt lat="42.72284" lon="-109.23334">
        <ele>2889.79</ele>
      </trkpt>
      <trkpt lat="42.72281" lon="-109.23339">
        <ele>2890.17</ele>
      </trkpt>
      <trkpt lat="42.72278" lon="-109.23344">
        <ele>2890.2</ele>
      </trkpt>
      <trkpt lat="42.72277" lon="-109.23347">
        <ele>2890.39</ele>
      </trkpt>
      <trkpt lat="42.72266" lon="-109.23368">
        <ele>2890.47</ele>
      </trkpt>
      <trkpt lat="42.72261" lon="-109.23372">
        <ele>2890.36</ele>
      </trkpt>
      <trkpt lat="42.72257" lon="-109.23374">
        <ele>2890.15</ele>
      </trkpt>
      <trkpt lat="42.72252" lon="-109.23374">
        <ele>2889.61</ele>
      </trkpt>
      <trkpt lat="42.72248" lon="-109.23376">
        <ele>2889.39</ele>
      </trkpt>
      <trkpt lat="42.72243" lon="-109.23378">
        <ele>2889.07</ele>
      </trkpt>
      <trkpt lat="42.72239" lon="-109.23382">
        <ele>2889.07</ele>
      </trkpt>
      <trkpt lat="42.72237" lon="-109.23388">
        <ele>2889.5</ele>
      </trkpt>
      <trkpt lat="42.72236" lon="-109.2339">
        <ele>2889.49</ele>
      </trkpt>
      <trkpt lat="42.72234" lon="-109.23401">
        <ele>2889.58</ele>
      </trkpt>
      <trkpt lat="42.72232" lon="-109.23407">
        <ele>2890.01</ele>
      </trkpt>
      <trkpt lat="42.72228" lon="-109.23412">
        <ele>2890.12</ele>
      </trkpt>
      <trkpt lat="42.72224" lon="-109.23415">
        <ele>2890.01</ele>
      </trkpt>
      <trkpt lat="42.72219" lon="-109.23416">
        <ele>2889.61</ele>
      </trkpt>
      <trkpt lat="42.72214" lon="-109.23416">
        <ele>2889.1</ele>
      </trkpt>
      <trkpt lat="42.7221" lon="-109.23419">
        <ele>2888.93</ele>
      </trkpt>
      <trkpt lat="42.72206" lon="-109.23422">
        <ele>2888.82</ele>
      </trkpt>
      <trkpt lat="42.72202" lon="-109.23426">
        <ele>2888.82</ele>
      </trkpt>
      <trkpt lat="42.72201" lon="-109.23427">
        <ele>2888.82</ele>
      </trkpt>
      <trkpt lat="42.72189" lon="-109.23437">
        <ele>2888.61</ele>
      </trkpt>
      <trkpt lat="42.72185" lon="-109.2344">
        <ele>2888.51</ele>
      </trkpt>
      <trkpt lat="42.72181" lon="-109.23445">
        <ele>2888.61</ele>
      </trkpt>
      <trkpt lat="42.72178" lon="-109.23449">
        <ele>2888.72</ele>
      </trkpt>
      <trkpt lat="42.72175" lon="-109.23455">
        <ele>2889.04</ele>
      </trkpt>
      <trkpt lat="42.72173" lon="-109.23461">
        <ele>2889.47</ele>
      </trkpt>
      <trkpt lat="42.72172" lon="-109.23463">
        <ele>2889.58</ele>
      </trkpt>
      <trkpt lat="42.72162" lon="-109.23481">
        <ele>2889.47</ele>
      </trkpt>
      <trkpt lat="42.72158" lon="-109.23485">
        <ele>2889.44</ele>
      </trkpt>
      <trkpt lat="42.72155" lon="-109.2349">
        <ele>2889.66</ele>
      </trkpt>
      <trkpt lat="42.72151" lon="-109.23494">
        <ele>2889.55</ele>
      </trkpt>
      <trkpt lat="42.72148" lon="-109.23499">
        <ele>2889.86</ele>
      </trkpt>
      <trkpt lat="42.72145" lon="-109.23504">
        <ele>2889.47</ele>
      </trkpt>
      <trkpt lat="42.72141" lon="-109.23509">
        <ele>2889.21</ele>
      </trkpt>
      <trkpt lat="42.72138" lon="-109.23513">
        <ele>2889.27</ele>
      </trkpt>
      <trkpt lat="42.72134" lon="-109.23518">
        <ele>2888.92</ele>
      </trkpt>
      <trkpt lat="42.72131" lon="-109.23522">
        <ele>2888.62</ele>
      </trkpt>
      <trkpt lat="42.72127" lon="-109.23526">
        <ele>2888.29</ele>
      </trkpt>
      <trkpt lat="42.72124" lon="-109.23528">
        <ele>2887.81</ele>
      </trkpt>
      <trkpt lat="42.72109" lon="-109.23545">
        <ele>2886.4</ele>
      </trkpt>
      <trkpt lat="42.72106" lon="-109.2355">
        <ele>2886.3</ele>
      </trkpt>
      <trkpt lat="42.72102" lon="-109.23553">
        <ele>2885.76</ele>
      </trkpt>
      <trkpt lat="42.72098" lon="-109.23556">
        <ele>2884.82</ele>
      </trkpt>
      <trkpt lat="42.72094" lon="-109.23559">
        <ele>2884.14</ele>
      </trkpt>
      <trkpt lat="42.72089" lon="-109.23562">
        <ele>2882.84</ele>
      </trkpt>
      <trkpt lat="42.72085" lon="-109.23566">
        <ele>2882.06</ele>
      </trkpt>
      <trkpt lat="42.72081" lon="-109.2357">
        <ele>2881.75</ele>
      </trkpt>
      <trkpt lat="42.72077" lon="-109.23574">
        <ele>2880.57</ele>
      </trkpt>
      <trkpt lat="42.72075" lon="-109.23576">
        <ele>2880.08</ele>
      </trkpt>
      <trkpt lat="42.72067" lon="-109.23585">
        <ele>2879.93</ele>
      </trkpt>
      <trkpt lat="42.72063" lon="-109.23589">
        <ele>2879.49</ele>
      </trkpt>
      <trkpt lat="42.72061" lon="-109.23596">
        <ele>2880.02</ele>
      </trkpt>
      <trkpt lat="42.7206" lon="-109.23602">
        <ele>2880.46</ele>
      </trkpt>
      <trkpt lat="42.72058" lon="-109.23608">
        <ele>2880.63</ele>
      </trkpt>
      <trkpt lat="42.72055" lon="-109.23613">
        <ele>2880.28</ele>
      </trkpt>
      <trkpt lat="42.72052" lon="-109.23618">
        <ele>2880.43</ele>
      </trkpt>
      <trkpt lat="42.72049" lon="-109.23623">
        <ele>2879.96</ele>
      </trkpt>
      <trkpt lat="42.72046" lon="-109.23628">
        <ele>2878.97</ele>
      </trkpt>
      <trkpt lat="42.72045" lon="-109.23629">
        <ele>2878.86</ele>
      </trkpt>
      <trkpt lat="42.72041" lon="-109.23636">
        <ele>2879.02</ele>
      </trkpt>
      <trkpt lat="42.7204" lon="-109.23643">
        <ele>2879.99</ele>
      </trkpt>
      <trkpt lat="42.72038" lon="-109.23648">
        <ele>2880.38</ele>
      </trkpt>
      <trkpt lat="42.72035" lon="-109.23654">
        <ele>2880.46</ele>
      </trkpt>
      <trkpt lat="42.72031" lon="-109.23657">
        <ele>2879.33</ele>
      </trkpt>
      <trkpt lat="42.72026" lon="-109.23659">
        <ele>2878.07</ele>
      </trkpt>
      <trkpt lat="42.7202" lon="-109.2366">
        <ele>2876.69</ele>
      </trkpt>
      <trkpt lat="42.72016" lon="-109.23662">
        <ele>2876.23</ele>
      </trkpt>
      <trkpt lat="42.72016" lon="-109.23662">
        <ele>2876.23</ele>
      </trkpt>
      <trkpt lat="42.72002" lon="-109.23672">
        <ele>2874.67</ele>
      </trkpt>
      <trkpt lat="42.71998" lon="-109.23677">
        <ele>2874.09</ele>
      </trkpt>
      <trkpt lat="42.71994" lon="-109.23681">
        <ele>2874.19</ele>
      </trkpt>
      <trkpt lat="42.7199" lon="-109.23687">
        <ele>2874.1</ele>
      </trkpt>
      <trkpt lat="42.71986" lon="-109.23692">
        <ele>2873.85</ele>
      </trkpt>
      <trkpt lat="42.71982" lon="-109.23696">
        <ele>2873.46</ele>
      </trkpt>
      <trkpt lat="42.71978" lon="-109.237">
        <ele>2873.6</ele>
      </trkpt>
      <trkpt lat="42.71973" lon="-109.23704">
        <ele>2873.23</ele>
      </trkpt>
      <trkpt lat="42.71969" lon="-109.23707">
        <ele>2873.24</ele>
      </trkpt>
      <trkpt lat="42.71969" lon="-109.23707">
        <ele>2873.24</ele>
      </trkpt>
      <trkpt lat="42.71954" lon="-109.23721">
        <ele>2873.67</ele>
      </trkpt>
      <trkpt lat="42.71949" lon="-109.23724">
        <ele>2872.96</ele>
      </trkpt>
      <trkpt lat="42.71944" lon="-109.23728">
        <ele>2872.76</ele>
      </trkpt>
      <trkpt lat="42.7194" lon="-109.2373">
        <ele>2872.23</ele>
      </trkpt>
      <trkpt lat="42.71936" lon="-109.23732">
        <ele>2871.43</ele>
      </trkpt>
      <trkpt lat="42.71931" lon="-109.23734">
        <ele>2870.79</ele>
      </trkpt>
      <trkpt lat="42.71929" lon="-109.23735">
        <ele>2870.55</ele>
      </trkpt>
      <trkpt lat="42.71915" lon="-109.23747">
        <ele>2869.87</ele>
      </trkpt>
      <trkpt lat="42.7191" lon="-109.2375">
        <ele>2868.84</ele>
      </trkpt>
      <trkpt lat="42.71906" lon="-109.23752">
        <ele>2868.31</ele>
      </trkpt>
      <trkpt lat="42.71901" lon="-109.23755">
        <ele>2867.86</ele>
      </trkpt>
      <trkpt lat="42.71897" lon="-109.23758">
        <ele>2867.5</ele>
      </trkpt>
      <trkpt lat="42.71893" lon="-109.23763">
        <ele>2867.7</ele>
      </trkpt>
      <trkpt lat="42.7189" lon="-109.23766">
        <ele>2867.7</ele>
      </trkpt>
      <trkpt lat="42.71886" lon="-109.2377">
        <ele>2867.54</ele>
      </trkpt>
      <trkpt lat="42.71885" lon="-109.23771">
        <ele>2867.43</ele>
      </trkpt>
      <trkpt lat="42.71879" lon="-109.23778">
        <ele>2866.89</ele>
      </trkpt>
      <trkpt lat="42.71874" lon="-109.2378">
        <ele>2866.02</ele>
      </trkpt>
      <trkpt lat="42.7187" lon="-109.23783">
        <ele>2865.48</ele>
      </trkpt>
      <trkpt lat="42.71865" lon="-109.23786">
        <ele>2864.73</ele>
      </trkpt>
      <trkpt lat="42.71861" lon="-109.2379">
        <ele>2864.31</ele>
      </trkpt>
      <trkpt lat="42.71858" lon="-109.23794">
        <ele>2864.42</ele>
      </trkpt>
      <trkpt lat="42.71854" lon="-109.23799">
        <ele>2864.52</ele>
      </trkpt>
      <trkpt lat="42.71849" lon="-109.23803">
        <ele>2864.11</ele>
      </trkpt>
      <trkpt lat="42.71845" lon="-109.23807">
        <ele>2863.68</ele>
      </trkpt>
      <trkpt lat="42.7184" lon="-109.23811">
        <ele>2863.03</ele>
      </trkpt>
      <trkpt lat="42.71838" lon="-109.23811">
        <ele>2862.6</ele>
      </trkpt>
      <trkpt lat="42.71832" lon="-109.23815">
        <ele>2861.73</ele>
      </trkpt>
      <trkpt lat="42.71829" lon="-109.2382">
        <ele>2861.62</ele>
      </trkpt>
      <trkpt lat="42.71827" lon="-109.23826">
        <ele>2861.84</ele>
      </trkpt>
      <trkpt lat="42.71822" lon="-109.2383">
        <ele>2861.19</ele>
      </trkpt>
      <trkpt lat="42.71818" lon="-109.23832">
        <ele>2860.54</ele>
      </trkpt>
      <trkpt lat="42.71814" lon="-109.23836">
        <ele>2860.4</ele>
      </trkpt>
      <trkpt lat="42.7181" lon="-109.23839">
        <ele>2860.18</ele>
      </trkpt>
      <trkpt lat="42.71807" lon="-109.23844">
        <ele>2860.46</ele>
      </trkpt>
      <trkpt lat="42.71803" lon="-109.23848">
        <ele>2860.03</ele>
      </trkpt>
      <trkpt lat="42.71799" lon="-109.23852">
        <ele>2859.61</ele>
      </trkpt>
      <trkpt lat="42.71797" lon="-109.23854">
        <ele>2859.6</ele>
      </trkpt>
      <trkpt lat="42.71791" lon="-109.23862">
        <ele>2860.01</ele>
      </trkpt>
      <trkpt lat="42.71788" lon="-109.23866">
        <ele>2860.21</ele>
      </trkpt>
      <trkpt lat="42.71784" lon="-109.2387">
        <ele>2860.28</ele>
      </trkpt>
      <trkpt lat="42.71779" lon="-109.23871">
        <ele>2859.33</ele>
      </trkpt>
      <trkpt lat="42.71774" lon="-109.23872">
        <ele>2858.77</ele>
      </trkpt>
      <trkpt lat="42.71769" lon="-109.23873">
        <ele>2858.34</ele>
      </trkpt>
      <trkpt lat="42.71764" lon="-109.23875">
        <ele>2857.52</ele>
      </trkpt>
      <trkpt lat="42.71763" lon="-109.23876">
        <ele>2857.42</ele>
      </trkpt>
      <trkpt lat="42.71751" lon="-109.23886">
        <ele>2856.18</ele>
      </trkpt>
      <trkpt lat="42.71748" lon="-109.2389">
        <ele>2855.88</ele>
      </trkpt>
      <trkpt lat="42.71745" lon="-109.23895">
        <ele>2855.76</ele>
      </trkpt>
      <trkpt lat="42.71742" lon="-109.239">
        <ele>2855.47</ele>
      </trkpt>
      <trkpt lat="42.71737" lon="-109.23905">
        <ele>2855.34</ele>
      </trkpt>
      <trkpt lat="42.71731" lon="-109.2391">
        <ele>2855.23</ele>
      </trkpt>
      <trkpt lat="42.71731" lon="-109.2391">
        <ele>2855.23</ele>
      </trkpt>
      <trkpt lat="42.71717" lon="-109.23926">
        <ele>2856.44</ele>
      </trkpt>
      <trkpt lat="42.71713" lon="-109.23931">
        <ele>2856.0</ele>
      </trkpt>
      <trkpt lat="42.71711" lon="-109.23936">
        <ele>2855.86</ele>
      </trkpt>
      <trkpt lat="42.71708" lon="-109.23941">
        <ele>2855.76</ele>
      </trkpt>
      <trkpt lat="42.71705" lon="-109.23946">
        <ele>2855.42</ele>
      </trkpt>
      <trkpt lat="42.71702" lon="-109.2395">
        <ele>2855.31</ele>
      </trkpt>
      <trkpt lat="42.71702" lon="-109.23951">
        <ele>2855.39</ele>
      </trkpt>
      <trkpt lat="42.71695" lon="-109.23965">
        <ele>2855.07</ele>
      </trkpt>
      <trkpt lat="42.71693" lon="-109.23971">
        <ele>2854.82</ele>
      </trkpt>
      <trkpt lat="42.7169" lon="-109.23976">
        <ele>2854.73</ele>
      </trkpt>
      <trkpt lat="42.71688" lon="-109.23981">
        <ele>2854.59</ele>
      </trkpt>
      <trkpt lat="42.71684" lon="-109.23986">
        <ele>2854.36</ele>
      </trkpt>
      <trkpt lat="42.71682" lon="-109.2399">
        <ele>2854.58</ele>
      </trkpt>
      <trkpt lat="42.71678" lon="-109.23997">
        <ele>2854.38</ele>
      </trkpt>
      <trkpt lat="42.71674" lon="-109.24002">
        <ele>2854.01</ele>
      </trkpt>
      <trkpt lat="42.71671" lon="-109.24005">
        <ele>2854.01</ele>
      </trkpt>
      <trkpt lat="42.71668" lon="-109.24011">
        <ele>2854.17</ele>
      </trkpt>
      <trkpt lat="42.71666" lon="-109.24016">
        <ele>2853.91</ele>
      </trkpt>
      <trkpt lat="42.71663" lon="-109.24022">
        <ele>2853.98</ele>
      </trkpt>
      <trkpt lat="42.71662" lon="-109.24024">
        <ele>2854.09</ele>
      </trkpt>
      <trkpt lat="42.71656" lon="-109.2403">
        <ele>2853.94</ele>
      </trkpt>
      <trkpt lat="42.71652" lon="-109.24034">
        <ele>2853.5</ele>
      </trkpt>
      <trkpt lat="42.71649" lon="-109.2404">
        <ele>2853.5</ele>
      </trkpt>
      <trkpt lat="42.71645" lon="-109.24044">
        <ele>2853.07</ele>
      </trkpt>
      <trkpt lat="42.71641" lon="-109.24047">
        <ele>2852.53</ele>
      </trkpt>
      <trkpt lat="42.71638" lon="-109.2405">
        <ele>2852.27</ele>
      </trkpt>
      <trkpt lat="42.71623" lon="-109.24064">
        <ele>2850.48</ele>
      </trkpt>
      <trkpt lat="42.71619" lon="-109.24068">
        <ele>2850.05</ele>
      </trkpt>
      <trkpt lat="42.71616" lon="-109.24072">
        <ele>2849.83</ele>
      </trkpt>
      <trkpt lat="42.71612" lon="-109.24078">
        <ele>2849.62</ele>
      </trkpt>
      <trkpt lat="42.71609" lon="-109.24083">
        <ele>2849.51</ele>
      </trkpt>
      <trkpt lat="42.71606" lon="-109.24088">
        <ele>2849.63</ele>
      </trkpt>
      <trkpt lat="42.71603" lon="-109.24094">
        <ele>2849.66</ele>
      </trkpt>
      <trkpt lat="42.71601" lon="-109.241">
        <ele>2850.42</ele>
      </trkpt>
      <trkpt lat="42.71599" lon="-109.24105">
        <ele>2850.72</ele>
      </trkpt>
      <trkpt lat="42.71597" lon="-109.24109">
        <ele>2850.72</ele>
      </trkpt>
      <trkpt lat="42.71591" lon="-109.24114">
        <ele>2850.28</ele>
      </trkpt>
      <trkpt lat="42.71586" lon="-109.24117">
        <ele>2849.85</ele>
      </trkpt>
      <trkpt lat="42.71582" lon="-109.24119">
        <ele>2849.42</ele>
      </trkpt>
      <trkpt lat="42.71577" lon="-109.24123">
        <ele>2848.92</ele>
      </trkpt>
      <trkpt lat="42.71574" lon="-109.24127">
        <ele>2848.7</ele>
      </trkpt>
      <trkpt lat="42.7157" lon="-109.24132">
        <ele>2848.63</ele>
      </trkpt>
      <trkpt lat="42.71567" lon="-109.24136">
        <ele>2848.85</ele>
      </trkpt>
      <trkpt lat="42.71562" lon="-109.2414">
        <ele>2848.55</ele>
      </trkpt>
      <trkpt lat="42.71558" lon="-109.24144">
        <ele>2848.49</ele>
      </trkpt>
      <trkpt lat="42.71553" lon="-109.24147">
        <ele>2848.2</ele>
      </trkpt>
      <trkpt lat="42.71549" lon="-109.24149">
        <ele>2847.74</ele>
      </trkpt>
      <trkpt lat="42.71546" lon="-109.24152">
        <ele>2847.77</ele>
      </trkpt>
      <trkpt lat="42.71533" lon="-109.24163">
        <ele>2846.73</ele>
      </trkpt>
      <trkpt lat="42.71529" lon="-109.24167">
        <ele>2846.34</ele>
      </trkpt>
      <trkpt lat="42.71526" lon="-109.24172">
        <ele>2846.66</ele>
      </trkpt>
      <trkpt lat="42.71523" lon="-109.24177">
        <ele>2846.68</ele>
      </trkpt>
      <trkpt lat="42.71521" lon="-109.24183">
        <ele>2847.33</ele>
      </trkpt>
      <trkpt lat="42.71519" lon="-109.24189">
        <ele>2847.96</ele>
      </trkpt>
      <trkpt lat="42.71516" lon="-109.24194">
        <ele>2847.83</ele>
      </trkpt>
      <trkpt lat="42.71513" lon="-109.24199">
        <ele>2847.89</ele>
      </trkpt>
      <trkpt lat="42.71513" lon="-109.24199">
        <ele>2847.89</ele>
      </trkpt>
      <trkpt lat="42.71507" lon="-109.24208">
        <ele>2847.95</ele>
      </trkpt>
      <trkpt lat="42.71503" lon="-109.24211">
        <ele>2846.87</ele>
      </trkpt>
      <trkpt lat="42.71498" lon="-109.24215">
        <ele>2846.23</ele>
      </trkpt>
      <trkpt lat="42.71494" lon="-109.24218">
        <ele>2846.34</ele>
      </trkpt>
      <trkpt lat="42.7149" lon="-109.24221">
        <ele>2846.45</ele>
      </trkpt>
      <trkpt lat="42.71486" lon="-109.24224">
        <ele>2846.36</ele>
      </trkpt>
      <trkpt lat="42.71481" lon="-109.24228">
        <ele>2846.14</ele>
      </trkpt>
      <trkpt lat="42.71477" lon="-109.24233">
        <ele>2846.28</ele>
      </trkpt>
      <trkpt lat="42.71477" lon="-109.24233">
        <ele>2846.28</ele>
      </trkpt>
      <trkpt lat="42.71461" lon="-109.24249">
        <ele>2845.68</ele>
      </trkpt>
      <trkpt lat="42.71456" lon="-109.24253">
        <ele>2845.65</ele>
      </trkpt>
      <trkpt lat="42.71452" lon="-109.24257">
        <ele>2845.53</ele>
      </trkpt>
      <trkpt lat="42.71449" lon="-109.24262">
        <ele>2845.79</ele>
      </trkpt>
      <trkpt lat="42.71446" lon="-109.24266">
        <ele>2845.9</ele>
      </trkpt>
      <trkpt lat="42.71442" lon="-109.24271">
        <ele>2845.74</ele>
      </trkpt>
      <trkpt lat="42.71439" lon="-109.24276">
        <ele>2845.63</ele>
      </trkpt>
      <trkpt lat="42.71436" lon="-109.24281">
        <ele>2845.84</ele>
      </trkpt>
      <trkpt lat="42.71435" lon="-109.24282">
        <ele>2845.88</ele>
      </trkpt>
      <trkpt lat="42.71425" lon="-109.24294">
        <ele>2846.33</ele>
      </trkpt>
      <trkpt lat="42.71421" lon="-109.24297">
        <ele>2846.05</ele>
      </trkpt>
      <trkpt lat="42.71416" lon="-109.24301">
        <ele>2845.98</ele>
      </trkpt>
      <trkpt lat="42.71411" lon="-109.24304">
        <ele>2846.15</ele>
      </trkpt>
      <trkpt lat="42.71406" lon="-109.24306">
        <ele>2845.9</ele>
      </trkpt>
      <trkpt lat="42.71402" lon="-109.24309">
        <ele>2845.79</ele>
      </trkpt>
      <trkpt lat="42.71397" lon="-109.24313">
        <ele>2845.68</ele>
      </trkpt>
      <trkpt lat="42.71396" lon="-109.24314">
        <ele>2845.68</ele>
      </trkpt>
      <trkpt lat="42.71387" lon="-109.2432">
        <ele>2845.45</ele>
      </trkpt>
      <trkpt lat="42.71381" lon="-109.24324">
        <ele>2845.15</ele>
      </trkpt>
      <trkpt lat="42.71377" lon="-109.24328">
        <ele>2845.42</ele>
      </trkpt>
      <trkpt lat="42.71373" lon="-109.24332">
        <ele>2845.86</ele>
      </trkpt>
      <trkpt lat="42.71369" lon="-109.24334">
        <ele>2845.86</ele>
      </trkpt>
      <trkpt lat="42.71364" lon="-109.24336">
        <ele>2845.51</ele>
      </trkpt>
      <trkpt lat="42.7136" lon="-109.24339">
        <ele>2845.49</ele>
      </trkpt>
      <trkpt lat="42.71355" lon="-109.24344">
        <ele>2845.49</ele>
      </trkpt>
      <trkpt lat="42.71355" lon="-109.24344">
        <ele>2845.49</ele>
      </trkpt>
      <trkpt lat="42.71337" lon="-109.2436">
        <ele>2845.35</ele>
      </trkpt>
      <trkpt lat="42.71333" lon="-109.24362">
        <ele>2845.1</ele>
      </trkpt>
      <trkpt lat="42.71328" lon="-109.24365">
        <ele>2845.42</ele>
      </trkpt>
      <trkpt lat="42.71325" lon="-109.24369">
        <ele>2845.85</ele>
      </trkpt>
      <trkpt lat="42.71321" lon="-109.24374">
        <ele>2845.8</ele>
      </trkpt>
      <trkpt lat="42.71317" lon="-109.24377">
        <ele>2845.78</ele>
      </trkpt>
      <trkpt lat="42.71313" lon="-109.24381">
        <ele>2845.83</ele>
      </trkpt>
      <trkpt lat="42.71313" lon="-109.24381">
        <ele>2845.83</ele>
      </trkpt>
      <trkpt lat="42.71305" lon="-109.24389">
        <ele>2845.94</ele>
      </trkpt>
      <trkpt lat="42.713" lon="-109.24391">
        <ele>2845.54</ele>
      </trkpt>
      <trkpt lat="42.71296" lon="-109.24393">
        <ele>2845.43</ele>
      </trkpt>
      <trkpt lat="42.71291" lon="-109.24395">
        <ele>2845.28</ele>
      </trkpt>
      <trkpt lat="42.71287" lon="-109.24397">
        <ele>2845.0</ele>
      </trkpt>
      <trkpt lat="42.71283" lon="-109.244">
        <ele>2845.11</ele>
      </trkpt>
      <trkpt lat="42.71278" lon="-109.24403">
        <ele>2845.01</ele>
      </trkpt>
      <trkpt lat="42.71276" lon="-109.24406">
        <ele>2844.97</ele>
      </trkpt>
      <trkpt lat="42.7126" lon="-109.24423">
        <ele>2845.05</ele>
      </trkpt>
      <trkpt lat="42.71254" lon="-109.24428">
        <ele>2845.1</ele>
      </trkpt>
      <trkpt lat="42.71251" lon="-109.24432">
        <ele>2845.07</ele>
      </trkpt>
      <trkpt lat="42.71247" lon="-109.24436">
        <ele>2845.06</ele>
      </trkpt>
      <trkpt lat="42.71243" lon="-109.24441">
        <ele>2845.15</ele>
      </trkpt>
      <trkpt lat="42.7124" lon="-109.24445">
        <ele>2845.06</ele>
      </trkpt>
      <trkpt lat="42.71237" lon="-109.24447">
        <ele>2845.16</ele>
      </trkpt>
      <trkpt lat="42.71228" lon="-109.24451">
        <ele>2844.89</ele>
      </trkpt>
      <trkpt lat="42.71224" lon="-109.24455">
        <ele>2845.03</ele>
      </trkpt>
      <trkpt lat="42.71221" lon="-109.24459">
        <ele>2844.87</ele>
      </trkpt>
      <trkpt lat="42.71218" lon="-109.24464">
        <ele>2844.66</ele>
      </trkpt>
      <trkpt lat="42.71213" lon="-109.24468">
        <ele>2844.55</ele>
      </trkpt>
      <trkpt lat="42.71208" lon="-109.24471">
        <ele>2844.4</ele>
      </trkpt>
      <trkpt lat="42.71205" lon="-109.24474">
        <ele>2844.33</ele>
      </trkpt>
      <trkpt lat="42.71186" lon="-109.24486">
        <ele>2843.58</ele>
      </trkpt>
      <trkpt lat="42.71181" lon="-109.2449">
        <ele>2843.47</ele>
      </trkpt>
      <trkpt lat="42.71177" lon="-109.24493">
        <ele>2843.36</ele>
      </trkpt>
      <trkpt lat="42.71173" lon="-109.24497">
        <ele>2843.26</ele>
      </trkpt>
      <trkpt lat="42.71173" lon="-109.24497">
        <ele>2843.26</ele>
      </trkpt>
      <trkpt lat="42.71168" lon="-109.24505">
        <ele>2843.68</ele>
      </trkpt>
      <trkpt lat="42.71167" lon="-109.24511">
        <ele>2844.22</ele>
      </trkpt>
      <trkpt lat="42.71164" lon="-109.24517">
        <ele>2844.55</ele>
      </trkpt>
      <trkpt lat="42.71161" lon="-109.24521">
        <ele>2844.66</ele>
      </trkpt>
      <trkpt lat="42.71156" lon="-109.24524">
        <ele>2844.44</ele>
      </trkpt>
      <trkpt lat="42.71155" lon="-109.24525">
        <ele>2844.44</ele>
      </trkpt>
      <trkpt lat="42.71146" lon="-109.24531">
        <ele>2844.2</ele>
      </trkpt>
      <trkpt lat="42.71143" lon="-109.24535">
        <ele>2844.66</ele>
      </trkpt>
      <trkpt lat="42.71139" lon="-109.24539">
        <ele>2845.21</ele>
      </trkpt>
      <trkpt lat="42.71136" lon="-109.24544">
        <ele>2845.67</ele>
      </trkpt>
      <trkpt lat="42.71133" lon="-109.24549">
        <ele>2846.4</ele>
      </trkpt>
      <trkpt lat="42.71129" lon="-109.24553">
        <ele>2846.66</ele>
      </trkpt>
      <trkpt lat="42.71124" lon="-109.24556">
        <ele>2846.47</ele>
      </trkpt>
      <trkpt lat="42.71122" lon="-109.24557">
        <ele>2846.46</ele>
      </trkpt>
      <trkpt lat="42.71113" lon="-109.24567">
        <ele>2847.44</ele>
      </trkpt>
      <trkpt lat="42.71108" lon="-109.24572">
        <ele>2847.78</ele>
      </trkpt>
      <trkpt lat="42.71104" lon="-109.24577">
        <ele>2848.32</ele>
      </trkpt>
      <trkpt lat="42.711" lon="-109.24581">
        <ele>2848.55</ele>
      </trkpt>
      <trkpt lat="42.71096" lon="-109.24585">
        <ele>2848.55</ele>
      </trkpt>
      <trkpt lat="42.71092" lon="-109.2459">
        <ele>2848.66</ele>
      </trkpt>
      <trkpt lat="42.71088" lon="-109.24593">
        <ele>2848.55</ele>
      </trkpt>
      <trkpt lat="42.71084" lon="-109.24597">
        <ele>2848.55</ele>
      </trkpt>
      <trkpt lat="42.71082" lon="-109.24598">
        <ele>2848.44</ele>
      </trkpt>
      <trkpt lat="42.71067" lon="-109.24614">
        <ele>2848.55</ele>
      </trkpt>
      <trkpt lat="42.71063" lon="-109.24617">
        <ele>2848.44</ele>
      </trkpt>
      <trkpt lat="42.7106" lon="-109.24622">
        <ele>2848.66</ele>
      </trkpt>
      <trkpt lat="42.71057" lon="-109.24627">
        <ele>2848.87</ele>
      </trkpt>
      <trkpt lat="42.71054" lon="-109.24632">
        <ele>2848.92</ele>
      </trkpt>
      <trkpt lat="42.71051" lon="-109.24637">
        <ele>2848.81</ele>
      </trkpt>
      <trkpt lat="42.71048" lon="-109.24642">
        <ele>2848.98</ele>
      </trkpt>
      <trkpt lat="42.71044" lon="-109.24647">
        <ele>2849.29</ele>
      </trkpt>
      <trkpt lat="42.7104" lon="-109.24651">
        <ele>2848.95</ele>
      </trkpt>
      <trkpt lat="42.71036" lon="-109.24655">
        <ele>2848.52</ele>
      </trkpt>
      <trkpt lat="42.71034" lon="-109.24657">
        <ele>2848.3</ele>
      </trkpt>
      <trkpt lat="42.71029" lon="-109.24666">
        <ele>2849.0</ele>
      </trkpt>
      <trkpt lat="42.71027" lon="-109.24672">
        <ele>2849.41</ele>
      </trkpt>
      <trkpt lat="42.71024" lon="-109.24678">
        <ele>2849.5</ele>
      </trkpt>
      <trkpt lat="42.7102" lon="-109.24683">
        <ele>2849.73</ele>
      </trkpt>
      <trkpt lat="42.71017" lon="-109.24687">
        <ele>2849.74</ele>
      </trkpt>
      <trkpt lat="42.71016" lon="-109.24688">
        <ele>2849.57</ele>
      </trkpt>
      <trkpt lat="42.71012" lon="-109.24692">
        <ele>2849.14</ele>
      </trkpt>
      <trkpt lat="42.71005" lon="-109.24701">
        <ele>2849.5</ele>
      </trkpt>
      <trkpt lat="42.70992" lon="-109.24721">
        <ele>2850.01</ele>
      </trkpt>
      <trkpt lat="42.70979" lon="-109.24734">
        <ele>2850.01</ele>
      </trkpt>
      <trkpt lat="42.70959" lon="-109.24768">
        <ele>2852.03</ele>
      </trkpt>
      <trkpt lat="42.70923" lon="-109.24799">
        <ele>2848.44</ele>
      </trkpt>
      <trkpt lat="42.70906" lon="-109.24817">
        <ele>2845.78</ele>
      </trkpt>
      <trkpt lat="42.70871" lon="-109.24839">
        <ele>2838.0</ele>
      </trkpt>
      <trkpt lat="42.70836" lon="-109.2488">
        <ele>2838.66</ele>
      </trkpt>
      <trkpt lat="42.70829" lon="-109.24887">
        <ele>2838.66</ele>
      </trkpt>
      <trkpt lat="42.70817" lon="-109.24896">
        <ele>2838.77</ele>
      </trkpt>
      <trkpt lat="42.70811" lon="-109.24898">
        <ele>2838.14</ele>
      </trkpt>
      <trkpt lat="42.70807" lon="-109.24902">
        <ele>2838.14</ele>
      </trkpt>
      <trkpt lat="42.70802" lon="-109.24906">
        <ele>2838.25</ele>
      </trkpt>
      <trkpt lat="42.70799" lon="-109.24911">
        <ele>2839.18</ele>
      </trkpt>
      <trkpt lat="42.70796" lon="-109.24917">
        <ele>2840.01</ele>
      </trkpt>
      <trkpt lat="42.70794" lon="-109.24922">
        <ele>2840.66</ele>
      </trkpt>
      <trkpt lat="42.70793" lon="-109.24929">
        <ele>2841.74</ele>
      </trkpt>
      <trkpt lat="42.70792" lon="-109.24935">
        <ele>2842.51</ele>
      </trkpt>
      <trkpt lat="42.7079" lon="-109.24941">
        <ele>2843.15</ele>
      </trkpt>
      <trkpt lat="42.70787" lon="-109.24946">
        <ele>2843.33</ele>
      </trkpt>
      <trkpt lat="42.70783" lon="-109.24949">
        <ele>2843.33</ele>
      </trkpt>
      <trkpt lat="42.70779" lon="-109.24953">
        <ele>2843.18</ele>
      </trkpt>
      <trkpt lat="42.70779" lon="-109.24954">
        <ele>2843.3</ele>
      </trkpt>
      <trkpt lat="42.70774" lon="-109.24965">
        <ele>2843.94</ele>
      </trkpt>
      <trkpt lat="42.7077" lon="-109.24969">
        <ele>2843.92</ele>
      </trkpt>
      <trkpt lat="42.70766" lon="-109.24975">
        <ele>2844.25</ele>
      </trkpt>
      <trkpt lat="42.70763" lon="-109.24979">
        <ele>2844.43</ele>
      </trkpt>
      <trkpt lat="42.7076" lon="-109.24985">
        <ele>2844.54</ele>
      </trkpt>
      <trkpt lat="42.70758" lon="-109.2499">
        <ele>2844.78</ele>
      </trkpt>
      <trkpt lat="42.70757" lon="-109.24997">
        <ele>2845.94</ele>
      </trkpt>
      <trkpt lat="42.70758" lon="-109.25003">
        <ele>2847.1</ele>
      </trkpt>
      <trkpt lat="42.70759" lon="-109.2501">
        <ele>2848.05</ele>
      </trkpt>
      <trkpt lat="42.70758" lon="-109.25016">
        <ele>2848.59</ele>
      </trkpt>
      <trkpt lat="42.70755" lon="-109.25021">
        <ele>2848.81</ele>
      </trkpt>
      <trkpt lat="42.70751" lon="-109.25025">
        <ele>2848.81</ele>
      </trkpt>
      <trkpt lat="42.70747" lon="-109.25028">
        <ele>2848.7</ele>
      </trkpt>
      <trkpt lat="42.70746" lon="-109.25028">
        <ele>2848.59</ele>
      </trkpt>
      <trkpt lat="42.70744" lon="-109.25031">
        <ele>2848.7</ele>
      </trkpt>
      <trkpt lat="42.70742" lon="-109.25037">
        <ele>2849.13</ele>
      </trkpt>
      <trkpt lat="42.70739" lon="-109.25043">
        <ele>2849.46</ele>
      </trkpt>
      <trkpt lat="42.70736" lon="-109.25047">
        <ele>2849.6</ele>
      </trkpt>
      <trkpt lat="42.70732" lon="-109.25051">
        <ele>2850.04</ele>
      </trkpt>
      <trkpt lat="42.70732" lon="-109.25051">
        <ele>2850.04</ele>
      </trkpt>
      <trkpt lat="42.70726" lon="-109.25054">
        <ele>2850.17</ele>
      </trkpt>
      <trkpt lat="42.70721" lon="-109.25057">
        <ele>2849.89</ele>
      </trkpt>
      <trkpt lat="42.70718" lon="-109.25062">
        <ele>2849.86</ele>
      </trkpt>
      <trkpt lat="42.70714" lon="-109.25066">
        <ele>2850.13</ele>
      </trkpt>
      <trkpt lat="42.7071" lon="-109.2507">
        <ele>2850.24</ele>
      </trkpt>
      <trkpt lat="42.70707" lon="-109.25072">
        <ele>2850.13</ele>
      </trkpt>
      <trkpt lat="42.70698" lon="-109.25081">
        <ele>2849.23</ele>
      </trkpt>
      <trkpt lat="42.70694" lon="-109.25084">
        <ele>2848.98</ele>
      </trkpt>
      <trkpt lat="42.70693" lon="-109.25085">
        <ele>2848.87</ele>
      </trkpt>
      <trkpt lat="42.70689" lon="-109.25088">
        <ele>2848.33</ele>
      </trkpt>
      <trkpt lat="42.70684" lon="-109.25092">
        <ele>2847.67</ele>
      </trkpt>
      <trkpt lat="42.70669" lon="-109.25106">
        <ele>2845.95</ele>
      </trkpt>
      <trkpt lat="42.70661" lon="-109.25108">
        <ele>2844.44</ele>
      </trkpt>
      <trkpt lat="42.70639" lon="-109.25135">
        <ele>2843.6</ele>
      </trkpt>
      <trkpt lat="42.70632" lon="-109.25142">
        <ele>2843.34</ele>
      </trkpt>
      <trkpt lat="42.70595" lon="-109.25172">
        <ele>2838.1</ele>
      </trkpt>
      <trkpt lat="42.70582" lon="-109.25192">
        <ele>2837.45</ele>
      </trkpt>
      <trkpt lat="42.7058" lon="-109.25203">
        <ele>2838.2</ele>
      </trkpt>
      <trkpt lat="42.70577" lon="-109.25208">
        <ele>2837.95</ele>
      </trkpt>
      <trkpt lat="42.70573" lon="-109.25211">
        <ele>2837.67</ele>
      </trkpt>
      <trkpt lat="42.70569" lon="-109.25215">
        <ele>2837.55</ele>
      </trkpt>
      <trkpt lat="42.70566" lon="-109.2522">
        <ele>2837.23</ele>
      </trkpt>
      <trkpt lat="42.70563" lon="-109.25225">
        <ele>2837.1</ele>
      </trkpt>
      <trkpt lat="42.70559" lon="-109.2523">
        <ele>2837.21</ele>
      </trkpt>
      <trkpt lat="42.70558" lon="-109.25232">
        <ele>2837.32</ele>
      </trkpt>
      <trkpt lat="42.70553" lon="-109.25236">
        <ele>2837.21</ele>
      </trkpt>
      <trkpt lat="42.7055" lon="-109.25238">
        <ele>2837.1</ele>
      </trkpt>
      <trkpt lat="42.70547" lon="-109.25241">
        <ele>2837.1</ele>
      </trkpt>
      <trkpt lat="42.70501" lon="-109.25298">
        <ele>2835.4</ele>
      </trkpt>
      <trkpt lat="42.70474" lon="-109.25326">
        <ele>2833.76</ele>
      </trkpt>
      <trkpt lat="42.70431" lon="-109.25378">
        <ele>2833.82</ele>
      </trkpt>
      <trkpt lat="42.70393" lon="-109.25419">
        <ele>2832.14</ele>
      </trkpt>
      <trkpt lat="42.70341" lon="-109.25485">
        <ele>2832.52</ele>
      </trkpt>
      <trkpt lat="42.70306" lon="-109.25525">
        <ele>2832.75</ele>
      </trkpt>
      <trkpt lat="42.70266" lon="-109.25562">
        <ele>2829.15</ele>
      </trkpt>
      <trkpt lat="42.70226" lon="-109.25581">
        <ele>2823.56</ele>
      </trkpt>
      <trkpt lat="42.70192" lon="-109.25599">
        <ele>2822.12</ele>
      </trkpt>
      <trkpt lat="42.70109" lon="-109.25636">
        <ele>2817.46</ele>
      </trkpt>
      <trkpt lat="42.70067" lon="-109.25651">
        <ele>2815.47</ele>
      </trkpt>
      <trkpt lat="42.70049" lon="-109.25656">
        <ele>2814.14</ele>
      </trkpt>
      <trkpt lat="42.70031" lon="-109.25656">
        <ele>2813.2</ele>
      </trkpt>
      <trkpt lat="42.69991" lon="-109.2567">
        <ele>2811.39</ele>
      </trkpt>
      <trkpt lat="42.69963" lon="-109.25681">
        <ele>2810.55</ele>
      </trkpt>
      <trkpt lat="42.69942" lon="-109.25692">
        <ele>2809.47</ele>
      </trkpt>
      <trkpt lat="42.69927" lon="-109.25702">
        <ele>2808.93</ele>
      </trkpt>
      <trkpt lat="42.69882" lon="-109.25734">
        <ele>2807.07</ele>
      </trkpt>
      <trkpt lat="42.69871" lon="-109.25739">
        <ele>2806.24</ele>
      </trkpt>
      <trkpt lat="42.69856" lon="-109.25748">
        <ele>2806.34</ele>
      </trkpt>
      <trkpt lat="42.69845" lon="-109.25754">
        <ele>2805.68</ele>
      </trkpt>
      <trkpt lat="42.69832" lon="-109.2576">
        <ele>2805.0</ele>
      </trkpt>
      <trkpt lat="42.69806" lon="-109.25781">
        <ele>2804.05</ele>
      </trkpt>
      <trkpt lat="42.69803" lon="-109.25793">
        <ele>2804.47</ele>
      </trkpt>
      <trkpt lat="42.69756" lon="-109.25868">
        <ele>2800.48</ele>
      </trkpt>
      <trkpt lat="42.69731" lon="-109.25887">
        <ele>2800.0</ele>
      </trkpt>
      <trkpt lat="42.69707" lon="-109.25905">
        <ele>2800.26</ele>
      </trkpt>
      <trkpt lat="42.69693" lon="-109.25935">
        <ele>2801.83</ele>
      </trkpt>
      <trkpt lat="42.69678" lon="-109.25959">
        <ele>2802.67</ele>
      </trkpt>
      <trkpt lat="42.69667" lon="-109.2597">
        <ele>2802.04</ele>
      </trkpt>
      <trkpt lat="42.69659" lon="-109.25981">
        <ele>2801.17</ele>
      </trkpt>
      <trkpt lat="42.69657" lon="-109.25991">
        <ele>2800.98</ele>
      </trkpt>
      <trkpt lat="42.69647" lon="-109.26003">
        <ele>2801.08</ele>
      </trkpt>
      <trkpt lat="42.69623" lon="-109.26022">
        <ele>2798.77</ele>
      </trkpt>
      <trkpt lat="42.69618" lon="-109.26027">
        <ele>2798.66</ele>
      </trkpt>
      <trkpt lat="42.69606" lon="-109.26034">
        <ele>2798.12</ele>
      </trkpt>
      <trkpt lat="42.69596" lon="-109.26049">
        <ele>2798.66</ele>
      </trkpt>
      <trkpt lat="42.69596" lon="-109.26049">
        <ele>2798.66</ele>
      </trkpt>
      <trkpt lat="42.69587" lon="-109.26065">
        <ele>2799.4</ele>
      </trkpt>
      <trkpt lat="42.69569" lon="-109.26104">
        <ele>2799.14</ele>
      </trkpt>
      <trkpt lat="42.69538" lon="-109.2613">
        <ele>2795.21</ele>
      </trkpt>
      <trkpt lat="42.69503" lon="-109.26196">
        <ele>2794.44</ele>
      </trkpt>
      <trkpt lat="42.69479" lon="-109.2626">
        <ele>2794.73</ele>
      </trkpt>
      <trkpt lat="42.6947" lon="-109.2629">
        <ele>2794.84</ele>
      </trkpt>
      <trkpt lat="42.69472" lon="-109.26311">
        <ele>2795.98</ele>
      </trkpt>
      <trkpt lat="42.69474" lon="-109.26322">
        <ele>2796.0</ele>
      </trkpt>
      <trkpt lat="42.69475" lon="-109.26328">
        <ele>2796.0</ele>
      </trkpt>
      <trkpt lat="42.69479" lon="-109.26333">
        <ele>2796.0</ele>
      </trkpt>
      <trkpt lat="42.69481" lon="-109.26338">
        <ele>2796.0</ele>
      </trkpt>
      <trkpt lat="42.69482" lon="-109.26345">
        <ele>2796.04</ele>
      </trkpt>
      <trkpt lat="42.69483" lon="-109.26352">
        <ele>2796.0</ele>
      </trkpt>
      <trkpt lat="42.69484" lon="-109.26358">
        <ele>2796.0</ele>
      </trkpt>
      <trkpt lat="42.69487" lon="-109.26363">
        <ele>2796.0</ele>
      </trkpt>
      <trkpt lat="42.6949" lon="-109.26369">
        <ele>2796.0</ele>
      </trkpt>
      <trkpt lat="42.69492" lon="-109.26375">
        <ele>2796.07</ele>
      </trkpt>
      <trkpt lat="42.69493" lon="-109.26378">
        <ele>2796.04</ele>
      </trkpt>
      <trkpt lat="42.695" lon="-109.26381">
        <ele>2796.0</ele>
      </trkpt>
      <trkpt lat="42.69504" lon="-109.26386">
        <ele>2796.43</ele>
      </trkpt>
      <trkpt lat="42.69506" lon="-109.26391">
        <ele>2796.5</ele>
      </trkpt>
      <trkpt lat="42.6951" lon="-109.26395">
        <ele>2796.39</ele>
      </trkpt>
      <trkpt lat="42.69513" lon="-109.264">
        <ele>2796.32</ele>
      </trkpt>
      <trkpt lat="42.69515" lon="-109.26405">
        <ele>2796.16</ele>
      </trkpt>
      <trkpt lat="42.69515" lon="-109.26409">
        <ele>2796.0</ele>
      </trkpt>
      <trkpt lat="42.69516" lon="-109.26418">
        <ele>2795.96</ele>
      </trkpt>
      <trkpt lat="42.69517" lon="-109.26425">
        <ele>2795.85</ele>
      </trkpt>
      <trkpt lat="42.69517" lon="-109.26429">
        <ele>2795.56</ele>
      </trkpt>
      <trkpt lat="42.69512" lon="-109.26432">
        <ele>2795.1</ele>
      </trkpt>
      <trkpt lat="42.69508" lon="-109.26433">
        <ele>2794.9</ele>
      </trkpt>
      <trkpt lat="42.69504" lon="-109.26429">
        <ele>2794.81</ele>
      </trkpt>
      <trkpt lat="42.69501" lon="-109.26425">
        <ele>2795.01</ele>
      </trkpt>
      <trkpt lat="42.69496" lon="-109.26422">
        <ele>2794.57</ele>
      </trkpt>
      <trkpt lat="42.69492" lon="-109.26424">
        <ele>2794.14</ele>
      </trkpt>
      <trkpt lat="42.69491" lon="-109.26424">
        <ele>2794.03</ele>
      </trkpt>
      <trkpt lat="42.69486" lon="-109.2643">
        <ele>2793.26</ele>
      </trkpt>
      <trkpt lat="42.69482" lon="-109.26433">
        <ele>2792.33</ele>
      </trkpt>
      <trkpt lat="42.69478" lon="-109.26437">
        <ele>2791.43</ele>
      </trkpt>
      <trkpt lat="42.69478" lon="-109.26443">
        <ele>2790.78</ele>
      </trkpt>
      <trkpt lat="42.69478" lon="-109.2645">
        <ele>2789.8</ele>
      </trkpt>
      <trkpt lat="42.6948" lon="-109.26455">
        <ele>2789.4</ele>
      </trkpt>
      <trkpt lat="42.69484" lon="-109.26459">
        <ele>2789.13</ele>
      </trkpt>
      <trkpt lat="42.69486" lon="-109.26464">
        <ele>2788.26</ele>
      </trkpt>
      <trkpt lat="42.69486" lon="-109.26471">
        <ele>2786.75</ele>
      </trkpt>
      <trkpt lat="42.69486" lon="-109.26477">
        <ele>2785.46</ele>
      </trkpt>
      <trkpt lat="42.69486" lon="-109.26479">
        <ele>2785.02</ele>
      </trkpt>
      <trkpt lat="42.69486" lon="-109.26488">
        <ele>2783.08</ele>
      </trkpt>
      <trkpt lat="42.69489" lon="-109.26494">
        <ele>2782.17</ele>
      </trkpt>
      <trkpt lat="42.69492" lon="-109.26499">
        <ele>2781.35</ele>
      </trkpt>
      <trkpt lat="42.69494" lon="-109.26505">
        <ele>2780.81</ele>
      </trkpt>
      <trkpt lat="42.69497" lon="-109.2651">
        <ele>2780.54</ele>
      </trkpt>
      <trkpt lat="42.69501" lon="-109.26513">
        <ele>2780.24</ele>
      </trkpt>
      <trkpt lat="42.69504" lon="-109.26513">
        <ele>2780.37</ele>
      </trkpt>
      <trkpt lat="42.69516" lon="-109.26518">
        <ele>2780.02</ele>
      </trkpt>
      <trkpt lat="42.6952" lon="-109.26521">
        <ele>2779.73</ele>
      </trkpt>
      <trkpt lat="42.69523" lon="-109.26526">
        <ele>2779.19</ele>
      </trkpt>
      <trkpt lat="42.69526" lon="-109.2653">
        <ele>2778.76</ele>
      </trkpt>
      <trkpt lat="42.6953" lon="-109.26533">
        <ele>2778.44</ele>
      </trkpt>
      <trkpt lat="42.69534" lon="-109.26537">
        <ele>2778.0</ele>
      </trkpt>
      <trkpt lat="42.69538" lon="-109.2654">
        <ele>2777.75</ele>
      </trkpt>
      <trkpt lat="42.69543" lon="-109.26544">
        <ele>2777.41</ele>
      </trkpt>
      <trkpt lat="42.69543" lon="-109.26544">
        <ele>2777.41</ele>
      </trkpt>
      <trkpt lat="42.69557" lon="-109.26548">
        <ele>2777.82</ele>
      </trkpt>
      <trkpt lat="42.69562" lon="-109.2655">
        <ele>2777.6</ele>
      </trkpt>
      <trkpt lat="42.69563" lon="-109.26551">
        <ele>2777.49</ele>
      </trkpt>
      <trkpt lat="42.69574" lon="-109.26562">
        <ele>2777.3</ele>
      </trkpt>
      <trkpt lat="42.69585" lon="-109.26572">
        <ele>2777.0</ele>
      </trkpt>
      <trkpt lat="42.69592" lon="-109.26585">
        <ele>2777.0</ele>
      </trkpt>
      <trkpt lat="42.69592" lon="-109.26591">
        <ele>2777.0</ele>
      </trkpt>
      <trkpt lat="42.69592" lon="-109.26602">
        <ele>2777.0</ele>
      </trkpt>
      <trkpt lat="42.69592" lon="-109.26605">
        <ele>2777.0</ele>
      </trkpt>
      <trkpt lat="42.69595" lon="-109.26621">
        <ele>2777.0</ele>
      </trkpt>
      <trkpt lat="42.69594" lon="-109.26627">
        <ele>2777.0</ele>
      </trkpt>
      <trkpt lat="42.69591" lon="-109.26633">
        <ele>2777.0</ele>
      </trkpt>
      <trkpt lat="42.69588" lon="-109.26637">
        <ele>2777.0</ele>
      </trkpt>
      <trkpt lat="42.69584" lon="-109.26642">
        <ele>2777.0</ele>
      </trkpt>
      <trkpt lat="42.69584" lon="-109.26642">
        <ele>2777.0</ele>
      </trkpt>
      <trkpt lat="42.69578" lon="-109.26647">
        <ele>2777.0</ele>
      </trkpt>
      <trkpt lat="42.69576" lon="-109.26649">
        <ele>2777.0</ele>
      </trkpt>
      <trkpt lat="42.69573" lon="-109.26652">
        <ele>2777.0</ele>
      </trkpt>
      <trkpt lat="42.69559" lon="-109.26667">
        <ele>2777.0</ele>
      </trkpt>
      <trkpt lat="42.69558" lon="-109.26669">
        <ele>2777.0</ele>
      </trkpt>
      <trkpt lat="42.6955" lon="-109.26683">
        <ele>2777.0</ele>
      </trkpt>
      <trkpt lat="42.6953" lon="-109.26698">
        <ele>2777.0</ele>
      </trkpt>
      <trkpt lat="42.69523" lon="-109.26711">
        <ele>2777.0</ele>
      </trkpt>
      <trkpt lat="42.69506" lon="-109.26724">
        <ele>2777.0</ele>
      </trkpt>
      <trkpt lat="42.69487" lon="-109.26744">
        <ele>2777.0</ele>
      </trkpt>
      <trkpt lat="42.69456" lon="-109.26768">
        <ele>2777.0</ele>
      </trkpt>
      <trkpt lat="42.69447" lon="-109.26778">
        <ele>2778.0</ele>
      </trkpt>
      <trkpt lat="42.6943" lon="-109.26791">
        <ele>2778.0</ele>
      </trkpt>
      <trkpt lat="42.69428" lon="-109.26793">
        <ele>2778.0</ele>
      </trkpt>
      <trkpt lat="42.69398" lon="-109.26808">
        <ele>2778.0</ele>
      </trkpt>
      <trkpt lat="42.69379" lon="-109.26818">
        <ele>2777.96</ele>
      </trkpt>
      <trkpt lat="42.69364" lon="-109.26819">
        <ele>2777.14</ele>
      </trkpt>
      <trkpt lat="42.69331" lon="-109.26831">
        <ele>2777.0</ele>
      </trkpt>
      <trkpt lat="42.69269" lon="-109.2686">
        <ele>2777.0</ele>
      </trkpt>
      <trkpt lat="42.69222" lon="-109.2689">
        <ele>2777.0</ele>
      </trkpt>
      <trkpt lat="42.69208" lon="-109.269">
        <ele>2777.0</ele>
      </trkpt>
      <trkpt lat="42.69203" lon="-109.26901">
        <ele>2777.0</ele>
      </trkpt>
      <trkpt lat="42.692" lon="-109.26903">
        <ele>2777.0</ele>
      </trkpt>
      <trkpt lat="42.69195" lon="-109.26908">
        <ele>2777.0</ele>
      </trkpt>
      <trkpt lat="42.69194" lon="-109.26908">
        <ele>2776.95</ele>
      </trkpt>
      <trkpt lat="42.6919" lon="-109.2691">
        <ele>2776.52</ele>
      </trkpt>
      <trkpt lat="42.69186" lon="-109.26914">
        <ele>2776.09</ele>
      </trkpt>
      <trkpt lat="42.69183" lon="-109.26918">
        <ele>2776.14</ele>
      </trkpt>
      <trkpt lat="42.69179" lon="-109.26922">
        <ele>2776.58</ele>
      </trkpt>
      <trkpt lat="42.69175" lon="-109.26926">
        <ele>2777.0</ele>
      </trkpt>
      <trkpt lat="42.6917" lon="-109.2693">
        <ele>2777.0</ele>
      </trkpt>
      <trkpt lat="42.69166" lon="-109.26931">
        <ele>2777.0</ele>
      </trkpt>
      <trkpt lat="42.69161" lon="-109.26932">
        <ele>2777.0</ele>
      </trkpt>
      <trkpt lat="42.69157" lon="-109.26934">
        <ele>2777.0</ele>
      </trkpt>
      <trkpt lat="42.69152" lon="-109.26937">
        <ele>2777.0</ele>
      </trkpt>
      <trkpt lat="42.69148" lon="-109.2694">
        <ele>2777.0</ele>
      </trkpt>
      <trkpt lat="42.69142" lon="-109.26944">
        <ele>2777.0</ele>
      </trkpt>
      <trkpt lat="42.69138" lon="-109.26946">
        <ele>2777.02</ele>
      </trkpt>
      <trkpt lat="42.69134" lon="-109.26948">
        <ele>2777.2</ele>
      </trkpt>
      <trkpt lat="42.69129" lon="-109.2695">
        <ele>2777.6</ele>
      </trkpt>
      <trkpt lat="42.69124" lon="-109.26953">
        <ele>2777.92</ele>
      </trkpt>
      <trkpt lat="42.69112" lon="-109.2696">
        <ele>2777.71</ele>
      </trkpt>
      <trkpt lat="42.69111" lon="-109.2696">
        <ele>2777.68</ele>
      </trkpt>
      <trkpt lat="42.69107" lon="-109.26962">
        <ele>2777.9</ele>
      </trkpt>
      <trkpt lat="42.69102" lon="-109.26964">
        <ele>2778.11</ele>
      </trkpt>
      <trkpt lat="42.69097" lon="-109.26965">
        <ele>2777.7</ele>
      </trkpt>
      <trkpt lat="42.69093" lon="-109.26966">
        <ele>2777.37</ele>
      </trkpt>
      <trkpt lat="42.69075" lon="-109.26969">
        <ele>2776.69</ele>
      </trkpt>
      <trkpt lat="42.69074" lon="-109.2697">
        <ele>2776.75</ele>
      </trkpt>
      <trkpt lat="42.69069" lon="-109.26971">
        <ele>2776.32</ele>
      </trkpt>
      <trkpt lat="42.69064" lon="-109.26973">
        <ele>2776.0</ele>
      </trkpt>
      <trkpt lat="42.6906" lon="-109.26976">
        <ele>2776.1</ele>
      </trkpt>
      <trkpt lat="42.69055" lon="-109.26977">
        <ele>2776.0</ele>
      </trkpt>
      <trkpt lat="42.69043" lon="-109.26978">
        <ele>2775.52</ele>
      </trkpt>
      <trkpt lat="42.6904" lon="-109.26978">
        <ele>2775.19</ele>
      </trkpt>
      <trkpt lat="42.69035" lon="-109.26978">
        <ele>2774.51</ele>
      </trkpt>
      <trkpt lat="42.6903" lon="-109.26979">
        <ele>2773.88</ele>
      </trkpt>
      <trkpt lat="42.69025" lon="-109.2698">
        <ele>2773.33</ele>
      </trkpt>
      <trkpt lat="42.69012" lon="-109.26981">
        <ele>2772.18</ele>
      </trkpt>
      <trkpt lat="42.69008" lon="-109.26982">
        <ele>2771.85</ele>
      </trkpt>
      <trkpt lat="42.69003" lon="-109.26983">
        <ele>2771.09</ele>
      </trkpt>
      <trkpt lat="42.68999" lon="-109.26985">
        <ele>2770.99</ele>
      </trkpt>
      <trkpt lat="42.68983" lon="-109.26995">
        <ele>2771.16</ele>
      </trkpt>
      <trkpt lat="42.68982" lon="-109.26996">
        <ele>2771.22</ele>
      </trkpt>
      <trkpt lat="42.68977" lon="-109.26998">
        <ele>2771.08</ele>
      </trkpt>
      <trkpt lat="42.68973" lon="-109.27001">
        <ele>2771.41</ele>
      </trkpt>
      <trkpt lat="42.68963" lon="-109.27008">
        <ele>2771.74</ele>
      </trkpt>
      <trkpt lat="42.68963" lon="-109.27008">
        <ele>2771.74</ele>
      </trkpt>
      <trkpt lat="42.68958" lon="-109.2701">
        <ele>2771.13</ele>
      </trkpt>
      <trkpt lat="42.68954" lon="-109.27013">
        <ele>2771.26</ele>
      </trkpt>
      <trkpt lat="42.68949" lon="-109.27014">
        <ele>2771.28</ele>
      </trkpt>
      <trkpt lat="42.68944" lon="-109.27015">
        <ele>2771.24</ele>
      </trkpt>
      <trkpt lat="42.68939" lon="-109.27016">
        <ele>2771.46</ele>
      </trkpt>
      <trkpt lat="42.68935" lon="-109.27018">
        <ele>2771.93</ele>
      </trkpt>
      <trkpt lat="42.68926" lon="-109.27024">
        <ele>2776.34</ele>
      </trkpt>
      <trkpt lat="42.68923" lon="-109.27027">
        <ele>2778.01</ele>
      </trkpt>
      <trkpt lat="42.68919" lon="-109.2703">
        <ele>2779.23</ele>
      </trkpt>
      <trkpt lat="42.68915" lon="-109.27034">
        <ele>2780.4</ele>
      </trkpt>
      <trkpt lat="42.68911" lon="-109.27037">
        <ele>2780.99</ele>
      </trkpt>
      <trkpt lat="42.68907" lon="-109.27041">
        <ele>2780.96</ele>
      </trkpt>
      <trkpt lat="42.68902" lon="-109.27043">
        <ele>2780.42</ele>
      </trkpt>
      <trkpt lat="42.68889" lon="-109.27051">
        <ele>2778.02</ele>
      </trkpt>
      <trkpt lat="42.68886" lon="-109.27051">
        <ele>2777.38</ele>
      </trkpt>
      <trkpt lat="42.68882" lon="-109.27052">
        <ele>2776.51</ele>
      </trkpt>
      <trkpt lat="42.68877" lon="-109.27053">
        <ele>2775.72</ele>
      </trkpt>
      <trkpt lat="42.68872" lon="-109.27052">
        <ele>2775.18</ele>
      </trkpt>
      <trkpt lat="42.68867" lon="-109.27052">
        <ele>2774.5</ele>
      </trkpt>
      <trkpt lat="42.68862" lon="-109.27051">
        <ele>2773.65</ele>
      </trkpt>
      <trkpt lat="42.68857" lon="-109.27052">
        <ele>2773.34</ele>
      </trkpt>
      <trkpt lat="42.68852" lon="-109.27054">
        <ele>2773.01</ele>
      </trkpt>
      <trkpt lat="42.68852" lon="-109.27054">
        <ele>2773.01</ele>
      </trkpt>
      <trkpt lat="42.68844" lon="-109.27064">
        <ele>2772.15</ele>
      </trkpt>
      <trkpt lat="42.68838" lon="-109.27073">
        <ele>2771.06</ele>
      </trkpt>
      <trkpt lat="42.68835" lon="-109.27076">
        <ele>2770.83</ele>
      </trkpt>
    </trkseg>
  </trk>
</gpx>
